Open,High,Low,Close,Volume,MA20,MA50,Return,Volatility,RSI,MACD,MACD_Signal,MACD_Histogram,Volume_Change
1446.4749755859375,1461.5250244140625,1437.5250244140625,1443.449951171875,3668668,1499.853759765625,1476.5520092773438,3.458968890668324e-05,0.0175965446515058,33.87631259109675,-0.1501700684461866,9.84343290741024,-9.993602975856428,-0.9583423804066612
1447.5,1451.2750244140625,1427.800048828125,1434.8499755859375,2348906,1498.8012573242188,1478.7930078125,-0.0059579312597264,0.0171554113173279,31.626635970170327,-4.999517547133792,6.874842816501435,-11.874360363635226,-0.3597387389646597
1434.4000244140625,1436.0,1402.5,1412.8499755859375,7197482,1496.2975036621094,1480.7380078125,-0.0153326134260245,0.0174110006778121,25.461141117661768,-10.49687505838915,3.400499241523318,-13.89737429991247,2.0641847736776184
1414.5,1424.0,1410.0,1415.5,3489940,1493.7462524414063,1482.6615087890625,0.0018756587464026,0.017404318789607,28.685224048782487,-14.472901074821948,-0.1741808217457352,-14.298720253076212,-0.5151165365887681
1410.0,1436.5999755859375,1409.5,1432.425048828125,4024984,1492.2775024414063,1484.7390087890626,0.011956940182356,0.0176600073682951,32.034412955465584,-16.072941482320857,-3.35393295386076,-12.719008528460098,0.1533103720980877
1436.25,1442.1500244140625,1425.0,1428.375,3907678,1490.0775024414063,1486.4145092773438,-0.0028274071522543,0.0175601941406702,31.982616083970957,-17.466447788077176,-6.176435920704043,-11.290011867373131,-0.0291444636798555
1429.9749755859375,1437.9749755859375,1411.2750244140625,1415.675048828125,2326094,1484.803753662109,1487.5840112304688,-0.0088911883587118,0.0156227484870717,30.06474407809857,-19.372279912701742,-8.815604719103584,-10.556675193598158,-0.4047375449051841
1401.0,1417.050048828125,1399.0250244140625,1409.074951171875,3654122,1479.0025024414062,1488.6755102539062,-0.0046621558116133,0.0155586197708533,18.904006206427027,-21.171190023801277,-11.286721780043123,-9.88446824375815,0.570926196447779
1409.5,1413.699951171875,1390.7750244140625,1408.5,2964210,1472.5325012207031,1488.7795092773438,-0.0004080344848915,0.0153172730552894,21.82429793568018,-22.3851904604669,-13.50641551612788,-8.878774944339023,-0.1888037673618997
1412.5,1431.5,1411.5250244140625,1423.8499755859375,2494574,1467.9325012207032,1489.3515087890626,0.0108981012324724,0.0154829116148097,28.398018942105693,-21.856729041193372,-15.17647822114098,-6.680250820052397,-0.1584354684722068
1417.949951171875,1437.5,1412.5,1424.574951171875,6865654,1463.102496337891,1490.0795068359375,0.0005091657115343,0.0154307937566618,30.35531158001838,-21.135779973183844,-16.36833857154955,-4.767441401634294,1.752235050954592
1420.0,1457.0,1420.0,1454.824951171875,1662988,1459.9674926757812,1491.7150048828123,0.0212344039708938,0.0163685231827727,35.33636033083718,-17.91696483473561,-16.678063824186765,-1.2389010105488438,-0.7577815602126178
1446.050048828125,1464.949951171875,1446.050048828125,1455.625,1937290,1456.8062438964844,1492.31900390625,0.0005499278985285,0.0163657198331712,32.72861778905143,-15.127097627899277,-16.367870584929268,1.2407729570299928,0.1649452671937501
1464.7249755859375,1467.0,1446.0,1455.449951171875,2841820,1451.9324890136718,1492.5385034179687,-0.0001202568162301,0.0153386382768896,54.96085610989438,-12.782879664354368,-15.65087240081429,2.8679927364599216,0.4669048000041293
1463.2750244140625,1481.875,1460.175048828125,1478.9749755859375,1809424,1449.8112365722657,1492.9360034179688,0.0161634032108908,0.0153563653379148,62.25633345602821,-8.92392769220055,-14.305483459091542,5.381555766890992,-0.3632869076859195
1477.0,1480.0,1463.2750244140625,1475.1500244140625,1129018,1447.8824890136718,1492.8460034179689,-0.0025862176406058,0.0153346251004829,64.37745512189599,-6.103959400751592,-12.665178647423554,6.561219246671962,-0.3760345833812307
1469.8499755859375,1481.75,1457.5,1461.949951171875,1235866,1445.8812377929687,1490.921003417969,-0.0089482920541797,0.0153637014889151,68.69048094786254,-4.878019039012997,-11.107746725741444,6.229727686728445,0.0946379951426814
1462.8499755859375,1478.625,1462.8499755859375,1468.800048828125,1184532,1443.4687377929688,1489.277004394531,0.0046855897158168,0.0152028217254831,69.66061734754527,-3.315487956365814,-9.549294971866315,6.233807015500503,-0.0415368656472465
1475.300048828125,1512.5,1472.800048828125,1507.074951171875,3124416,1442.5187377929688,1487.6725024414063,0.0260586200104551,0.0163437825271604,73.78898427325052,0.9997692093847944,-7.439482135616095,8.43925134500089,1.6376796912198237
1505.0,1575.0,1503.9749755859375,1569.625,6114360,1448.8299865722656,1487.854501953125,0.0415042720864593,0.013573110146129,82.7878142855038,9.359022801781748,-4.079781148136527,13.438803949918274,0.9569609168561422
1575.0,1620.4000244140625,1566.050048828125,1576.6500244140625,8179118,1455.489990234375,1487.3990014648436,0.0044756068577287,0.0135361602073202,88.3775913540143,16.36204083681241,0.0085832488532608,16.353457587959152,0.3376899626453136
1558.0,1599.9749755859375,1555.375,1593.824951171875,6270274,1463.438739013672,1487.7469995117187,0.0108933032010039,0.0133738424171259,91.93144781010452,23.032353502068418,4.613337299496292,18.419016202572124,-0.2333801761999276
1593.824951171875,1597.4749755859375,1573.5999755859375,1583.300048828125,3301724,1471.9612426757812,1488.2894995117188,-0.0066035497411502,0.0127931219622221,87.95875110274159,27.156311631162907,9.121932165829616,18.03437946533329,-0.473432261492879
1583.0,1596.7249755859375,1572.925048828125,1579.550048828125,2433066,1480.1637451171875,1488.4944995117187,-0.0023684708421347,0.0128962162888242,85.60486070363632,29.778714021409087,13.253288536945512,16.525425484463575,-0.2630922511996763
1589.949951171875,1608.5999755859375,1582.875,1595.574951171875,4820952,1488.321240234375,1488.8694995117187,0.0101452324069371,0.0128553321712425,86.54627819827417,32.77228401245452,17.157087632047315,15.615196380407204,0.9814308366480812
1625.0,1711.175048828125,1620.0,1701.2249755859375,18465662,1501.9637390136718,1491.8619995117188,0.0662143914558619,0.018525291301864,89.82544752870241,43.17212245998007,22.360094597633868,20.81202786234621,2.830293684732808
1712.0,1778.949951171875,1694.7750244140625,1704.324951171875,15185910,1516.3962341308593,1495.9759985351564,0.0018222020193829,0.0181333873881903,89.90053410919391,51.07544553586604,28.103164785280303,22.97228075058573,-0.1776135618641779
1705.0,1721.574951171875,1671.25,1692.824951171875,8314336,1530.5837341308593,1500.2819970703124,-0.0067475395417362,0.0182247089098213,86.74821699214985,55.76807249804574,33.636146327833394,22.131926170212346,-0.4524966893653392
1692.5,1741.5,1682.5250244140625,1735.125,8196574,1546.9149841308597,1505.2424975585936,0.024987845789278,0.0183916333402036,87.47624226902627,62.183461363557626,39.34560933497824,22.837852028579384,-0.0141637287692005
1733.5,1780.0,1733.5,1769.625,12135034,1564.2037353515625,1510.917998046875,0.0198832937108277,0.0185076876301164,89.53481016288609,69.25325649906085,45.32713876779477,23.92611773126609,0.4805007555595788
1762.5,1772.0,1710.0,1725.9749755859375,4501330,1579.2737365722655,1515.7644970703125,-0.0246662566442396,0.0200563715694829,82.7676207773052,70.52100565197634,50.36591214463108,20.155093507345256,-0.6290632560238397
1725.9749755859375,1774.5,1718.800048828125,1766.050048828125,3458558,1594.834991455078,1521.9674975585938,0.0232188031744682,0.0201205707276684,84.080497574548,73.90747016828732,55.07422374936233,18.833246418924983,-0.2316586431121469
1765.25,1766.0999755859375,1735.6500244140625,1749.875,3158046,1609.5474914550782,1527.7064965820311,-0.0091588847319803,0.0204727799962511,79.3236773947011,74.42811545069412,58.94500208962869,15.483113361065437,-0.0868893914747128
1754.9000244140625,1763.0,1735.199951171875,1740.925048828125,3761550,1623.821246337891,1533.1944970703123,-0.0051146231427244,0.0206254538352729,73.76527403505492,73.27388855054187,61.81077938181133,11.46310916873054,0.1911004462886227
1746.0,1748.5,1735.0,1740.375,2347244,1636.8912475585937,1538.76599609375,-0.0003159520442854,0.0206614702040374,73.12990174014685,71.49067111768863,63.74675772898679,7.743913388701841,-0.3759902167989259
1745.0,1745.0,1705.449951171875,1710.4749755859375,3484426,1648.6574951171874,1543.5279956054687,-0.0171802194435466,0.0213160753911293,65.9075435219838,66.8936678068651,64.37613974456247,2.517528062302631,0.484475410310986
1717.3499755859375,1743.25,1698.3499755859375,1720.5999755859375,2992820,1661.5899963378906,1547.5169946289063,0.0059194084359706,0.0209634828562233,68.74401105748352,63.33739834332073,64.16839146431413,-0.8309931209933978,-0.1410866524357239
1720.0999755859375,1747.375,1720.0999755859375,1744.6500244140625,2615050,1675.3824951171875,1551.9079956054688,0.0139777107807612,0.0209801960039483,71.35556882593075,61.74787603944492,63.68428837934029,-1.9364123398953692,-0.1262254328693339
1751.4749755859375,1755.574951171875,1720.0999755859375,1725.625,3858678,1686.3099975585938,1555.6624951171875,-0.0109047798399865,0.0210122788137596,66.69233102573455,58.28117854281413,62.60366641203506,-4.322487869220929,0.4755656679604596
1727.0999755859375,1742.5,1721.25,1728.4749755859375,2627876,1694.2524963378903,1559.9149951171876,0.0016515613681638,0.0193953031182698,54.75152167379434,55.12828051051088,61.10858923173023,-5.980308721219352,-0.318969864808621
1728.5,1735.5,1705.4000244140625,1716.7750244140625,2433894,1701.258746337891,1563.8269946289065,-0.006768944495658,0.0195736585826036,52.107679698649605,51.09648930328035,59.10616924604025,-8.009679942759902,-0.0738170294184352
1725.0,1747.9000244140625,1716.8499755859375,1741.199951171875,1952890,1708.6274963378903,1568.3004931640626,0.0142272146381841,0.0196455360050331,57.84607525966286,49.30380955973965,57.145697308780136,-7.841887749040488,-0.1976273412071355
1739.9749755859375,1754.5,1737.625,1746.949951171875,1648450,1716.809991455078,1572.8624926757811,0.0033023203315221,0.019472026303735,52.17590338063551,47.79611107622759,55.27578006226963,-7.479668986042043,-0.1558920369298834
1756.4749755859375,1766.574951171875,1738.0,1745.9000244140625,2968048,1725.127490234375,1576.7219921875,-0.0006010056310474,0.0194403021404898,45.02151439407485,45.98642595802403,53.41790924142052,-7.431483283396489,0.8005083563347386
1740.4000244140625,1758.8499755859375,1729.0,1751.0250244140625,1874996,1732.8999938964844,1581.3144921875,0.0029354487246313,0.019410492812894,56.27035014471215,44.45335156674764,51.62499770648595,-7.171646139738307,-0.3682730198433448
1764.3499755859375,1796.0,1759.0250244140625,1778.375,3446178,1736.7574951171875,1586.6074926757813,0.0156194087489351,0.0133364704943033,53.29500270215939,44.92739844007588,50.285477853203936,-5.35807941312806,0.8379655209931114
1779.0,1787.4749755859375,1746.8499755859375,1754.449951171875,1857416,1739.2637451171877,1591.6569921875,-0.0134533204909679,0.0137950641660022,51.17442009130131,42.87825863727676,48.804034010018505,-5.925775372741747,-0.4610214562335434
1762.5,1772.5,1740.5,1747.550048828125,1507298,1742.0,1596.2669921875,-0.0039328008981625,0.0137202136277339,51.71877157490299,40.23374654057056,47.08997651612892,-6.856229975558357,-0.1884973533123436
1755.0,1807.5,1751.175048828125,1801.8499755859373,2962316,1745.336248779297,1601.7824926757812,0.0310720295502979,0.0143185743945725,62.47084746283156,42.03494920855405,46.07897105461395,-4.0440218460598985,0.9653154187161396
1812.5,1837.4000244140625,1786.2750244140625,1792.9000244140625,3769772,1746.5,1608.7724926757812,-0.0049670900980335,0.0137506771428212,68.274065790599,42.253160901000456,45.31380902389125,-3.0606481228907967,0.2725759169514663
1808.25,1808.25,1743.0,1751.0250244140625,3716798,1747.7525024414062,1614.923994140625,-0.0233560150760135,0.0136258030760948,55.91295097632658,38.60215113410277,43.97147744593356,-5.36932631183079,-0.0140523087337908
1764.949951171875,1772.0,1744.0,1761.75,3525312,1747.5375,1621.4619946289065,0.006124969909854,0.0126470744450285,53.50481751970918,36.15731645026494,42.40864524679984,-6.251328796534892,-0.05151907636627
1754.5250244140625,1766.5,1741.25,1757.050048828125,3779106,1747.8962524414062,1628.34599609375,-0.0026677741858237,0.0124831380318574,56.84270346247165,33.4548736107522,40.61789091959032,-7.163017308838114,0.0719919258210337
1734.0,1759.050048828125,1726.0999755859375,1741.050048828125,5049371,1747.9025024414063,1634.8569970703124,-0.0091061720243378,0.0126052091506554,52.589866598552206,29.67996969249293,38.43030667417084,-8.750336981677904,0.3361284388424139
1754.0,1757.5,1716.300048828125,1732.449951171875,1603856,1747.50625,1640.8574951171877,-0.0049396039258254,0.0126551306363725,53.27004224781822,25.69814293845775,35.88387392702822,-10.18573098857047,-0.6823651896444132
1745.0,1749.0,1712.5999755859375,1744.25,1681483,1749.195001220703,1647.1749951171876,0.0068111917577435,0.0120801251532218,50.67166955556798,23.22693620932409,33.352486383487395,-10.1255501741633,0.0484002304446284
1744.0,1751.9000244140625,1711.1500244140625,1721.5999755859375,2449568,1749.2450012207032,1653.2934936523438,-0.0129855378610076,0.0124138463852326,44.80426453273232,19.21927159695133,30.525843426180185,-11.306571829228854,0.456790226246712
1723.0,1734.9000244140625,1715.199951171875,1725.75,2236512,1748.3,1659.6269946289062,0.0024105625423525,0.0119957686615843,45.92187201216701,16.19139646533722,27.658954034011597,-11.467557568674373,-0.0869769690002482
1725.0,1749.0,1723.800048828125,1735.550048828125,2414762,1748.7962524414063,1666.1679956054688,0.0056787187183109,0.0118086836197153,46.926213708052494,14.416382562580113,25.0104397397253,-10.594057177145189,0.0796999971384011
1735.0,1757.300048828125,1735.0,1747.0999755859375,2582138,1749.7275024414062,1672.6329956054688,0.0066549084917553,0.0118903625359444,43.37182703755425,13.782774573150618,22.764906706410365,-8.982132133259746,0.0693136632098732
1747.0999755859375,1763.0,1743.0,1749.699951171875,2179378,1751.3737487792969,1679.1354956054688,0.0014881664600021,0.0117636010750304,48.89328908613301,13.33669486095846,20.879264337319984,-7.542569476361525,-0.1559792698918493
1757.0,1785.0,1753.0,1781.0,4608875,1753.363751220703,1685.6589965820312,0.0178888093396594,0.0120060305848876,56.99789773470189,15.332087074322544,19.7698288847205,-4.437741810397956,1.1147662314660425
1816.0,1831.6500244140625,1798.0,1824.0999755859373,5370983,1757.2212524414062,1693.02849609375,0.0241998739954729,0.0130616701592624,54.88366883906765,20.158878603622043,19.84763882850081,0.3112397751212334,0.1653566217352391
1830.0,1832.300048828125,1784.0,1787.550048828125,3819998,1759.303753662109,1699.670498046875,-0.0200372387736432,0.0139755394152603,48.952628215637134,20.795158395428643,20.037142741886377,0.758015653542266,-0.2887711616290723
1800.0,1847.0999755859373,1788.5999755859375,1840.050048828125,9183574,1763.7550048828125,1706.8919995117187,0.029369807035287,0.0153259036712263,66.73245301079214,25.244720529801725,21.07865829946945,4.166062230332276,1.4040782220304826
1867.949951171875,1867.949951171875,1822.1500244140625,1829.0,4674987,1766.2862548828125,1713.9689990234374,-0.0060052979728254,0.0151199990092429,62.62436180646583,27.56167020970497,22.375260681516554,5.186409528188417,-0.4909403463183288
1822.1500244140625,1839.0,1821.0,1824.5,3245034,1769.7887573242188,1721.22,-0.0024603608529251,0.0147424210798902,62.67140974048552,28.70387670866376,23.640983886946,5.06289282171776,-0.3058731500215936
1832.0,1836.300048828125,1818.5999755859373,1822.449951171875,3107695,1773.5337524414062,1728.292998046875,-0.0011236222680871,0.0146956066866178,66.13795386694446,29.108121475591133,24.734411404675026,4.373710070916108,-0.042322823119881
1832.0,1832.0,1817.5999755859373,1819.3499755859373,2910659,1774.4087524414062,1734.5384985351564,-0.0017009935356218,0.0130411117128409,67.61248451854975,28.84582947729018,25.55669501919806,3.2891344580921213,-0.0634026183393158
1827.0,1827.0,1799.550048828125,1809.800048828125,2949458,1775.2537536621094,1739.3419995117188,-0.0052490872487227,0.0130475572888411,63.407662491623135,27.54978512782964,25.955313040924377,1.5944720869052595,0.0133299709790806
1811.9000244140625,1822.3499755859373,1806.0,1819.25,2083217,1778.6650024414062,1744.1939990234375,0.005221544323636,0.0117966132872223,71.11352993746306,26.9742503591674,26.159100504572983,0.8151498545944165,-0.2936949771788579
1823.0,1861.0,1821.0,1852.0,4679712,1783.1775024414062,1749.3575,0.0180019238697264,0.012304346712643,74.2928749606566,28.828469553415744,26.692974314341534,2.13549523907421,1.246387198261151
1860.0,1885.1500244140625,1851.25,1858.0,4081208,1788.225,1754.8514990234376,0.0032397408207343,0.0122426818530627,73.91135414481593,30.43130830043765,27.44064111156076,2.990667188876891,-0.1278933404448821
1865.0,1871.0,1826.300048828125,1842.699951171875,4888125,1793.3074951171875,1760.1144970703126,-0.0082346872056646,0.0121992947289981,68.3987687716049,30.1197813917247,27.97646916759355,2.143312224131151,0.19771523529308
1844.9000244140625,1867.4000244140625,1842.300048828125,1847.75,3506276,1799.0724975585938,1765.157998046875,0.0027405703380594,0.0120592268323609,68.69400358972834,29.935315128831466,28.368238359841133,1.567076768990329,-0.2826951029280143
1852.0,1857.800048828125,1841.0999755859373,1851.3499755859373,2650290,1804.4274963378907,1768.160498046875,0.0019483023060138,0.0120336065869512,64.99680186610722,29.736824626254474,28.6419556131238,1.0948690131306726,-0.2441296691988879
1859.949951171875,1879.9000244140625,1857.050048828125,1874.050048828125,3242233,1812.05,1771.555,0.0122613625416789,0.0115782693327827,61.66240194902068,31.053262985421043,29.12421708758325,1.929045897837792,0.2233502748755795
1879.9000244140625,1879.9000244140625,1857.1500244140625,1866.1500244140625,2700614,1819.070001220703,1775.0215014648438,-0.0042154820886467,0.0117294332368029,71.18596330522757,31.100575843641536,29.519488838794903,1.58108700484663,-0.1670512267317
1873.0,1887.5,1862.0999755859373,1880.300048828125,2472571,1826.3075012207032,1777.925002441406,0.0075824688417027,0.011751619492278,63.67650694261249,31.91199868190324,29.99799080741657,1.914007874486668,-0.0844411678233172
1882.8499755859373,1921.0,1881.6500244140625,1912.949951171875,3713781,1834.6,1780.7915014648438,0.0173641979981327,0.0121136011877129,74.87405960648148,34.78860993950798,30.956114633834854,3.83249530567312,0.5019916516047467
1924.0,1924.4000244140625,1876.5,1883.0,6151747,1841.2650024414063,1783.932001953125,-0.0156564217236983,0.0129258404058291,65.0617957540641,34.25674390894028,31.616240488855944,2.640503420084336,0.656464664986977
1898.0,1898.9000244140625,1870.75,1875.0999755859373,5303302,1845.9700012207031,1786.1130004882812,-0.004195445785482,0.0125940820668668,63.15922111728694,32.819448132200705,31.856882017524896,0.9625661146758092,-0.1379193585171821
1900.0,1998.0,1894.1500244140625,1979.9000244140625,22903802,1853.7600036621093,1790.7135009765625,0.0558903792825109,0.0167542163713306,76.60315639239852,39.67946874774293,33.421399363568504,6.258069384174426,3.318781393177307
1984.0,1990.9000244140625,1960.5,1971.3499755859373,6921701,1862.95,1795.3219995117188,-0.0043184245278523,0.0159026173180256,76.85783228377927,43.91988591895574,35.52109667464595,8.39878924430979,-0.6977924887754443
1975.0,1997.9000244140625,1974.0,1981.0999755859373,4148185,1870.0024963378903,1800.1364990234374,0.0049458493523464,0.0148366280850162,76.8808974768094,47.51941634176933,37.92076060807063,9.5986557336987,-0.4006986144012866
1990.0,1996.0,1977.449951171875,1989.199951171875,2582159,1878.0124938964843,1805.710998535156,0.0040886253524596,0.014656044806697,74.81908076333644,50.44418134835905,40.42544475612832,10.018736592230738,-0.377520771132435
1989.0,2009.0,1981.0,2002.1500244140625,3315492,1886.894995117188,1811.3419995117188,0.0065101918158394,0.0145750963789958,75.43672359830339,53.19385571360112,42.97912694762287,10.21472876597825,0.28399993958544
2005.0,2011.699951171875,1993.050048828125,2000.25,2013869,1895.7849975585937,1816.4539990234373,-0.0009489920290156,0.0145714411342731,79.18131780674233,54.59039230617509,45.30138001933332,9.289012286841768,-0.3925881890229263
2002.0999755859373,2010.449951171875,1970.0,1981.4000244140625,1746318,1903.8875,1821.5694995117187,-0.0094238098167416,0.0148514102976738,73.55065496340896,53.558730418217465,46.95285009911015,6.605880319107314,-0.1328542223948032
1984.9000244140625,2000.0,1984.0,1996.5999755859373,1934995,1913.227496337891,1826.9319995117187,0.0076713187567309,0.014690761432991,74.58946198979288,53.35262412748057,48.23280490478424,5.119819222696329,0.1080427505185195
2001.0,2009.949951171875,1986.0,2005.6500244140625,2086201,1922.5474975585937,1832.7094995117188,0.0045327301105817,0.0146910805193519,73.358172057129,53.30507894436073,49.247259712699545,4.057819231661185,0.0781428375783916
2015.0,2015.0,1984.1500244140625,1999.0,2038423,1929.8974975585936,1837.8655004882808,-0.0033156454681096,0.014468927644033,73.68513832963278,52.12987687960504,49.82378314608064,2.306093733524392,-0.0229019159707046
2001.9000244140625,2002.0,1968.4000244140625,1981.5,1535492,1936.0724975585936,1842.556501464844,-0.0087543771885942,0.0147446899857843,67.82944569420482,49.21905045417429,49.702836607699375,-0.4837861535250809,-0.2467255324336509
1974.949951171875,1985.0,1955.0999755859373,1964.699951171875,3503036,1942.1724975585937,1846.9325,-0.0084784500772773,0.0147548443462694,59.65664532165125,45.0374127447792,48.76975183511534,-3.73233909033614,1.28137691371886
1960.8499755859373,1964.6500244140625,1940.300048828125,1943.75,2033977,1946.9724975585937,1850.7869995117187,-0.0106631809907559,0.0150829016343415,61.73005487149506,39.57673281920847,46.93114803193397,-7.354415212725499,-0.4193673716170772
1943.0,1954.699951171875,1931.550048828125,1944.5999755859373,1579251,1951.6349975585936,1854.111499023437,0.0004372864750803,0.015090337902986,63.79514878613039,34.91520975823278,44.527960377193736,-9.61275061896096,-0.2235649665655019
1942.0,1947.0,1928.0,1940.199951171875,2204803,1954.9424926757813,1857.8264990234372,-0.0022626887119735,0.0149479940342829,36.89767615376496,30.51412609898739,41.72519352155247,-11.21106742256508,0.3961067620030001
1949.949951171875,1981.550048828125,1949.800048828125,1976.5,2425180,1960.459991455078,1862.405498046875,0.0187094370382805,0.0153332491527199,51.43654697541645,29.61397469300232,39.30294975584245,-9.688975062840129,0.0999531477415442
1980.0,1985.0,1945.0,1948.4000244140625,1509287,1963.864990234375,1865.3364990234372,-0.0142170379893434,0.0157582181295879,41.72572494656342,26.32965317783373,36.7082904402407,-10.378637262406968,-0.3776598025713555
1956.5,1982.050048828125,1956.5,1979.449951171875,1505131,1967.189990234375,1869.0674975585937,0.0159361149500858,0.0156875149898168,47.789617356285824,25.9333310121242,34.553298554617406,-8.619967542493207,-0.0027536180991422
1997.0,1998.949951171875,1972.25,1975.550048828125,1532249,1971.8174926757813,1873.557998046875,-0.0019701949733264,0.0151749782414929,43.71158606654595,25.01618233621639,32.64587531093721,-7.629692974720818,0.0180170363908522
1978.199951171875,1979.1500244140625,1960.5,1967.3499755859373,1353521,1976.4299926757808,1877.6699975585936,-0.0041507798028462,0.0151739429184397,42.44719112081092,23.35839696299513,30.78837964134879,-7.42998267835366,-0.1166442268847948
1972.0,1978.300048828125,1962.0,1974.0,1315062,1976.134991455078,1882.0089965820312,0.0033801939139386,0.0085478377113501,48.20038295409004,22.32385598893802,29.09547491086664,-6.771618921928617,-0.0284140401220225
1980.0,1980.800048828125,1966.0,1974.3499755859373,2060297,1976.2849914550784,1886.674995117188,0.000177292596726,0.0084903892215714,44.16775884665793,21.2868335518574,27.533746639064795,-6.246913087207396,0.5666919126246519
1980.949951171875,1996.5,1972.050048828125,1993.0999755859373,2784105,1976.884991455078,1891.8879956054689,0.0094967965314434,0.0086855495854315,46.86953058487796,21.72749308346829,26.372495927945494,-4.6450028444772045,0.3513124564079839
1997.800048828125,2004.25,1990.0,2000.1500244140625,3559575,1977.4324951171875,1897.00599609375,0.0035372278934742,0.0086738840993054,50.28628940847704,22.387529453971865,25.57550263315077,-3.187973179178904,0.2785347535383902
1992.0,2024.5999755859373,1982.4000244140625,2003.550048828125,3311765,1977.5024963378903,1902.6449975585936,0.0016998846949285,0.0085588462748461,55.903627530957166,22.920750444473697,25.04455219541536,-2.12380175094166,-0.0696178616829256
2000.300048828125,2020.050048828125,1995.0,2008.5,2152065,1977.914996337891,1908.2999975585935,0.0024705902279658,0.0085715726732698,62.52146177361493,23.4721789442533,24.730077545182947,-1.2578986009296464,-0.3501758125953985
2013.8499755859373,2021.9000244140625,2004.0,2012.75,1213731,1979.4824951171877,1913.8439965820312,0.0021160069703758,0.0082698642901703,71.80784491046889,23.97575194044248,24.579212424234854,-0.6034604837923752,-0.4360156407915189
2024.0,2024.0,2003.699951171875,2009.949951171875,1587032,1980.1499938964844,1919.10099609375,-0.0013911557958639,0.0081215167336323,70.40273669174644,23.873695527345262,24.438109044856937,-0.5644135175116745,0.3075648558041279
2010.1500244140625,2024.0,2004.0,2017.6500244140625,1376866,1980.7499938964845,1924.4599975585936,0.0038309776010581,0.00810405795834,73.69227241869382,24.135922749767133,24.377671785838977,-0.2417490360718446,-0.1324270714138089
2022.800048828125,2038.0,2020.300048828125,2035.0999755859373,3046791,1982.5549926757808,1929.5419970703124,0.0086486511341046,0.0082608950685817,70.2627888934568,25.45833707449492,24.59380484357017,0.8645322309247518,1.212844968210414
2035.0999755859373,2046.0,2031.0,2043.0,1570533,1985.6299926757813,1933.9199975585936,0.0038818851696895,0.00795913235945,88.02249076377325,26.83449455197615,25.041942785251365,1.7925517667247846,-0.4845288042402645
2043.0,2059.0,2035.0,2050.89990234375,1532702,1989.939990234375,1939.1869946289064,0.0038668146567548,0.0076107692492289,85.28392650462948,28.2370660440688,25.680967437014854,2.5560986070539435,-0.0240880006978522
2055.0,2072.0,2052.0,2069.199951171875,1987983,1996.212487792969,1943.7699926757807,0.0089229361253622,0.007115662795648,90.48844951372467,30.4739898712387,26.639571923859624,3.8344179473790767,0.2970446962292734
2072.5,2076.60009765625,2045.5999755859373,2072.0,1525867,2002.582489013672,1948.6299926757813,0.0013532036024548,0.0071001748976002,97.460275983786,32.102649301934434,27.73218739947459,4.370461902459844,-0.2324547040895218
2068.0,2085.0,2065.5,2082.39990234375,2408020,2009.6924865722656,1953.7879907226563,0.0050192578879102,0.0069910779737034,97.5438168174342,33.84244420751429,28.95423876108253,4.888205446431758,0.5781323011769701
2082.300048828125,2092.0,2074.0,2078.39990234375,2504554,2014.7874816894528,1958.9069897460936,-0.0019208606356051,0.0061048980935212,94.2201041929302,34.500774185304635,30.06354584592696,4.437228339377679,0.040088537470619
2084.800048828125,2090.0,2048.39990234375,2052.89990234375,1439711,2020.0124755859372,1963.57798828125,-0.0122690536942599,0.0058330623282172,74.03533561969812,32.589200530464495,30.568676782834466,2.0205237476300297,-0.4251627235827216
2059.800048828125,2104.75,2056.949951171875,2098.89990234375,4420803,2025.9849731445315,1969.3599853515625,0.0224073272873572,0.0067216879796752,80.2264746521911,34.389657632450735,31.33287295275772,3.0567846796930134,2.0706183393750552
2100.0,2107.25,2075.050048828125,2079.25,1681106,2031.169970703125,1974.5599853515623,-0.0093620006946533,0.0071934359439499,71.07461384017475,33.8408536634804,31.83446909490226,2.0063845685781416,-0.6197283615668918
2075.0,2081.5,2060.300048828125,2075.300048828125,2238097,2036.5674743652344,1979.025986328125,-0.0018996999744499,0.007099480739116,68.70103684667382,32.710132469938344,32.00960176990948,0.7005307000288639,0.331324140179144
2079.300048828125,2084.0,2065.39990234375,2079.85009765625,1312182,2041.8599792480468,1983.46298828125,0.0021924775796609,0.007098444176328,68.75353110235898,31.81444161262698,31.970569738452983,-0.1561281258260045,-0.4137063764439164
2084.39990234375,2093.39990234375,2074.25,2080.75,1530539,2047.17998046875,1988.2239892578125,0.0004326765398929,0.0070940112637145,70.00004137982403,30.821918858820027,31.740839562526396,-0.918920703706366,0.1664075562688711
2089.0,2089.0,2042.199951171875,2046.25,3679745,2049.837481689453,1992.1939892578123,-0.0165805598942688,0.0080954757352888,57.01668796012284,26.940917625964858,30.78085517521409,-3.839937549249228,1.4042151163740355
2052.35009765625,2068.89990234375,2040.0,2043.949951171875,2307661,2052.027478027344,1996.0459887695315,-0.0011240311927306,0.0080962242071331,52.34560983137912,23.40974846150175,29.30663383247162,-5.896885370969869,-0.372874750831919
2044.0,2071.550048828125,2018.1500244140625,2065.39990234375,3642038,2055.119970703125,1999.872985839844,0.0104943622320972,0.008364069127378,55.5390541046353,22.08749238953351,27.862805543884,-5.7753131543504885,0.5782378780938795
2070.0,2077.800048828125,2054.550048828125,2074.14990234375,1033857,2058.4024658203125,2004.0329833984372,0.0042364677126549,0.0083835466767264,55.7251963467245,21.49783316061803,26.589811067230805,-5.091977906612776,-0.716132286373728
2073.0,2078.800048828125,2057.60009765625,2070.75,1456507,2061.3024658203126,2007.841982421875,-0.0016391787015529,0.0084143846506796,50.41191911878245,20.51964260158843,25.37577737410233,-4.856134772513904,0.4088089552036693
2071.89990234375,2089.0,2066.85009765625,2077.89990234375,1301268,2064.6999633789064,2011.1409814453125,0.0034528080858384,0.008397846548067,51.53244605429701,20.089774486162923,24.318576796514453,-4.228802310351529,-0.1065830785571233
2077.0,2121.0,2050.14990234375,2103.14990234375,4508530,2068.974957275391,2015.5439794921876,0.0121516921828233,0.0087094443843688,55.00362649887437,21.538284942896556,23.762518425790876,-2.22423348289432,2.4647205648644244
2115.0,2210.5,2098.14990234375,2198.449951171875,3032226,2077.1424560546875,2022.0109790039064,0.0453130082272892,0.0129726985666812,70.09880901093709,30.029990364599144,25.01601281355253,5.013977551046615,-0.3274468618374503
2204.89990234375,2211.89990234375,2153.800048828125,2183.199951171875,2868778,2084.152453613281,2026.0769775390625,-0.0069367055601474,0.0131991120935223,72.59018780395925,35.1242895939713,27.037668169636284,8.086621424335014,-0.0539036338320428
2187.0,2199.0,2135.10009765625,2142.14990234375,1970951,2088.714953613281,2029.4929760742189,-0.0188026977584396,0.0141000423158201,57.62921938656859,35.44062509970945,28.71825955565092,6.72236554405853,-0.3129649627820626
2141.89990234375,2209.699951171875,2135.800048828125,2188.85009765625,3311802,2094.6974609375,2033.647978515625,0.021800619677178,0.0147009686946108,67.64896902677134,39.00995624623101,30.77659889376694,8.233357352464072,0.6803066134064215
2178.0,2190.0,2158.85009765625,2183.699951171875,2904371,2100.2824584960936,2037.537978515625,-0.0023529004977954,0.0147449956209393,67.38848803656859,40.951044960607305,32.81148810713501,8.139556853472293,-0.1230239609735123
2190.89990234375,2275.949951171875,2190.35009765625,2255.550048828125,3772208,2108.9399658203124,2042.6059790039064,0.0329029167297878,0.0162174954728642,73.17939815187599,47.73679410871546,35.7965493074511,11.940244801264356,0.298803768526817
2250.300048828125,2255.0,2155.60009765625,2162.85009765625,3902322,2113.162475585937,2045.8579809570315,-0.0410986008579314,0.0190967065922364,58.71920630492253,45.11438728957728,37.66011690387634,7.454270385700937,0.0344927957313063
2156.60009765625,2156.64990234375,2056.35009765625,2064.800048828125,4762419,2113.7574829101563,2047.5259814453125,-0.0453337237445978,0.0216699958281961,51.735757178122704,34.72401466391102,37.07289645588328,-2.3488817919722607,0.2204064656888897
2050.0,2120.0,2020.9000244140625,2102.64990234375,3417624,2113.9449829101563,2049.6469799804686,0.0183310018503277,0.0214714892049973,55.150020712749935,29.207055597596536,35.49972828422594,-6.292672686629402,-0.2823764561664985
2102.64990234375,2122.199951171875,2048.14990234375,2077.550048828125,2010154,2113.8599853515625,2051.08498046875,-0.0119372480828344,0.021540148969656,51.05920542672781,22.549540315362265,32.9096906904532,-10.36015037509094,-0.4118270470947067
2080.35009765625,2107.64990234375,2053.199951171875,2091.800048828125,1867130,2114.6849853515623,2052.9409814453124,0.0068590405357684,0.0215846298109786,51.52406052983634,18.213315631955084,29.970415678753582,-11.7571000467985,-0.0711507675531327
2100.0,2105.949951171875,2029.0,2043.5999755859373,2749573,2112.872479248047,2054.1829809570318,-0.0230423903418448,0.0222160769158867,47.82399496260796,10.763409360598873,26.129014415122644,-15.365605054523773,0.4726200103902782
1985.0,2013.0,1941.0,1979.949951171875,4700256,2107.8324768066404,2054.487980957031,-0.0311460291517241,0.0232343913889311,42.801506433201816,-0.2735665529603466,20.848498221506045,-21.12206477446639,0.7094494308752668
1978.0,1978.0,1903.0,1918.300048828125,9373289,2101.434979248047,2053.978981933594,-0.0311371013733257,0.0239255472765654,37.105002403085486,-13.835593264190264,13.911679924366783,-27.74727318855705,0.994208187809345
1940.0,1955.550048828125,1920.0,1949.5,2638151,2096.712481689453,2054.076982421875,0.016264374903673,0.0243082829237071,30.92776409283813,-21.81455719501423,6.766432500490581,-28.58098969550481,-0.718545859409648
1958.0,1971.9000244140625,1935.0,1962.300048828125,2815425,2091.557489013672,2054.518984375,0.006565811145486,0.0242170183480996,33.01293171424065,-26.79619675344429,0.0539066497036069,-26.850103403147894,0.0671963052910922
1970.0,1989.0,1920.0,1929.4000244140625,2779207,2084.319995117188,2053.5769848632813,-0.0167660518755581,0.0243745435489366,33.43198961913045,-33.018324317969245,-6.560539543830964,-26.457784774138283,-0.0128641324134011
1929.0,1929.0,1870.050048828125,1913.199951171875,3428776,2076.442492675781,2052.8729833984376,-0.0083964305158061,0.0243967305628631,27.46299366563817,-38.80924692125632,-13.010281019316036,-25.79896590194028,0.2337245840270263
1914.0,1916.0,1886.949951171875,1903.0,1778496,2067.6974975585936,2051.343984375,-0.0053313565921989,0.0243408436214245,27.238078344372997,-43.71769524328329,-19.151763864109487,-24.5659313791738,-0.4813029489240475
1888.0,1898.0,1837.0,1843.6500244140625,2752811,2054.7225036621094,2048.705983886719,-0.0311875856993891,0.0247432710496063,15.907945081469492,-51.79960927174602,-25.6813329456368,-26.118276326109225,0.5478308638310123
1852.050048828125,1874.0,1811.0999755859373,1848.5,2735913,2037.225006103516,2046.328984375,0.0026306378768816,0.0217153212583353,19.554455562601945,-57.154391620275874,-31.975944680564613,-25.17844693971126,-0.0061384526580284
1844.0,1876.9000244140625,1825.050048828125,1853.0,2507233,2020.7150085449216,2043.908984375,0.0024344062753582,0.0218493741150967,24.946747619526175,-60.33942745892159,-37.64864123623601,-22.69078622268558,-0.0835845291864177
1853.9000244140625,1853.9000244140625,1791.0999755859375,1799.0999755859375,2285970,2003.5625122070312,2040.403984375,-0.0290879786368388,0.0222361909753294,15.407406129642451,-66.44691415232819,-43.40829581945445,-23.03861833287374,-0.0882498754603182
1808.699951171875,1877.949951171875,1784.3499755859375,1871.0,2609483,1987.670007324219,2037.9619848632813,0.0399644407702499,0.0238492296957766,28.730302949548303,-64.73913780042994,-47.67446421564955,-17.064673584780394,0.1415211048263975
1867.0,1909.4000244140625,1845.0,1894.800048828125,2404883,1973.2250122070316,2035.8549853515624,0.0127204964340592,0.0242565762766212,30.105033211205523,-60.76478903928705,-50.29252918037705,-10.47225985891,-0.0784063356611252
1900.0,1943.9000244140625,1875.449951171875,1938.1500244140625,2769190,1957.355010986328,2034.5469848632813,0.0228783905788625,0.0234845057725263,39.2452879987889,-53.50038909091722,-50.93410116248509,-2.566287928432132,0.1514863716862733
1943.6500244140625,1944.3499755859373,1901.300048828125,1935.75,2769759,1946.000006103516,2033.091984863281,-0.0012383068306531,0.0221158920312098,44.84849053940851,-47.39067154512918,-50.22541523901391,2.8347436938847324,0.0002054752472744
1934.199951171875,1954.5999755859373,1905.0,1913.449951171875,1818635,1938.4325012207032,2031.1059838867188,-0.0115201078796978,0.0200942692492703,49.37763430862145,-43.842712445172765,-48.94887468024569,5.106162235072922,-0.3433959416685711
1910.0,1927.3499755859373,1884.75,1890.8499755859373,1713366,1927.8425048828128,2028.723984375,-0.0118111140414708,0.0194833419982835,42.30415980712225,-42.36618741422558,-47.63233722704167,5.266149812816089,-0.0578835225320089
1894.0,1937.5,1891.0,1932.699951171875,1398710,1920.6,2027.0249829101565,0.0221328905657727,0.0203265748843126,46.39111306905112,-37.38810066330325,-45.58348991429399,8.195389250990743,-0.1836478604104435
1940.0,1949.0,1937.0,1942.1500244140625,144530,1913.117498779297,2025.1659838867188,0.0048895707978144,0.0202789186299928,51.648777339919526,-32.307963028152244,-42.92838453706565,10.620421508913402,-0.8966690736464313
1961.0,1961.949951171875,1905.0,1909.199951171875,2570479,1906.3974975585936,2022.489982910156,-0.0169657713502994,0.0200146570683462,49.50421435950632,-30.588112170608383,-40.460330063774194,9.87221789316581,16.785089600774924
1908.5,1946.0999755859373,1908.5,1914.8499755859373,2552008,1903.1424987792968,2019.768984375,0.0029593675668146,0.0189324368108517,51.48551699357984,-28.441353999381136,-38.05653485089559,9.615180851514452,-0.0071858202303928
1915.0,1939.0,1903.0,1934.949951171875,1418432,1903.9749938964844,2017.083984375,0.0104968931468309,0.0177544808338647,62.69464279349388,-24.831886109092693,-35.41160510253501,10.57971899344232,-0.4441898301259244
1925.0,1929.9000244140625,1870.0,1880.6500244140625,2422318,1900.5324951171876,2013.256984863281,-0.0280627034952126,0.0184469580434439,53.929838770565496,-26.052589057677096,-33.53980189356343,7.487212835886332,0.7077434801245319
1864.0,1899.0,1857.5999755859373,1872.8499755859373,1829123,1896.059991455078,2009.065986328125,-0.0041475281029789,0.0183515976110196,52.40693161253802,-27.33431077225669,-32.298703669302085,4.9643928970454,-0.2448873351888563
1889.0,1899.800048828125,1870.25,1886.5999755859373,1829729,1893.9199890136715,2005.2299877929688,0.0073417519711893,0.0181328864519365,61.75442693233066,-26.93014048285613,-31.2249910320129,4.294850549156767,0.0003313063145562
1899.0,1907.3499755859373,1864.300048828125,1902.449951171875,1740628,1893.382489013672,2002.2209887695312,0.0084013441063546,0.0181595616306264,54.9738947651301,-25.04220114404461,-29.988433054419243,4.946231910374632,-0.0486962823456369
1902.0,1902.0,1874.199951171875,1878.25,1190182,1892.1449890136716,1997.8079907226563,-0.0127204140939256,0.0183452713261989,47.385871698741866,-25.208145617158834,-29.032375566967165,3.8242299498083305,-0.3162341407813731
1871.0,1871.050048828125,1798.550048828125,1812.0,3840461,1890.5624877929683,1992.4629907226563,-0.0352721948622387,0.0187237794627168,31.41847146928468,-30.33578706342041,-29.29305786625781,-1.042729197162597,2.2267846430209834
1820.0,1847.5999755859373,1809.949951171875,1812.550048828125,3194219,1888.7649902343744,1987.207990722656,0.0003035589559188,0.0187092254875853,31.7535670120986,-33.96358444883549,-30.227163182773356,-3.7364212660621376,-0.1682719860975023
1819.0,1860.0,1784.5,1846.0999755859373,4333177,1888.4199890136715,1982.53298828125,0.0185097933044682,0.0191951750735057,40.34685677233963,-33.74247901856529,-30.930226349931743,-2.812252668633548,0.3565685383500629
1854.0,1897.9000244140625,1835.3499755859373,1890.25,3344839,1892.9774902343747,1978.72298828125,0.0239152944033,0.0186197547892495,49.91900978045474,-29.662779323430414,-30.67673694463148,1.0139576212010653,-0.2280862286493259
1889.0,1989.0,1882.5,1983.9000244140625,5313249,1898.6224914550776,1977.4759887695316,0.0495437240651037,0.0197210690732641,56.06348464710207,-18.65773881901555,-28.27293731950829,9.615198500492744,0.5884917031881056
1997.0,1997.0,1942.550048828125,1960.550048828125,4035441,1901.9099914550775,1975.8079907226563,-0.0117697340080601,0.0198533126700438,52.1096108053366,-11.685608398548766,-24.95547153531639,13.269863136767626,-0.2404946577884831
1966.0,1991.0,1959.8499755859373,1968.25,5268901,1903.4149902343747,1973.8649926757807,0.003927444329451,0.019241855145473,57.18632954628512,-5.4757026092747765,-21.059517750108068,15.583815140833291,0.3056568042997036
1984.0,1990.0,1968.300048828125,1982.4000244140625,1610576,1905.7474914550776,1972.029995117188,0.0071891398013781,0.0192837408533857,58.05414002912108,0.5807862399592523,-16.731456952094604,17.312243192053856,-0.694324110473892
1983.0,2019.4000244140625,1971.0,2010.8499755859373,3270615,1910.6174926757808,1970.8319946289064,0.0143512665564478,0.0192414501511816,58.87304825132848,7.58879171401054,-11.867407218873575,19.45619893288412,1.0307113728256223
2006.0,2018.0,1985.0,2006.75,2501539,1916.412493896484,1969.4089965820312,-0.0020389266408313,0.018976875635883,66.70198892215598,12.665848757035748,-6.960756023691713,19.62660478072746,-0.2351472123744311
1998.0,2017.0,1979.5999755859373,1992.699951171875,2321216,1919.412493896484,1967.1999975585936,-0.0070013947069266,0.0185565002658813,65.61563696547903,15.378458228877207,-2.49291317317793,17.871371402055136,-0.0720848245819872
1985.050048828125,2003.9000244140625,1973.0,1995.199951171875,1680420,1922.0649902343744,1963.1349975585936,0.0012545792448732,0.0185413341512689,64.57718270802185,17.527899174292543,1.5112492963161646,16.016649877976377,-0.2760604786456754
1975.0,2011.0,1960.0,1975.800048828125,2010786,1925.3949951171871,1958.9869995117188,-0.009723287298777,0.0182295871262989,59.75271051093944,17.46461540696214,4.70192251844536,12.762692888516778,0.1965972792516157
1970.0,2010.0,1961.0,2000.0,2942014,1929.6524963378904,1956.144001464844,0.0122481782436578,0.018376459483329,66.18801532169059,19.14648758693056,7.5908355321424015,11.55565205478816,0.4631164131837002
2001.0999755859373,2022.0,1984.949951171875,2016.800048828125,2219993,1933.7450012207028,1952.7030004882813,0.0084000244140625,0.0183333877025218,81.35335895340923,21.58617495539511,10.389903416792944,11.196271538602163,-0.2454172549824712
2024.0,2029.699951171875,1974.5,1982.5999755859373,3748429,1938.8424987792964,1948.6810009765625,-0.0169575924306725,0.0175175749336084,73.60166334199317,20.52340366116391,12.416603465667135,8.106800195496774,0.6884868555891843
1983.0,1998.949951171875,1975.25,1989.75,2473761,1944.6875,1943.365,0.0036063878251333,0.0174416457204534,71.51415829250004,20.027235464683827,13.938729865470474,6.088505599213352,-0.3400539265916468
1999.0,2004.9000244140625,1985.0,1994.300048828125,1227921,1950.0725036621093,1939.9939990234373,0.0022867439769442,0.017414699093136,67.68055205235768,19.773235952708774,15.105631082918135,4.667604869790639,-0.503621813101589
1991.9000244140625,2002.0,1976.4000244140625,1987.8499755859373,1768742,1954.3425048828128,1938.4549975585935,-0.0032342541665071,0.0174163961710852,50.95386385905992,18.834361706597065,15.851377207653922,2.982984498943143,0.4404363147140573
1984.800048828125,1984.800048828125,1960.050048828125,1968.449951171875,2498833,1958.8525024414064,1935.770998535156,-0.0097593000741134,0.0172937764987683,51.94482977480411,16.336559575255706,15.94841368117428,0.3881458940814255,0.4127741637842037
1953.800048828125,1974.9000244140625,1946.0,1954.050048828125,1940277,1965.9550048828123,1933.300998535156,-0.0073153510126977,0.0150674957697752,46.61583701929735,13.044710315868542,15.367673008113131,-2.322962692244591,-0.2235267422832978
1948.0,1950.0,1886.550048828125,1895.800048828125,3729956,1970.1175048828125,1929.3809985351563,-0.0298098812949716,0.016844249032783,32.94604819637405,5.670244824145129,13.428187371319533,-7.7579425471744035,0.922383247340457
1905.800048828125,1938.9000244140625,1905.0,1918.5,1864116,1973.737506103516,1926.8789990234372,0.0119738108382827,0.0165761333545797,31.39230979243382,1.6387338363729214,11.070296664330211,-9.43156282795729,-0.5002311019218457
1921.800048828125,1921.800048828125,1870.25,1889.199951171875,2446614,1973.6850036621092,1925.0639990234372,-0.0152723736398879,0.0161670979021819,28.49826105130036,-3.8758582552807184,8.081065680408026,-11.956923935688744,0.3124794808906741
1909.0,1941.699951171875,1872.0999755859373,1908.949951171875,4968201,1969.9375,1924.8769970703124,0.0104541607614105,0.0115891490255747,34.99373134824572,-6.576739714493215,5.149504601427778,-11.726244315920994,1.0306435751614271
1915.0,1920.0,1893.0,1896.050048828125,2239130,1966.7125,1923.807998046875,-0.0067575906512535,0.0114164742058449,32.87270356371994,-9.646918369907551,2.190220007160712,-11.837138377068264,-0.5493076870279604
1908.0,1909.0,1886.1500244140625,1893.050048828125,1879740,1962.9525024414063,1922.422998046875,-0.0015822367146132,0.0113420814870763,34.84710031088697,-12.18170884500546,-0.6841657632725229,-11.497543081732935,-0.1605043030105443
1896.0,1910.0,1885.0,1902.800048828125,1094883,1958.9725036621091,1921.8909985351563,0.0051504185037452,0.0112651422897599,31.206513057647783,-13.251055127831478,-3.197543636184314,-10.053511491647164,-0.4175348718439784
1905.0,1934.449951171875,1900.0,1923.300048828125,2100463,1954.5950073242188,1922.0930004882807,0.0107735965282453,0.011017746107388,32.17690000102388,-12.302525234001903,-5.018539955747833,-7.283985278254072,0.9184360338045252
1919.0,1944.949951171875,1893.0999755859373,1899.949951171875,2611668,1949.2550048828125,1922.0319995117188,-0.012140642158501,0.0112409374812721,33.56532106982989,-13.281861167437455,-6.671204198085759,-6.610656969351696,0.2433772934824369
1900.0,1901.199951171875,1841.0,1876.8499755859373,4280862,1943.462506103516,1922.695998535156,-0.0121582021524776,0.0114034784731782,28.889301775223544,-15.74052000912161,-8.48506736029293,-7.25545264882868,0.6391294758751878
1891.800048828125,1908.800048828125,1881.0,1897.9000244140625,1856423,1938.597509765625,1923.6839990234373,0.0112156267692913,0.0118061914854793,33.02218807254049,-15.808234351683724,-9.949700758571089,-5.858533593112634,-0.5663436476111587
1905.4000244140625,1906.4000244140625,1883.300048828125,1893.550048828125,1691756,1934.485009765625,1924.495,-0.0022919940618476,0.0116808527563258,33.26828401931125,-16.028142679900384,-11.165389142836949,-4.862753537063435,-0.0887012281144976
1907.4000244140625,1919.0,1866.699951171875,1886.949951171875,2414376,1928.8325073242188,1926.2519995117189,-0.0034855681054402,0.0111859434894113,34.85130111524167,-16.544282149743594,-12.24116774421828,-4.303114405525315,0.4271419755567587
1890.0,1905.0,1872.0999755859373,1888.550048828125,3053461,1922.420007324219,1926.6030004882807,0.0008479809733461,0.0109104343707913,37.2170276997435,-16.632482979466886,-13.119430791268002,-3.513052188198884,0.2646998644784408
1870.0,1875.0,1835.0,1842.550048828125,9209862,1915.417510986328,1925.558000488281,-0.0243573105348962,0.011509719035982,39.08588699185366,-20.181557897575203,-14.531856212529444,-5.649701685045759,2.0162042351285967
1850.0,1851.0,1810.0,1813.25,3615370,1906.592510986328,1923.06,-0.0159019011976147,0.0116926788960023,28.996232901406515,-25.06950871830759,-16.639386713685074,-8.430122004622515,-0.607445801033718
1810.0,1869.3499755859373,1808.0,1867.800048828125,7711653,1900.267510986328,1921.7010009765625,0.0300841300582517,0.0139789612345923,46.12039891013192,-24.261836563437555,-18.16387668363557,-6.097959879801984,1.1330190270981948
1870.0,1875.0,1847.0,1870.1500244140625,2359280,1894.3825134277345,1920.8350024414065,0.0012581515818097,0.0140140644936196,42.49228203692813,-23.165094383240103,-19.16412022355648,-4.000974159683626,-0.6940629979071932
1878.0,1898.0,1871.300048828125,1894.300048828125,2625816,1890.6750183105469,1920.90400390625,0.0129134155542569,0.0143476271818141,49.67550575470264,-20.11533609070216,-19.35436339698561,-0.7609726937165426,0.1129734495269743
1881.0,1904.199951171875,1876.0,1900.6500244140625,1683728,1888.005017089844,1920.2630053710936,0.0033521487738259,0.0143308611583385,51.39193505331514,-16.99013896472752,-18.881518510534,1.891379545806476,-0.3587791376090328
1902.0,1932.0,1895.449951171875,1908.699951171875,2409803,1888.6500122070315,1919.59400390625,0.0042353545652331,0.012692862159498,51.08733799716714,-13.705843481192687,-17.846383504665738,4.140540023473051,0.4312305788108292
1907.0999755859373,1918.25,1890.0,1901.9000244140625,2457093,1887.8200134277345,1919.4480053710936,-0.0035625959720057,0.0124207582262266,45.84627209620044,-11.518929855329588,-16.58089277479851,5.061962919468922,0.0196240107593856
1901.0,1906.0999755859373,1870.0,1875.5999755859373,2578169,1887.1400146484373,1918.6630053710935,-0.0138283024820022,0.0123334059685225,45.32720022750834,-11.77227572613765,-15.619169365066336,3.846893638928688,0.0492761161258445
1884.800048828125,1905.25,1875.0,1901.550048828125,1962927,1886.77001953125,1917.9950073242187,0.0138356118468603,0.012510339006039,54.68869553127646,-9.76651777966049,-14.44863904798517,4.68212126832468,-0.23863524850388
1902.0,1935.0,1901.0,1920.800048828125,2327080,1888.00751953125,1918.7980078125,0.0101233201891599,0.0126080230228558,54.37691230496647,-6.548143117552627,-12.86853986189866,6.320396744346034,0.1855153044407662
1933.0,1962.0,1925.5,1955.0,2769033,1891.105017089844,1920.4410083007813,0.0178050553428195,0.0131548091526073,60.54210155975136,-1.223800560964719,-10.539592001711874,9.315791440747155,0.1899174072227856
1962.0,1989.050048828125,1936.6500244140625,1982.75,2557626,1895.1025146484376,1922.3640087890624,0.0141943734015346,0.0134324127043068,65.32309963214905,5.175314553865746,-7.396610690596351,12.571925244462095,-0.0763468691055686
1979.5999755859373,1989.5,1954.6500244140625,1981.4000244140625,2429575,1898.0075134277345,1923.9430102539063,-0.0006808602122998,0.0132886004164255,64.86313155808001,10.022197978244094,-3.9128489568282623,13.935046935072355,-0.0500663505923071
1987.0,2019.75,1985.0,2014.0999755859373,4094319,1903.715014648437,1926.660009765625,0.0165034575395974,0.0132763894155223,78.68248934512245,16.31394379762719,0.132509594062828,16.18143420356436,0.6851996748402498
2009.5,2034.75,1998.0999755859373,2029.949951171875,3064163,1911.3700134277344,1931.0190087890624,0.0078695078586288,0.0128199459973355,87.93768597994381,22.321845910294087,4.57037685730908,17.75146905298501,-0.2516061889657351
2029.949951171875,2055.449951171875,2023.0,2050.25,1590764,1918.9875122070312,1935.7730078125,0.0100002706058865,0.0127868130396385,86.2940237720355,28.393888829182288,9.33507925168372,19.058809577498565,-0.4808487668573767
2050.0,2055.0,2028.0,2044.550048828125,1111404,1926.5375122070316,1939.742009277344,-0.0027801249466528,0.0127998050127276,84.23638426245655,32.37291337210263,13.942646075767504,18.430267296335124,-0.3013394821607731
2049.89990234375,2086.85009765625,2041.050048828125,2074.800048828125,1789812,1935.930017089844,1943.4330102539063,0.0147954314042537,0.0128954097106101,84.60508726536078,37.534566066731486,18.6610300739603,18.873535992771185,0.6104062969001371
2074.75,2097.949951171875,2067.0,2082.89990234375,1339945,1945.647509765625,1945.4130078125,0.003903920052537,0.0128637428402679,84.70769343785838,41.79699377383531,23.288222813935302,18.508770959900005,-0.2513487450078555
2075.0,2089.5,2051.0,2061.39990234375,1684474,1956.5900024414063,1947.4300048828125,-0.0103221474905287,0.011487845997357,77.66305910242853,42.94508392870216,27.21959503688868,15.725488891813484,0.2571217475344136
2060.0,2096.0,2048.89990234375,2065.89990234375,1778730,1969.2224975585937,1949.383002929688,0.002182982542535,0.0103547104870259,79.95980641786068,43.71415645540742,30.518507320592427,13.195649134814992,0.055955746422919
2070.0,2070.0,2018.0,2051.60009765625,2422903,1978.4125,1950.7670043945316,-0.0069218284348031,0.0091755148678032,83.62636629641258,42.67781397042836,32.95036865055962,9.727445319868744,0.3621533341204117
2060.050048828125,2075.0,2033.050048828125,2044.5999755859373,1724085,1987.1349975585936,1951.4420043945315,-0.0034120304821148,0.0093270664927202,79.46449898295532,40.82109357948889,34.524513636345475,6.2965799431434135,-0.2884217816396281
2049.0,2052.0,2010.949951171875,2029.699951171875,1930065,1993.9049926757807,1951.9010034179687,-0.0072875010231731,0.0094620100870553,72.83977736473166,37.71259453270795,35.16212981561797,2.55046471708998,0.1194720677924812
2037.5999755859373,2041.949951171875,1962.6500244140625,1970.300048828125,2942184,1997.3874938964843,1951.4530053710937,-0.0292653612714798,0.0119680159615686,52.902137993375966,30.108933901310365,34.151490632756456,-4.042556731446091,0.5243963286210569
1970.0,1971.0,1892.0,1904.800048828125,4408554,1997.1924987792968,1949.6450073242188,-0.0332436676530345,0.0142875224114758,37.06652526718992,18.58345695190997,31.03788389658716,-12.454426944677191,0.4983950697848944
1915.0,1933.800048828125,1881.300048828125,1914.75,4645778,1997.8349975585936,1948.4240063476564,0.0052236197589328,0.014307426073716,39.24824751379126,10.135475880456395,26.857402293361005,-16.721926412904608,0.0538099340509381
1914.75,1940.0,1897.050048828125,1914.199951171875,4683919,1999.7649963378904,1946.7080053710936,-0.0002872692665492,0.0139118731175033,32.01941350816335,3.3573047540771768,22.157382785504243,-18.800078031427063,0.0082098197546245
1917.199951171875,1930.0,1905.0999755859373,1925.6500244140625,2271955,2000.9699951171876,1944.8850048828128,0.0059816495320552,0.0136420411850076,30.92538211744389,-1.0780919068613457,17.510287847031126,-18.58837975389247,-0.5149457110594782
1932.5,1990.0,1930.5,1985.1500244140625,2934880,2004.1874938964845,1944.936005859375,0.0308986572043923,0.0151080048383804,39.58732701321493,0.2056069132793254,14.049351660280768,-13.84374474700144,0.2917861489334075
1984.0,2045.1500244140625,1972.25,2038.699951171875,6453309,2008.372491455078,1945.9150048828128,0.0269752543128916,0.0157463168741421,49.18850015104288,5.480799782522581,12.33564128472913,-6.854841502206549,1.1988323202311508
2040.0,2074.949951171875,2022.0,2058.10009765625,4732082,2012.1399963378904,1947.191005859375,0.0095159400348361,0.0155930156664098,47.61156204673172,11.098916424899471,12.088296312763198,-0.989379887863727,-0.2667200656283466
2060.0,2071.35009765625,1977.5999755859373,1983.449951171875,8454295,2012.2424926757808,1947.1030053710936,-0.0362713876596119,0.0177891634806274,38.05119354011701,9.419093944533415,11.554455839117242,-2.135361894583827,0.7865909762341396
1995.050048828125,2005.0,1980.3499755859373,1995.4000244140625,4148548,2011.3074951171875,1947.6420068359373,0.0060248927557395,0.0174345863992212,41.883934792992456,8.948935804654184,11.033351832224632,-2.084416027570448,-0.5092969904646101
2005.0,2007.0,1976.5999755859373,1988.0999755859373,2449622,2009.2149963378904,1948.3230053710936,-0.0036584387785947,0.0173398561086862,40.498305358656566,7.896256035785655,10.405932672936837,-2.5096766371511823,-0.4095230427609853
1989.300048828125,2015.0,1985.050048828125,1999.5999755859373,2635047,2006.6824951171875,1950.39900390625,0.0057844173538661,0.0172256551906269,43.60550138387224,7.8989000227315955,9.90452614289579,-2.0056261201641945,0.0756953521808669
2005.0,2024.050048828125,2000.199951171875,2013.300048828125,2539884,2005.1199951171875,1952.2950048828125,0.0068514069861265,0.0173108749776623,46.21341696997159,8.903838903359656,9.704388694988564,-0.8005497916289084,-0.0361143463475224
2025.0,2033.0,2010.050048828125,2022.699951171875,2031071,2002.514990234375,1954.9650048828123,0.0046689028539095,0.0169810079250786,49.14173676175651,10.339565690209383,9.831424094032728,0.5081415961766549,-0.2003292276340179
2028.9000244140625,2033.0,2003.6500244140625,2014.800048828125,3111689,1999.1099975585937,1957.0820068359376,-0.0039056224523924,0.0169488502444642,56.244732445940336,10.716401411001016,10.008419557426386,0.7079818535746298,0.5320434391510687
2014.050048828125,2024.800048828125,2003.0,2012.449951171875,2658550,1996.6625,1959.4100048828125,-0.0011664173115425,0.0168218602260285,68.36086626291696,10.702046662279372,10.147144978396984,0.5549016838823881,-0.1456247716272416
2013.0,2015.9000244140625,1978.5999755859373,2000.5,1833163,1993.3925048828123,1961.55900390625,-0.0059380116086447,0.0168373244350233,64.5264927175632,9.61556696039861,10.04082937479731,-0.4252624143987003,-0.3104651031577363
2004.949951171875,2007.800048828125,1981.0,1987.4000244140625,1905495,1990.1825012207032,1963.2510034179688,-0.0065483507052924,0.0168311675981494,61.89470226498314,7.609745016623719,9.554612503162591,-1.944867486538873,0.0394574841407993
1998.9000244140625,2068.949951171875,1991.0,2039.949951171875,5184318,1989.95,1965.584001464844,0.0264415447882997,0.0179358210302762,66.384729179375,10.14352830612279,9.672395663754632,0.4711326423681559,1.720719812961986
2043.0,2064.60009765625,2011.0,2022.800048828125,2349915,1989.6050048828124,1968.0410034179688,-0.0084070211300517,0.0179616205314351,56.142929583232245,10.645007011999496,9.866917933403606,0.7780890785958903,-0.5467263003542606
2030.0,2030.0,1995.0999755859373,2022.800048828125,2373993,1992.2300048828124,1970.9600048828124,0.0,0.016593346610624,46.85648613399828,10.916592812763383,10.076852909275562,0.8397399034878212,0.0102463280586744
2028.0,2044.800048828125,2000.0,2015.050048828125,3091165,1997.7425048828125,1973.3030053710936,-0.0038313228262426,0.0145323732261037,41.07771008743525,10.386734476464198,10.138829222713287,0.2479052537509094,0.3020952462791593
2015.0,2016.0,1983.300048828125,2005.6500244140625,3148149,2002.287506103516,1975.5450048828125,-0.0046649086555091,0.0146177533727051,56.30684336356655,9.103376459421952,9.931738670055022,-0.8283622106330704,0.0184344737340129
2007.800048828125,2007.800048828125,1977.199951171875,1984.25,2429205,2005.7900085449216,1977.491005859375,-0.0106698696948956,0.0149007018249391,46.99378951491077,6.287029894982879,9.202796915040594,-2.9157670200577144,-0.2283703852644839
1984.0,1994.949951171875,1958.050048828125,1982.6500244140625,2316539,2008.6400085449216,1979.3730053710935,-0.0008063377023749,0.0148802290967771,48.48401708647147,3.88121011946464,8.138479555925404,-4.257269436460764,-0.0463797826861051
1994.0,1998.0,1961.0,1967.9000244140625,2266166,2007.7775085449216,1981.8800048828125,-0.0074395379004719,0.0132865285136866,41.33879960030265,0.7754400945491398,6.665871663650151,-5.890431569101011,-0.0217449393254333
1980.0,2014.5999755859373,1972.800048828125,2000.300048828125,4054489,2005.8575134277344,1985.621005859375,0.0164642634341698,0.0123215337477499,46.77738748574735,0.9179248990044472,5.51628231072101,-4.598357411716563,0.7891403365861107
2010.0,2039.949951171875,2008.25,2031.6500244140625,2095740,2004.535009765625,1988.8980053710936,0.0156726365148587,0.0126669388735414,52.00091259451384,3.519950363492626,5.117015921275334,-1.5970655577827078,-0.4831062558068353
2037.0999755859373,2086.0,2037.0,2079.300048828125,3719663,2009.3275146484373,1993.081005859375,0.0234538546705675,0.0106937555448303,62.24374030249721,9.31960245715095,5.957533228450457,3.3620692287004923,0.7748685428535982
2085.0,2089.60009765625,2058.10009765625,2079.300048828125,2939886,2013.5225158691403,1996.781005859375,0.0,0.0106715889196552,62.80408880908291,13.75728312930869,7.517483208622105,6.239799920686584,-0.2096364643786278
2078.14990234375,2079.699951171875,2007.4000244140625,2014.5,4397518,2014.842517089844,1999.0580053710937,-0.0311643569020477,0.0129779790870138,52.23001025095392,11.90808565107136,8.395603697111957,3.512481953959403,0.4958124226585656
2028.6500244140625,2054.39990234375,2018.800048828125,2048.300048828125,3152103,2017.277520751953,2001.8500073242187,0.0167783811507198,0.0134279289550881,59.10042272229951,13.01987971964104,9.320458901617776,3.699420818023265,-0.2832086190437424
2059.0,2075.0,2032.699951171875,2070.75,2194294,2020.1500183105468,2005.2270068359376,0.0109602844489111,0.0135483960561883,55.05747928212233,15.533448046679723,10.563056730630166,4.970391316049557,-0.3038634841564505
2070.0,2098.0,2057.64990234375,2091.5,2690970,2023.590020751953,2009.545007324219,0.010020523964747,0.0136667125301808,61.14896614679496,18.98101926533764,12.246649237571662,6.734370027765975,0.2263488848805128
2083.0,2085.5,2036.0,2040.25,3313062,2024.8625183105469,2012.3190063476563,-0.0245039445374133,0.0148419480159777,52.42798753717988,17.37748082678968,13.272815555415267,4.104665271374412,0.2311776051015062
2045.0,2055.0,2013.6500244140625,2019.5,3422442,2025.215020751953,2014.2930053710936,-0.0101703222644283,0.0150378441868523,50.59754934937376,14.26784266750792,13.471820977833795,0.7960216896741237,0.0330147760591259
2038.0,2039.0,2007.0,2014.5,3198471,2025.915020751953,2015.4830053710937,-0.0024758603614756,0.0149822943299779,51.202605493179554,11.27005957784263,13.031468697835564,-1.7614091199929334,-0.0654418687007698
2070.0,2119.800048828125,2041.0,2113.300048828125,9189201,2032.210021972656,2018.094006347656,0.049044452136076,0.0183850912050932,64.48860677333164,16.6744207721963,13.760059112707712,2.914361659488588,1.8729980668888355
2120.0,2155.949951171875,2115.550048828125,2131.800048828125,5771952,2036.8025268554688,2021.1020068359376,0.0087540810923931,0.0176195145399534,66.13304326952405,22.194368479770677,15.446920986120304,6.74744749365037,-0.3718766190879925
2149.89990234375,2155.0,2114.199951171875,2150.050048828125,3413728,2043.1650268554688,2023.8210083007807,0.0085608404081012,0.0174822296761173,69.55447951407773,27.722027014425063,17.90194219178126,9.820084822643809,-0.4085661142019199
2148.0,2176.0,2145.60009765625,2161.449951171875,2007135,2050.097521972656,2026.4510083007813,0.0053021567334972,0.0174713618962016,68.11690863898258,32.64628699903278,20.850811153231565,11.795475845801215,-0.4120401508263107
2163.0,2165.5,2134.050048828125,2155.050048828125,2163524,2057.097521972656,2028.547009277344,-0.0029609301572216,0.0174533075141398,64.69748046016852,35.62175446953415,23.804999816492085,11.816754653042068,0.0779165327693454
2158.0,2195.0,2156.10009765625,2183.449951171875,3003071,2065.987518310547,2031.3250073242189,0.0131783029165346,0.0174695952859186,63.000867947620826,39.81253453259615,27.0065067597129,12.806027772883247,0.388046076678604
2175.0,2205.0,2168.050048828125,2195.0,4211526,2076.525018310547,2033.729006347656,0.0052898161562742,0.0171057175065708,64.03785395515655,43.56357654512976,30.317920716796277,13.24565582833349,0.4024064033118097
2203.0,2243.949951171875,2193.14990234375,2238.550048828125,2716958,2089.32001953125,2036.842009277344,0.0198405689421981,0.0173456309913692,78.66190773935753,49.48005407918572,34.15034738927416,15.32970668991156,-0.3548756436503063
2238.550048828125,2266.949951171875,2230.10009765625,2260.35009765625,3488395,2103.942523193359,2040.8210131835935,0.0097384683623835,0.0170560026686978,77.98602755951434,55.29063092458773,38.37840409633688,16.91222682825085,0.2839340909944137
2255.0,2259.39990234375,2211.10009765625,2215.39990234375,2457699,2114.6975158691407,2043.8110131835936,-0.0198863863430309,0.0179193462397459,68.02041449453444,55.62721394463688,41.82816606599688,13.799047878639996,-0.2954642464514483
2185.0,2186.050048828125,2125.0,2132.0,3780886,2119.7150146484373,2045.4190112304689,-0.0376455294845495,0.0201213640686064,54.36422413793103,48.60400656318325,43.18333416543416,5.420672397749087,0.5383844807683935
2110.0,2165.0,2108.5,2157.85009765625,2891422,2123.642517089844,2047.684013671875,0.0121248112834193,0.0196576857436413,63.40630089740864,44.60971789715131,43.4686109117776,1.1411069853737177,-0.2352527952442893
2160.050048828125,2184.35009765625,2138.800048828125,2151.949951171875,2201698,2127.275012207031,2050.129013671875,-0.0027342707868277,0.0196821075748681,65.62830381850121,40.50124964555562,42.8751386585332,-2.3738890129775854,-0.238541451230571
2151.0,2168.0,2130.39990234375,2152.85009765625,1824895,2134.192517089844,2053.7800146484374,0.0004182934105343,0.0180922068635783,66.48397103243492,36.89261811789629,41.67863455040582,-4.786016432509527,-0.1711420004015083
2145.0,2184.10009765625,2136.10009765625,2172.550048828125,2264162,2140.405017089844,2059.1350146484374,0.00915063765625,0.0178762659987831,58.69915563476509,35.21642008437675,40.3861916572,-5.169771572823251,0.2407080955342635
2175.0,2192.0,2125.85009765625,2135.800048828125,2039633,2143.65751953125,2063.556015625,-0.0169156057048365,0.0183125793409797,50.55741314575074,30.57020886057217,38.422995097874434,-7.8527862373022685,-0.0991664907369702
2133.0,2167.0,2121.64990234375,2128.75,1701744,2145.52001953125,2067.8470166015627,-0.0033008936543442,0.0182363702621142,46.93612947587779,26.019239375739744,35.942243953447495,-9.92300457770775,-0.1656616656035668
2135.0,2159.800048828125,2072.35009765625,2092.35009765625,2456110,2148.1250244140624,2071.181018066406,-0.0170991907662947,0.0177593978012279,40.7273496875514,19.253453531133346,32.60448586898467,-13.351032337851322,0.4432899425530514
2097.0,2124.0,2084.5,2095.39990234375,2346876,2151.92001953125,2073.386015625,0.0014575976988344,0.0175494044631486,41.922802025060015,13.976500852667868,28.878888865721308,-14.90238801305344,-0.0444743924335636
2096.0,2124.0,2077.050048828125,2108.75,1946529,2156.63251953125,2074.7870166015623,0.0063711454989177,0.0175423559659483,39.45513008295394,10.747824910748475,25.252676074726743,-14.504851163978266,-0.1705871976193033
2112.60009765625,2135.0,2090.0,2095.449951171875,1947908,2155.7400146484374,2075.534013671875,-0.0063070770969175,0.0137605073703639,36.01630482869024,7.034780606309596,21.609096981043315,-14.57431637473372,0.0007084405112895
2125.0,2151.39990234375,2050.0,2143.949951171875,2625116,2156.347509765625,2078.744013671875,0.0231453869718418,0.0146107177309425,36.89387707610632,7.914477739796439,18.87017313279394,-10.955695392997502,0.3476591296919566
2148.050048828125,2148.699951171875,2102.550048828125,2109.75,1863157,2154.3325073242186,2081.0310131835936,-0.0159518421375375,0.0149138964299145,29.82855887165657,5.785304429076405,16.253199392050433,-10.467894962974029,-0.2902572686311767
2110.0,2121.949951171875,2075.0,2081.75,2595795,2150.347509765625,2082.904013671875,-0.0132717146581348,0.0150886198787727,31.24738800090435,1.8176010724828304,13.366079728136912,-11.548478655654083,0.3932239741471062
2098.0,2115.35009765625,2050.0,2054.050048828125,2541294,2145.297509765625,2083.993015136719,-0.0133060891902846,0.0153074070375135,37.03643552425043,-3.5213945405248523,9.98858487440456,-13.509979414929411,-0.0209958798749515
2070.0,2070.0,2032.25,2048.0,2274208,2138.525012207031,2084.687014160156,-0.0029454242517491,0.01486843252734,30.443286548060527,-8.146863436828426,6.361495212157964,-14.50835864898639,-0.1050984262348236
2054.800048828125,2068.949951171875,2040.0999755859373,2055.14990234375,2329820,2131.532507324219,2085.336013183594,0.0034911632537841,0.014820432471047,32.84294592468417,-11.107601975606483,2.867675774605074,-13.97527775021156,0.0244533481546103
2060.0,2097.5,2045.0,2073.75,5872979,2123.2925048828124,2086.5150122070318,0.0090504822227506,0.0141180137916556,36.8078470333393,-11.816918089243243,-0.0692429981645896,-11.747675091078657,1.5207865843713249
2080.0,2123.699951171875,2077.10009765625,2107.550048828125,3281320,2115.6525024414063,2088.417014160156,0.0162989988321278,0.0145177502827541,39.646380977713896,-9.54168416247876,-1.963731231027424,-7.577952931451335,-0.441285248934144
2123.0,2156.550048828125,2114.39990234375,2146.300048828125,4971725,2112.197509765625,2091.3330151367186,0.0183862774796481,0.0147498162198728,51.66191884234493,-4.559188246495523,-2.482822634121044,-2.07636561237448,0.5151600575378201
2160.0,2204.949951171875,2152.25,2196.550048828125,4265370,2115.425012207031,2095.516015625,0.0234123835702451,0.0130963263972926,59.44027798457106,3.40498021470512,-1.305262064355811,4.710242279060931,-0.1420744309067778
2201.0,2247.64990234375,2185.64990234375,2242.300048828125,3682419,2119.647509765625,2099.563017578125,0.02082811635656,0.0136002705662096,70.34875438237285,13.255482795820171,1.6068869076793857,11.648595888140786,-0.1366706756975362
2224.0,2224.0,2175.0,2183.10009765625,2408658,2121.205017089844,2102.769018554688,-0.0264014404329224,0.0149930224916658,60.32738755791583,16.099550162802643,4.5054195587040375,11.594130604098606,-0.3459033314785743
2199.0,2199.0,2152.0,2166.10009765625,3735467,2121.867517089844,2105.63501953125,-0.0077870914019246,0.0151165110680293,56.69586662653241,16.78821205815575,6.961978058594381,9.826233999561367,0.5508498923466927
2174.0,2189.800048828125,2142.10009765625,2181.75,2659446,2122.327514648437,2108.9690185546874,0.0072249211200734,0.0150639838732427,60.0209101470344,18.384868578425085,9.246556162560523,9.13831241586456,-0.2880552819767916
2196.699951171875,2235.85009765625,2185.5,2231.5,2080593,2127.112512207031,2113.4860180664064,0.0228027959207057,0.0152887300330264,60.1366306038306,23.39495709341145,12.07623634873071,11.31872074468074,-0.2176592418120164
2237.0,2263.949951171875,2231.0,2252.800048828125,3048937,2133.3150146484377,2118.8570190429687,0.0095451708842146,0.0153106514979651,67.07245082950713,28.75278011459432,15.411545101903432,13.341235012690884,0.4654173113146107
2245.0,2266.89990234375,2219.0,2260.89990234375,2404448,2141.7425048828127,2124.4220166015625,0.0035954604670034,0.0145657362663044,72.44706052218771,33.26897985477808,18.983032052478364,14.285947802299717,-0.211381540517236
2264.0,2285.0,2243.050048828125,2254.10009765625,3320916,2149.6775146484374,2130.146018066406,-0.0030075655629208,0.0146404935465688,76.45117409053258,35.8857447490268,22.36357459178805,13.522170157238747,0.3811552589201346
2257.25,2263.10009765625,2234.0,2254.5,2131408,2156.9650146484373,2135.230017089844,0.0001774110848784,0.0146478301820341,77.7181571389434,37.55886336027288,25.402632345485017,12.156231014787863,-0.3581867171587598
2256.0,2262.0,2241.449951171875,2249.199951171875,1489497,2164.6525146484373,2139.581015625,-0.0023508755059326,0.0145354276146038,76.17701710138647,38.01889412227865,27.925884700843746,10.093009421434909,-0.3011675849954583
2244.0,2260.0,2231.199951171875,2250.85009765625,1877447,2169.997521972656,2143.0120166015627,0.000733659310065,0.0137983081675673,75.03537522588375,38.07768895026993,29.956245550728987,8.121443399540944,0.2604570536228001
2255.0,2276.0,2243.14990234375,2259.89990234375,1652817,2177.505017089844,2146.624013671875,0.0040206163426534,0.0130954422545687,73.15703028922121,38.41174123843712,31.64734468827061,6.764396550166502,-0.1196465199816559
2230.0,2284.0,2212.0,2277.949951171875,2199377,2187.3150146484377,2151.8930126953123,0.0079871010257601,0.0125100196533412,71.35443809946221,39.675612410743724,33.25299823276524,6.422614177978488,0.3306839172152755
2285.0,2292.5,2242.0,2249.85009765625,3871804,2197.105017089844,2155.924013671875,-0.0123355886292274,0.0124386366545321,59.31495405179616,37.9720973802705,34.19681806226629,3.775279318004209,0.7604094250326343
2254.14990234375,2280.0,2250.800048828125,2275.5,1382424,2208.480017089844,2160.019013671875,0.0114007161501428,0.0123919696618942,56.24060950884461,38.2508502085434,35.00762449152171,3.243225717021687,-0.6429509344997836
2270.0,2274.449951171875,2250.5,2267.800048828125,1386077,2219.1125244140626,2163.5450146484377,-0.0033838502183586,0.0125408152486897,69.74364577749095,37.41909805506293,35.48991920422996,1.929178850832976,0.0026424599109968
2265.0,2266.800048828125,2250.0,2254.199951171875,1762224,2228.1350219726564,2167.824013671875,-0.0059970444322363,0.0127355151160267,70.86691578106152,35.256103841950335,35.44315613177403,-0.187052289823697,0.2713752554872493
2255.0,2264.0,2241.300048828125,2252.550048828125,2813464,2235.3850219726564,2172.4850146484373,-0.0007319236888867,0.0124542698072705,67.9604964084829,33.02805515363525,34.96013593614627,-1.9320807825110224,0.5965416428331471
2260.0,2261.949951171875,2222.5,2227.199951171875,2372928,2239.430017089844,2176.739013671875,-0.0112539553424965,0.0123408693626836,48.75504858088403,28.88381485655236,33.74487172022749,-4.861056863675131,-0.156581353093553
2235.0,2255.0,2206.60009765625,2239.550048828125,2769940,2241.580017089844,2179.264013671875,0.0055451229916523,0.011306826705506,45.95418640919135,26.29293563504461,32.25448450319092,-5.961548868146309,0.1673089111848316
2244.89990234375,2257.0,2216.449951171875,2252.10009765625,1771746,2242.07001953125,2181.6700146484377,0.0056038260161641,0.0103781797752535,47.38412009068926,24.96455340921193,30.796498284395124,-5.8319448751831935,-0.360366650541167
2252.199951171875,2258.800048828125,2232.0,2237.64990234375,1656881,2244.797509765625,2183.42201171875,-0.0064163201837867,0.0084598794128514,45.32266528942831,22.486579635733506,29.1345145546628,-6.647934918929295,-0.0648315277697818
2234.0,2252.0,2230.10009765625,2242.64990234375,984140,2248.625,2185.046010742188,0.0022344871710104,0.0081876892046037,46.71651847321965,20.68775027319907,27.44516169837005,-6.757411425170982,-0.4060285560640746
2247.0,2250.0,2140.0,2163.10009765625,4088470,2247.6925048828125,2185.20701171875,-0.0354713433444801,0.0115615398305547,33.09778758898865,12.696799825792825,24.49548932385461,-11.798689498061789,3.1543581197797064
2149.0,2188.800048828125,2132.10009765625,2175.39990234375,2788062,2244.8875,2185.046010742188,0.0056861930249214,0.0103235360439835,35.78287047600821,7.272571788500045,21.0509058167837,-13.778334028283655,-0.3180671498139891
2174.0,2174.39990234375,2104.550048828125,2133.35009765625,3977224,2238.915002441406,2183.8130126953124,-0.0193296895169463,0.0107489598067554,28.79169257962096,-0.4144582076810366,16.757833011890753,-17.17229121957179,0.4265192094006518
2080.0,2127.85009765625,2071.300048828125,2108.199951171875,6343581,2231.2800048828126,2181.206010742188,-0.0117890385230279,0.0108275794984656,22.213101520075583,-8.438616377714425,11.71854313396972,-20.157159511684146,0.5949770493188213
2128.0,2129.0,2086.050048828125,2102.550048828125,2400346,2223.702502441406,2178.050009765625,-0.0026799651240905,0.0108285061680158,23.97523393954451,-15.0798878787773,6.3588569314203145,-21.43874481019761,-0.6216102545234308
2102.10009765625,2119.75,2093.10009765625,2107.60009765625,1560725,2216.3575073242187,2175.894013671875,0.0024018685457403,0.0108786820201915,18.006866457633578,-19.708459799261163,1.145393585284019,-20.853853384545182,-0.349791655036399
2125.0,2153.60009765625,2098.0,2145.699951171875,2900415,2211.182507324219,2176.1680126953124,0.0180773637076567,0.0118855315077072,29.14955957935743,-20.07093142461281,-3.0978714166953463,-16.97306000791746,0.8583767159493185
2126.0,2132.5,2100.0,2106.0,2735399,2203.9400024414062,2175.1310107421878,-0.0185020981848803,0.0123957481592333,26.76385857436728,-23.29313827386068,-7.136924788128413,-16.156213485732266,-0.056893927248342
2108.0,2125.0,2092.10009765625,2117.25,1802969,2196.807507324219,2174.43701171875,0.0053418803418803,0.0124399597044622,29.406369956931627,-24.65477454294205,-10.640494739091142,-14.014279803850908,-0.340875316544314
2116.199951171875,2116.199951171875,2060.0,2065.949951171875,3072096,2186.2075073242186,2172.699008789062,-0.0242295661013697,0.0129913822961775,27.25347252356687,-29.532929081441125,-14.41898160756114,-15.113947473879984,0.7039094959480723
2077.0,2097.0,2062.5,2076.949951171875,1953177,2177.5625,2170.787006835937,0.0053244271448882,0.0130516529874492,26.975321787517917,-32.14079455654519,-17.96334419735795,-14.177450359187237,-0.3642200634355176
2077.0,2117.449951171875,2068.800048828125,2109.89990234375,1920167,2169.2824951171874,2170.26900390625,0.0158645860259096,0.0133617153539084,30.96380438917701,-31.18923100843949,-20.60852155957426,-10.580709448865232,-0.0169006700365609
2127.89990234375,2130.0,2102.39990234375,2112.449951171875,3538588,2161.514990234375,2169.9430029296877,0.0012086112830718,0.0134065534373538,32.68802945896695,-29.88484848151529,-22.463786943962468,-7.421061537552823,0.8428542934026051
2110.0,2120.800048828125,2076.5,2096.800048828125,2413196,2153.644995117188,2170.032001953125,-0.007408413314156,0.0134243375606208,30.40965205055573,-29.770753543608865,-23.925180263891747,-5.845573279717115,-0.3180341989516723
2108.89990234375,2135.0,2092.550048828125,2127.89990234375,2544464,2147.412487792969,2170.682001953125,0.0148320549367624,0.0140321989314754,44.56450438142115,-26.861195080542984,-24.512383227222,-2.3488118533209885,0.0543959131375983
2129.800048828125,2129.800048828125,2095.0,2109.050048828125,1720592,2141.504992675781,2170.688002929688,-0.0088584305562789,0.0139658393023892,39.9576235800315,-25.77920801721575,-24.765748185220748,-1.0134598319950037,-0.3237900005659345
2110.800048828125,2142.0,2103.300048828125,2130.0,1647090,2136.027490234375,2171.37900390625,0.0099333589468471,0.0141344588252676,49.45835037254694,-22.966496030616327,-24.405897754299865,1.439401723683538,-0.04271901764044
2130.0,2185.0,2120.449951171875,2179.14990234375,2851672,2132.37998046875,2172.083002929688,0.0230750715228873,0.0151585294270219,60.64517736040364,-16.58028792217692,-22.84077578787528,6.260487865698355,0.7313395139306291
2171.75,2211.699951171875,2147.14990234375,2205.699951171875,3000677,2130.7824829101564,2174.002001953125,0.0121836725410993,0.0154117610697949,64.56304856762324,-9.269946757797698,-20.12660998185976,10.856663224062064,0.0522518017499908
2200.0,2217.5,2166.25,2180.050048828125,2375236,2127.652490234375,2175.9680029296874,-0.0116289173104086,0.0155880735163598,59.66645667383075,-5.482977123579985,-17.197883410203808,11.714906286623822,-0.2084332968860027
2173.0,2210.0,2165.5,2205.300048828125,2500816,2129.762487792969,2178.9930029296875,0.0115823028987673,0.0135805484188331,58.23434569666878,-0.4392490383825134,-13.84615653583955,13.406907497457036,0.0528705358120202
2199.89990234375,2252.25,2195.60009765625,2248.60009765625,3039682,2133.422497558594,2183.0050048828125,0.0196345385523091,0.0141760335951471,69.50756335975355,6.971530411105505,-9.68261914645054,16.654149557556046,0.2154760686112053
2232.800048828125,2251.949951171875,2211.449951171875,2214.89990234375,2885467,2137.499987792969,2186.2000048828127,-0.0149871892950756,0.0138660155790789,62.58538163245528,10.009914337643297,-5.744112449631773,15.754026787275068,-0.0507339254566761
2230.0,2238.5,2207.25,2213.449951171875,2165362,2142.762487792969,2188.99400390625,-0.0006546350786962,0.0135033461449578,71.81309825714732,12.160675846574122,-2.163154790390594,14.323830636964717,-0.2495627224293329
2228.89990234375,2281.0,2218.89990234375,2258.10009765625,2073298,2150.539990234375,2192.0050048828125,0.0201721961053313,0.0139974876430556,74.36452796930689,17.268997251509063,1.7232756179893376,15.545721633519726,-0.042516678504564
2260.0,2267.89990234375,2241.35009765625,2246.25,1744550,2157.4724853515627,2194.00400390625,-0.0052478176979618,0.0141377218994277,69.44248333521321,20.129138741469887,5.404448242685447,14.72469049878444,-0.1585628308135155
2245.0,2246.25,2194.300048828125,2199.449951171875,1647281,2160.1599853515627,2194.062001953125,-0.0208347462785197,0.0146627338639021,61.01544967264499,18.4072612132245,8.005010836793259,10.402250376431242,-0.0557559255968588
2181.10009765625,2217.85009765625,2167.39990234375,2204.39990234375,1945002,2165.07998046875,2193.3039990234374,0.0022505404904702,0.0138990804433258,64.00310608934582,17.243310408928664,9.85267075122034,7.3906396577083235,0.1807347987380416
2241.39990234375,2241.39990234375,2143.25,2165.10009765625,3755507,2167.4724853515627,2192.9439990234373,-0.0178278925914103,0.0145875593969186,54.7400872286548,12.999851024121654,10.482106805800605,2.5177442183210488,0.930849942570753
2180.0,2186.0,2157.699951171875,2163.0,974884,2172.324987792969,2192.8819970703125,-0.0009699771657316,0.013324381780934,57.18087716413536,9.359527749781591,10.257590994596804,-0.8980632448152122,-0.7404121467487612
2172.0,2205.0,2166.5,2186.75,1843611,2177.814990234375,2192.9819970703124,0.0109801202034212,0.0134495400189608,57.49768406819549,8.295348230002219,9.865142441677886,-1.5697942116756671,0.8911080702934913
2184.949951171875,2202.0,2182.25,2186.199951171875,1214408,2181.629992675781,2192.07599609375,-0.0002515371341602,0.0130952010043853,51.0686738703558,7.323176925025564,9.356749338347422,-2.033572413321858,-0.3412883737404474
2187.0,2235.64990234375,2170.0,2216.0,2131601,2186.8074951171875,2191.3399951171878,0.013630980465511,0.0133547520364129,51.54608800047495,8.855261114822497,9.256451693642436,-0.4011905788199392,0.7552593527051863
2214.949951171875,2259.89990234375,2213.89990234375,2247.699951171875,2826425,2194.352490234375,2191.07599609375,0.0143050321172721,0.0133910892465704,59.97343718506148,12.483468352848831,9.901855025483716,2.5816133273651154,0.3259634425016688
2247.0,2282.0,2225.0,2276.300048828125,2345475,2201.772497558594,2191.519995117188,0.0127241617108808,0.0133057756667031,60.36494872697775,17.46530838538729,11.414545697464431,6.050762687922857,-0.1701619537047684
2270.0,2274.85009765625,2229.0,2236.5,3432106,2208.144995117188,2191.1599951171875,-0.0174845354190519,0.0138545989860802,48.215327400028514,17.99449188458675,12.730534934888896,5.263956949697855,0.4632882465172299
2240.0,2252.14990234375,2216.0,2239.25,1294621,2213.607495117188,2190.96099609375,0.0012295998211491,0.013762711560404,53.95229256586361,18.42340212601539,13.869108373114196,4.554293752901193,-0.6227910792965019
2222.199951171875,2248.199951171875,2222.199951171875,2233.449951171875,1670652,2216.3224975585936,2190.6129931640626,-0.0025901747585687,0.0129234608771913,53.20102032522867,18.08680765507916,14.712648229507188,3.374159425571968,0.2904564347403602
2241.0,2266.0,2218.0,2259.60009765625,2583625,2219.0175048828123,2190.6069970703124,0.0117084094365553,0.0129028364845362,50.2551885005682,19.70302814349725,15.7107242123052,3.9923039311920494,0.546477064044457
2270.0,2296.199951171875,2236.949951171875,2251.60009765625,2545060,2222.595007324219,2190.08,-0.0035404494840913,0.0125999006036831,50.922270686488574,20.10658518549417,16.589896406942994,3.516688778551174,-0.0149267018239875
2265.0,2270.0,2233.0,2245.39990234375,2228092,2224.6,2189.99099609375,-0.0027536840662575,0.0124140127193377,59.21023656494892,19.699025006169904,17.211722126788377,2.4873028793815277,-0.124542446936418
2242.199951171875,2253.64990234375,2207.300048828125,2215.300048828125,2055943,2222.9349975585938,2188.7869970703123,-0.0134051192770636,0.0119913383210472,51.98472922740169,16.75409324612383,17.12019635065547,-0.3661031045316392,-0.0772629675973882
2216.0,2233.5,2192.60009765625,2197.5,1890550,2222.0650024414062,2187.38099609375,-0.0080350509799071,0.0116506136171021,56.4005980515096,12.835933775511876,16.263343835626753,-3.4274100601148767,-0.0804462964196964
2200.0,2202.85009765625,2179.800048828125,2182.85009765625,1703945,2220.535009765625,2185.953999023437,-0.0066666222269624,0.0117366780201695,53.73613184033879,8.45121908848796,14.700918886198997,-6.249699797711035,-0.0987040808230409
2186.0,2195.0,2146.550048828125,2154.0,2627440,2215.3300048828123,2183.982998046875,-0.0132167104315713,0.0109716708057859,43.95199613343264,2.618158833044617,12.28436687556812,-9.666208042523502,0.5419746529377416
2155.0,2165.0,2120.35009765625,2133.60009765625,2118859,2209.697509765625,2182.1110009765625,-0.009470706751973,0.0110715693825837,40.94979496748296,-3.609081825656176,9.10567713532326,-12.714758960979436,-0.1935652193770362
2135.0,2157.949951171875,2115.550048828125,2141.949951171875,2291174,2206.822509765625,2180.158999023437,0.0039135044682445,0.0102697820776708,36.24372867795859,-7.780759761276386,5.728389756003331,-13.509149517279717,0.0813244297992457
2159.949951171875,2173.39990234375,2126.39990234375,2150.0,2597948,2204.1025146484376,2178.1169970703127,0.0037582805441933,0.010302494234074,30.101862726476256,-10.318329636099406,2.519045877582784,-12.83737551368219,0.133893802915012
2154.949951171875,2156.550048828125,2105.60009765625,2122.64990234375,2796530,2201.9800048828124,2175.8169970703125,-0.0127209756540698,0.0099250061191204,18.54657258890758,-14.37064055178871,-0.8588914082915151,-13.511749143497196,0.0764380195446561
2126.39990234375,2142.949951171875,2113.14990234375,2138.550048828125,1454663,2200.7575073242188,2173.735,0.0074907060588835,0.0101025084148801,27.77404147115688,-16.113372284110028,-3.9097875834552176,-12.20358470065481,-0.4798328642996856
2135.0,2135.800048828125,2091.0,2101.949951171875,1652691,2196.5175048828123,2172.5119970703126,-0.0171144452178269,0.0103690459285757,22.993742826820835,-20.21479812920097,-7.170789692604369,-13.044008436596602,0.1361332487318369
2104.89990234375,2129.39990234375,2057.0,2065.449951171875,6941979,2190.4800048828124,2170.312998046875,-0.0173648283012878,0.0109154356845118,20.51601094132405,-26.10947879838432,-10.95852751376036,-15.150951284623956,3.200409513938177
2099.0,2099.0,1975.0,2015.800048828125,6323401,2180.470007324219,2167.9619970703125,-0.0240382984422257,0.011181338617575,10.473422012385925,-34.39095040652319,-15.645012092312925,-18.745938314210264,-0.0891068670763769
2015.0,2061.0,2013.0,2044.699951171875,4620978,2170.3200073242188,2166.6919970703125,0.0143366909632485,0.0111841672259336,18.58485942825284,-38.18195788511912,-20.152401250874163,-18.029556634244955,-0.2692258485583945
2065.0,2092.0,2060.050048828125,2088.449951171875,4002232,2160.9275024414064,2166.4099951171875,0.021396782434961,0.0120298911810879,28.60842117452418,-37.22696992236524,-23.56731498517238,-13.659654937192862,-0.1338993606981032
2097.89990234375,2107.0,2063.0,2087.60009765625,4234281,2153.4825073242187,2166.0099951171874,-0.0004069302762789,0.0116391874218264,31.0870843334112,-36.12231558900567,-26.07831510593904,-10.044000483066627,0.0579798972173526
2085.0,2085.199951171875,2051.39990234375,2056.14990234375,2046795,2144.327502441406,2164.218994140625,-0.0150652394334571,0.0118680076829989,29.878989657473312,-37.35404283892012,-28.33346065253526,-9.020582186384864,-0.5166133282132197
2061.85009765625,2104.0,2060.0,2099.300048828125,2620039,2137.620007324219,2164.084995117188,0.0209858952575341,0.0131380955468712,38.99934231547384,-34.45120728566735,-29.55700997916168,-4.894197306505674,0.2800690836160924
2095.949951171875,2095.949951171875,2039.699951171875,2059.949951171875,3342877,2127.6375,2162.938994140625,-0.0187443894350481,0.0131071004296001,37.950033313209865,-34.92333870472112,-30.630275724273567,-4.293062980447552,0.2758882596785772
2070.0,2081.14990234375,2046.1500244140625,2060.25,2317618,2118.069995117188,2162.8249951171874,0.0001456583097829,0.0131476462881828,40.09185191829756,-34.87131995324944,-31.478484570068744,-3.392835383180696,-0.3066995884084278
2060.60009765625,2087.949951171875,2054.949951171875,2079.35009765625,2163251,2109.7675048828123,2162.872998046875,0.0092707669730616,0.0134947741770443,41.7826530331009,-32.90951604771453,-31.764690865597903,-1.1448251821166266,-0.0666058858707517
2080.0,2094.5,2041.0,2047.699951171875,2177916,2101.3875,2161.6289990234377,-0.0152211724807908,0.0135690827600291,37.35477582257739,-33.522250986032304,-32.116202889684786,-1.4060480963475186,0.0067791486055015
2060.0,2060.0,2015.5,2020.0999755859373,2066920,2092.517498779297,2159.781999511719,-0.0134785252937777,0.0137115379687636,37.33171437731264,-35.822001471785825,-32.857362606105,-2.9646388656808256,-0.0509643163464522
2028.0,2039.050048828125,1997.0999755859373,2004.449951171875,2881452,2083.597491455078,2157.9349975585938,-0.0077471534098321,0.0137242625059564,33.423988160552,-38.46400734440385,-33.978691553764776,-4.485315790639078,0.3940800805062605
1931.0,1995.0,1925.0,1986.8499755859373,12593069,2075.239990234375,2155.1139990234374,-0.0087804515027417,0.0136055971528638,35.07135327558191,-41.49960535579567,-35.48287431417096,-6.016731041624709,3.370389997820543
1995.0,2032.75,1968.0,2021.0,3510704,2069.6099853515625,2153.352998046875,0.0171880236724928,0.0143225064855814,44.199411998593085,-40.680774438746994,-36.52245433908617,-4.158320099660827,-0.7212193469280601
2032.0,2047.0,2022.699951171875,2037.300048828125,2261310,2064.377490234375,2151.4989990234376,0.0080653383612692,0.0144515394954999,53.073179958165326,-38.27535287996943,-36.87303404726282,-1.4023188327066125,-0.3558813275058222
2038.0,2056.0,2016.0,2046.4000244140625,3034082,2059.1974914550783,2148.844001464844,0.0044666840268186,0.0144682917486899,50.25758637845795,-35.22865300364447,-36.54415783853915,1.315504834894682,0.3417364271152561
2014.0,2038.0,1999.300048828125,2030.949951171875,3818774,2054.6124938964845,2145.349001464844,-0.0075498793285107,0.0143189534528745,40.470687816301805,-33.67265577508988,-35.9698574258493,2.297201650759419,0.2586258380623858
2037.5,2063.89990234375,2025.0,2057.35009765625,3087901,2050.5524963378907,2142.895002441406,0.0129989153445864,0.0145641692127081,45.37816505274466,-29.963841067068643,-34.76865415409317,4.804813087024527,-0.1913894354575578
2080.0,2111.5,2040.050048828125,2051.39990234375,5552505,2048.0249938964844,2139.8169995117187,-0.0028921646924743,0.0141191660991644,49.21292715368956,-27.19126573879521,-33.25317647103358,6.061910732238374,0.7981486453095485
2060.0,2083.85009765625,2052.5,2070.10009765625,2348134,2048.257501220703,2136.246999511719,0.0091158214890889,0.0137526519894674,44.73497237690666,-23.217394664776748,-31.24602010978222,8.02862544500547,-0.5771036676238923
2084.0,2099.0,2061.300048828125,2082.0,2798671,2051.567498779297,2133.589001464844,0.0057484671186784,0.0125496130684687,54.41264269989221,-18.890097258397876,-28.774835539505357,9.88473828110748,0.1918702254641344
2094.0,2130.0,2075.050048828125,2124.949951171875,3954245,2055.579998779297,2131.819001464844,0.0206291792372117,0.0129556248107735,61.0597930193484,-11.858285837883614,-25.391525599181005,13.533239761297391,0.4129009805011021
2129.0,2129.0,2108.800048828125,2115.699951171875,224405,2056.942498779297,2128.9709985351565,-0.0043530437010522,0.0121837097331572,56.430173692297984,-6.951786453288605,-21.70357777000253,14.751791316713923,-0.9432495963199043
2121.5,2201.699951171875,2121.5,2194.85009765625,5064173,2062.304998779297,2127.943000488281,0.0374108561285044,0.0146789216865014,72.28530418983401,3.285531433148208,-16.705755929372383,19.99128736252059,21.56711303224081
2225.0,2260.0,2176.85009765625,2252.800048828125,5195136,2072.1375061035155,2129.0100024414064,0.0264026920261006,0.0149765945964189,82.2745741006176,15.891568258931784,-10.18629109171155,26.077859350643333,0.0258606884085517
2250.0,2284.949951171875,2237.0,2269.64990234375,4879261,2080.654998779297,2130.3150024414062,0.007479515780546,0.014499703030013,86.66016435767195,26.93114020335406,-2.762804832698428,29.69394503605249,-0.060802065624461
2264.0,2275.0,2195.0,2200.89990234375,4172620,2087.702496337891,2131.0309985351564,-0.0302910153363324,0.0156384575856686,75.92342088619667,29.78913941675228,3.7475840171917136,26.041555399560565,-0.1448254151602056
2207.0,2229.199951171875,2180.89990234375,2193.949951171875,2646411,2094.387493896485,2131.649997558594,-0.0031577770367812,0.0156923294056498,72.42315259833985,31.13442315807697,9.224951845368766,21.90947131270821,-0.3657675513226701
2197.0,2211.0,2169.0,2201.85009765625,2693475,2100.512493896485,2131.951999511719,0.0036008781696024,0.015629213394704,71.8091233728833,32.46382326575349,13.872726129445711,18.59109713630778,0.0177840856919049
2200.0,2210.800048828125,2179.0,2188.5,2540719,2107.5524963378907,2131.9980004882814,-0.0060631273992995,0.0151959892103701,68.62382021551535,32.0704529015743,17.51227148387143,14.558181417702867,-0.0567133535674175
2204.5,2204.5,2175.199951171875,2185.35009765625,1915598,2115.8150024414062,2131.3850024414064,-0.0014392973926204,0.0147215840720472,70.91007078879414,31.14550723952152,20.23891863500145,10.90658860452007,-0.2460409828871276
2189.60009765625,2189.60009765625,2124.0,2129.949951171875,2788759,2122.0900024414063,2129.0300024414064,-0.0253506962311396,0.0159393829727793,59.11599364572917,25.64651525209956,21.320437958421078,4.326077293678488,0.4558164082443185
2135.0,2139.0,2091.0,2100.949951171875,2983768,2127.795001220703,2125.523000488281,-0.0136153433952964,0.0161650982030341,55.88130802502085,18.732529902955772,20.802856347328017,-2.070326444372242,0.0699268025670198
2118.0,2183.800048828125,2118.0,2178.60009765625,3823365,2135.6750061035154,2124.3650024414064,0.0369595412975274,0.0176224701580703,61.297371498296805,19.29642737001041,20.501570551864496,-1.2051431818540903,0.2813881642272455
2187.5,2200.0,2146.699951171875,2196.800048828125,2995915,2143.650006103516,2123.516003417969,0.0083539660130624,0.0176261714223391,61.798560248506426,20.970173030330898,20.595291047557776,0.3748819827731218,-0.2164193060301592
2196.0,2211.5,2168.75,2174.449951171875,2724180,2150.0525024414064,2122.3360034179686,-0.0101739335212471,0.0179042166263722,55.312294322569294,20.25962211891101,20.528157261828422,-0.2685351429174147,-0.0907018390041105
2178.39990234375,2187.75,2148.75,2152.60009765625,1611089,2156.135009765625,2120.1960034179688,-0.0100484508755188,0.0179916081379293,53.85581271234739,17.729035544684393,19.968332918399614,-2.2392973737152246,-0.4085967153418643
2153.0,2154.64990234375,2105.0,2108.800048828125,2975313,2158.7075073242186,2117.3400024414063,-0.0203475085204235,0.0185588324118444,40.291095522501536,12.050320965543506,18.384730527828395,-6.33440956228489,0.8467713453446706
2121.949951171875,2135.0,2094.5,2108.550048828125,2894129,2161.5650146484377,2114.603005371094,-0.0001185508318528,0.0185354317059493,31.28811429411124,7.443916996523967,16.196567821567513,-8.752650825043546,-0.0272858687472544
2112.0,2126.60009765625,2107.39990234375,2118.10009765625,2052574,2163.9650146484373,2112.659006347656,0.0045292018718894,0.0184649685700651,29.961701951831746,4.511907331911516,13.859635723636314,-9.347728391724798,-0.2907800585253801
2097.0,2107.0,2060.5,2071.699951171875,3742049,2163.4500122070312,2110.1430053710938,-0.0219064937184594,0.0191381254264786,31.84376670401734,-1.538105171389816,10.780087544631089,-12.318192716020905,0.8231006531311418
2074.550048828125,2084.949951171875,2052.199951171875,2081.5,2737010,2161.2775146484373,2108.116003417969,0.0047304383159256,0.0185541606845206,34.32319083369809,-5.4788449165030215,7.5283010524042675,-13.007145968907288,-0.2685798609264603
2089.85009765625,2097.89990234375,2035.050048828125,2046.6500244140625,6561580,2157.825018310547,2105.96900390625,-0.0167427218765012,0.0188805378625998,29.875533384259214,-11.28393712917068,3.765853416089278,-15.04979054525996,1.397353316210025
2052.0,2071.699951171875,2046.550048828125,2054.300048828125,2907521,2150.7975158691406,2104.383002929688,0.0037378273387276,0.0165917233792098,32.33748181318089,-15.093236064706616,-0.0059644800699008,-15.087271584636715,-0.5568870607384198
2067.050048828125,2094.39990234375,2060.0,2077.35009765625,2924429,2142.025018310547,2103.091005859375,0.0112203905370462,0.0154772194717885,36.49326476886973,-16.066976508655443,-3.2181668857870096,-12.848809622868432,0.0058152632431545
2085.0,2085.0,2045.800048828125,2053.25,2064271,2131.2050231933595,2101.156005859375,-0.0116013654527663,0.015324092792093,39.592964784169375,-18.56929403123786,-6.28839231487718,-12.28090171636068,-0.2941285290222467
2060.0,2067.699951171875,2016.0,2021.050048828125,3809860,2122.212530517578,2099.1240087890624,-0.0156824308641787,0.0143677490733787,39.252110858235056,-22.886840399892208,-9.608081931880186,-13.278758468012022,0.8456200760462167
2027.699951171875,2062.0,2010.0,2051.0,4664774,2115.0650329589844,2097.3730078125,0.0148190051944736,0.0149826215476085,30.30864174274079,-23.61954483569798,-12.410374512643743,-11.209170323054234,0.224395122130472
2053.0,2082.0,2045.5,2078.5,3334301,2108.897528076172,2096.9040087890626,0.0134080936128717,0.0153742513650739,32.253233596884854,-21.73070022174897,-14.274439654464793,-7.456260567284183,-0.285217033022393
2083.0,2126.800048828125,2068.35009765625,2121.300048828125,3902721,2105.537530517578,2098.021010742188,0.02059179640516,0.0162062469874849,42.4876514964861,-16.588943991234828,-14.7373405218188,-1.8516034694160268,0.1704765106689527
2124.0,2128.0,2101.0,2123.60009765625,1829461,2102.450030517578,2100.17701171875,0.0010842637888004,0.0162160231321341,45.66128637540771,-12.187975026722144,-14.22746742279947,2.0394923960773284,-0.5312344899878828
2127.949951171875,2127.949951171875,2053.5,2060.449951171875,2244747,2098.975030517578,2100.49201171875,-0.0297373062631103,0.0165838283573951,43.16220842831129,-13.63864663986942,-14.109703266213462,0.4710566263440405,0.2269990997348399
2060.0,2060.85009765625,2003.25,2012.8499755859373,4520045,2094.570031738281,2098.9800122070315,-0.023101738316364,0.0170761236776654,38.06436133009881,-18.416935595602357,-14.97114973209124,-3.4457858635111123,1.0136099970286183
2025.4000244140625,2048.0,2006.75,2041.9000244140625,4943024,2087.735028076172,2098.066010742188,0.0144322970814896,0.0149860078133262,40.9372050055736,-19.63334685844211,-15.903589157361417,-3.729757701080693,0.0935784931344709
2051.10009765625,2083.64990234375,1984.0,2020.9000244140625,7137306,2078.9400268554687,2097.361013183594,-0.0102845387868714,0.0148129595127832,43.56963548602327,-22.03784745629673,-17.130440817148482,-4.907406639148249,0.4439148990577428
2023.0,2077.39990234375,2007.0,2071.25,5711133,2073.780029296875,2096.800012207031,0.0249146296094167,0.0160748433725492,48.82332761962631,-19.65404961635022,-17.63516257698883,-2.018887039361392,-0.1998195117317374
2096.0,2136.0,2080.300048828125,2126.75,5574177,2072.4875244140626,2098.1360131835936,0.0267954133977066,0.0172117193251455,58.77903549535707,-13.13507353529394,-16.735144768649853,3.600071233355912,-0.0239805306582774
2126.5,2169.0,2119.0,2164.949951171875,6059673,2075.29501953125,2100.2300122070315,0.0179616556585753,0.0170128656009301,61.36618868462062,-4.830636642860554,-14.354243143491994,9.52360650063144,0.0870973419035672
2174.0,2203.449951171875,2153.0,2167.75,8251081,2078.255017089844,2101.998010253906,0.0012933549926219,0.0170089323197294,59.68915916756725,1.9541042664791348,-11.092573661497768,13.046677927976903,0.3616379959776707
2179.800048828125,2236.5,2167.550048828125,2229.050048828125,6251505,2083.8025146484374,2105.6250122070314,0.0282781911327989,0.0180282962724052,67.45086168956684,12.137547856763833,-6.4465493578454485,18.58409721460928,-0.2423410944578049
2220.0,2246.699951171875,2208.25,2222.89990234375,5548338,2091.362512207031,2109.6810107421875,-0.0027590885577505,0.0171386870277046,71.12945550526051,19.48709969248648,-1.2598195477790628,20.746919240265544,-0.1124796349039151
2210.0,2241.949951171875,2210.0,2231.699951171875,2247329,2098.872509765625,2114.226010742188,0.0039588147081415,0.0171370376885943,69.79186833427279,25.725218562120062,4.137188074200762,21.5880304879193,-0.5949545611676866
2239.0,2243.550048828125,2211.14990234375,2215.60009765625,1805896,2107.3200134277345,2118.8010131835936,-0.0072141658233092,0.0166668666632532,65.401032619159,29.03514994805528,9.116780448971666,19.91836949908361,-0.1964256234845899
2216.39990234375,2229.0,2195.199951171875,2201.949951171875,1880367,2114.702508544922,2122.420012207031,-0.0061609252043338,0.0168245974832603,59.69465285933887,30.2086155599568,13.335147471168693,16.873468088788105,0.0412377013958722
2208.0,2226.39990234375,2176.0,2198.5,2720261,2120.7600036621093,2125.6440112304685,-0.0015667709295749,0.0167630558233445,58.97864312710461,30.508529942351288,16.769823965405212,13.738705976946076,0.4466649329625547
2207.0,2225.0,2177.10009765625,2183.199951171875,2288830,2127.257501220703,2128.380009765625,-0.0069593126350352,0.0165818168449557,66.62151913882714,29.17531332754152,19.250921837832472,9.924391489709045,-0.1585991197168212
2189.0,2197.0,2157.449951171875,2161.699951171875,1909289,2134.2899963378904,2130.995009765625,-0.0098479298648113,0.0162806552824585,71.68874531453493,26.083188477447948,20.61737516575557,5.465813311692379,-0.1658231498189031
2168.0,2183.89990234375,2154.0,2167.60009765625,1354908,2140.120001220703,2133.200009765625,0.0027294012201724,0.0160610464563697,69.64061396719288,23.83400618080077,21.26070136876461,2.5733048120361595,-0.2903599193207523
2179.949951171875,2179.949951171875,2149.199951171875,2157.64990234375,2380752,2144.077496337891,2135.325009765625,-0.0045904202178523,0.015944550564857,72.13135287007941,21.006465938489782,21.20985428270965,-0.2033883442198636,0.7571318495425519
2164.0,2223.0,2164.0,2200.64990234375,4655761,2148.044989013672,2137.936005859375,0.0199290904206892,0.0159044987115237,71.4521967756663,21.98196613681057,21.36427665352983,0.6176894832807385,0.9555842019664376
2205.0,2225.949951171875,2187.89990234375,2200.449951171875,3023209,2151.887481689453,2140.3050048828127,-9.086005532366048e-05,0.0159100651281992,64.961386612638,22.479789661535506,21.58737925513097,0.8924104064045366,-0.3506520201530964
2200.5,2214.64990234375,2183.800048828125,2205.85009765625,2429317,2159.157489013672,2141.9230078125,0.0024541101157511,0.0140621025887334,59.57845577868014,23.044423314572214,21.878788067019222,1.1656352475529914,-0.1964442418635298
2205.0,2260.0,2202.050048828125,2255.25,5197454,2171.277490234375,2144.7140087890625,0.0223949498636548,0.0131833270554764,66.82041577965256,27.16491854805236,22.93601416322585,4.228904384826507,1.1394712999579717
2248.75,2251.949951171875,2210.0,2214.35009765625,3734173,2179.8999938964844,2145.1040087890624,-0.0181354183987363,0.0140421835211165,46.93368289073378,26.82098478563057,23.7130082877068,3.107976497923776,-0.2815380376622861
2228.0,2234.0,2208.0,2213.550048828125,1915807,2189.5324951171874,2144.3190087890625,-0.0003613018686484,0.0136756572711453,48.00515470898501,26.182047204445094,24.206816071054455,1.97523113339064,-0.4869528005263815
2217.85009765625,2218.949951171875,2184.699951171875,2190.35009765625,2843893,2195.4875,2142.7330126953125,-0.0104808794290227,0.0131972435676693,41.68847981265722,23.532375818529545,24.07192802054948,-0.5395522020199337,0.4844360627140416
2195.0,2229.800048828125,2195.0,2206.89990234375,2948452,2199.4949951171875,2142.8530126953124,0.0075557805600159,0.0120101688606341,48.25437630544594,22.508459570236937,23.75923433048697,-1.2507747602500352,0.0367661511878258
2213.0,2231.0,2194.199951171875,2226.89990234375,2620681,2202.592492675781,2143.51201171875,0.0090624862408847,0.011540202415699,54.88161737520456,23.045180919064933,23.616423648202563,-0.5712427291376301,-0.1111671480492135
2226.949951171875,2249.0,2215.0,2238.800048828125,3117214,2206.144995117188,2144.251010742188,0.0053438174171414,0.0115723536649362,57.63257794690871,24.152365388620183,23.72361199628609,0.4287533923340945,0.1894671652139272
2240.75,2253.550048828125,2213.0,2219.10009765625,3281059,2205.647497558594,2144.8630126953126,-0.0087993347964177,0.009941564774218,56.6878030721315,23.17307090075883,23.61350377718064,-0.4404328764218093,0.0525613576738717
2194.89990234375,2242.199951171875,2156.199951171875,2170.35009765625,5817599,2203.0200073242186,2144.5630126953124,-0.0219683645868378,0.0110682333302462,51.46290245197497,18.25284791567356,22.541372604879225,-4.288524689205669,0.7730857628588819
2169.949951171875,2186.550048828125,2158.050048828125,2171.050048828125,1902980,2199.987512207031,2145.3850146484374,0.0003225061120926,0.0110098258873037,50.59389770216099,14.245799255420934,20.882257934987567,-6.636458679566633,-0.6728925455329595
2181.0,2210.0,2173.699951171875,2206.89990234375,1773686,2199.5525024414064,2147.504013671875,0.0165126794451264,0.0116035047143234,57.78410950108352,13.803845750710025,19.46657549813206,-5.662729747422034,-0.0679429105928596
2209.800048828125,2217.75,2183.699951171875,2190.949951171875,2069866,2199.0025024414062,2147.751010742188,-0.0072273106518949,0.0116350694164403,48.32354547073304,12.02791632161916,17.97884366282948,-5.9509273412103205,0.166985588204451
2190.949951171875,2190.949951171875,2170.0,2183.39990234375,1319430,2198.2474975585938,2147.4830078125,-0.0034460161100835,0.011654377956593,47.12623150631606,9.897165251892602,16.362507980642103,-6.465342728749501,-0.3625529382095266
2189.699951171875,2193.449951171875,2165.0,2169.25,1549101,2197.55,2147.3790087890625,-0.0064806737091821,0.0116404236207668,44.00783106139821,6.986218041615302,14.487249992836745,-7.501031951221442,0.1740683476955957
2174.0,2187.800048828125,2152.0,2183.75,1743024,2198.6525024414063,2148.0020068359377,0.0066843379048058,0.0115097058692894,36.7837099694395,5.782641531664922,12.74632830060238,-6.963686768937459,0.1251842197506811
2185.0,2186.949951171875,2150.0,2154.60009765625,2306761,2198.0025024414062,2148.9180078125,-0.0133485528763594,0.0119056490769851,38.45408449215824,2.448421098650215,10.686746860211947,-8.238325761561732,0.3234246917999981
2160.0,2165.0,2125.0,2137.85009765625,2098567,2197.0125122070312,2149.5040087890625,-0.0077740644392527,0.0119879674252584,36.22131430922821,-1.5279444383118062,8.243808600507197,-9.771753038819003,-0.0902538234346774
2139.39990234375,2144.35009765625,2071.60009765625,2079.050048828125,3287223,2190.93251953125,2148.7230078125,-0.0275042898903847,0.0124395113562291,32.06570956272566,-9.316520256257265,4.731742829154305,-14.048263085411568,0.5664131762293032
2152.0,2194.699951171875,2093.199951171875,2102.5,4728073,2186.035021972656,2149.3390087890625,0.0112791662639832,0.0128220526629456,33.54350586877044,-13.441858250836958,1.097022613156052,-14.538880863993011,0.438318300888014
2129.0,2136.699951171875,2086.60009765625,2107.75,3509339,2181.130017089844,2149.8640087890626,0.0024970273483948,0.012822875384247,30.30252640789645,-16.101973679628827,-2.342776645400924,-13.759197034227904,-0.2577654786632948
2115.0,2156.699951171875,2104.300048828125,2146.550048828125,2439322,2175.69501953125,2151.8620092773435,0.0184082784144823,0.0124459714076566,35.995125335800324,-14.907450833508392,-4.855711483022418,-10.051739350485974,-0.3049055676866783
2145.0,2174.199951171875,2115.5,2128.35009765625,2640065,2171.39501953125,2153.3430102539064,-0.0084786987295315,0.0119817654974015,36.1598126999446,-15.253533587911534,-6.935275904000241,-8.318257683911293,0.0822945884143215
2139.0,2151.0,2119.0,2136.550048828125,2083442,2167.54501953125,2154.527009277344,0.0038527266641446,0.0120473090924674,44.11762956340995,-14.696724443457695,-8.487565611891732,-6.209158831565965,-0.2108368543956303
2140.89990234375,2167.0,2119.0,2161.949951171875,2383032,2166.1250122070314,2156.7010083007813,0.0118882786563701,0.0122261803305342,48.54164873430103,-12.06679088754936,-9.203410667023258,-2.8633802205261016,0.1437956996163081
2163.0,2174.800048828125,2147.60009765625,2153.39990234375,1335820,2163.4500122070312,2159.3480053710937,-0.003954785735669,0.0120931919633711,40.60413504497783,-10.550843525049912,-9.47289723862859,-1.077946286421323,-0.439445210974926
2151.10009765625,2185.0,2150.0,2170.75,1620407,2160.642517089844,2161.7430053710937,0.0080570718134453,0.0120504905974067,46.46977254205903,-7.8588445701707315,-9.15008670493702,1.2912421347662877,0.2130429249449776
2172.949951171875,2197.0,2171.0,2191.949951171875,1645948,2158.300012207031,2164.0120043945312,0.0097661873416445,0.0122164475693882,51.4261977968276,-3.96900490155258,-8.113870344260132,4.144865442707552,0.0157620894009962
2188.0,2212.0,2171.0,2184.199951171875,1500115,2156.5550048828127,2165.270002441406,-0.0035356646696502,0.0120953541850198,52.54814362317018,-1.4944125127312873,-6.789978777954364,5.295566265223076,-0.0886012194795947
2196.949951171875,2217.0,2190.199951171875,2203.25,1774724,2158.2,2166.863000488281,0.0087217513295447,0.0111694313104767,53.2729114455195,1.981063054688093,-5.035770411425872,7.016833466113965,0.1830586321715335
2199.949951171875,2221.0,2186.050048828125,2215.75,2486223,2160.4349975585938,2169.969001464844,0.0056734369681152,0.0112210565377011,60.87109375,5.678588777826462,-2.8928985735754056,8.571487351401867,0.4009068452333997
2215.75,2230.0,2190.5,2196.35009765625,1760463,2159.907507324219,2173.63900390625,-0.008755456321223,0.010806800314001,60.3029271086482,6.963226820922955,-0.9216734946757336,7.884900315598688,-0.2919126723548129
2204.5,2214.39990234375,2151.25,2156.800048828125,2317278,2158.2000122070312,2175.9370043945314,-0.0180071696540224,0.0114275787716853,64.68921758735652,4.73536695590974,0.2097345954413609,4.525632360468379,0.3162889535309745
2156.0,2178.949951171875,2106.699951171875,2115.35009765625,3092877,2154.7975219726563,2177.826005859375,-0.0192182632759102,0.0121469681988045,52.27314737236705,-0.3706204045311096,0.0936635954468668,-0.4642839999779765,0.3347026122890737
2115.5,2176.64990234375,2111.0,2156.14990234375,2674567,2154.142517089844,2179.52400390625,0.019287495120881,0.0129332940781833,57.605271355419056,-1.112128983600087,-0.1474949203625239,-0.964634063237563,-0.1352494780749444
2154.0,2163.89990234375,2112.949951171875,2123.60009765625,2686842,2151.1350219726564,2179.461005859375,-0.0150962623944272,0.013234548331762,46.32152737831101,-4.276974780066212,-0.9733908923032616,-3.30358388776295,0.0045895279497578
2119.949951171875,2119.949951171875,2086.199951171875,2105.5,2349001,2148.680017089844,2178.2720068359376,-0.0085233079788545,0.0130462198444384,46.33635942304922,-8.151696800814989,-2.409052074005607,-5.742644726809382,-0.1257390646714619
2068.0,2069.5,1990.0,2000.1500244140625,4298076,2141.7950134277344,2174.9200073242187,-0.0500356093972631,0.0170095759297726,33.32516545914447,-19.49853749856129,-5.826949158916744,-13.671588339644549,0.8297463474898479
2035.0,2053.949951171875,1985.699951171875,2001.300048828125,2667076,2137.9075134277346,2170.365007324219,0.0005749690773317,0.0160269732071407,29.122806460926384,-28.074567009365182,-10.276472729006432,-17.79809428035875,-0.3794721172915509
2020.0,2060.0,2012.0,2036.199951171875,2757585,2134.5925109863283,2166.631008300781,0.0174386156459576,0.0163471053856379,35.74555308504725,-31.68970257007368,-14.559118697219882,-17.130583872853798,0.033935665875288
2056.0,2094.449951171875,2025.0,2083.199951171875,3237002,2133.3650085449217,2163.6610083007813,0.0230822125169734,0.0172341409026064,40.06804925469864,-30.41164977495873,-17.72962491276765,-12.68202486219108,0.1738539337862659
2085.699951171875,2147.75,2084.050048828125,2125.050048828125,3937056,2132.290008544922,2161.850007324219,0.0200893330631597,0.0173347238533534,42.75033030970537,-25.725285523871666,-19.328757034988456,-6.396528488883206,0.2162661623316883
2098.0,2123.64990234375,2071.60009765625,2116.449951171875,2595027,2131.695001220703,2160.140007324219,-0.0040470094626677,0.0172535995375821,42.67171056974978,-22.446514649885103,-19.952308557967783,-2.494206091917317,-0.340871199190461
2075.0,2079.89990234375,1935.0,1972.3499755859373,4940975,2123.484997558594,2155.617006835937,-0.0680856995962271,0.0229397239995485,30.342231466472,-31.117031081395908,-22.18525306265341,-8.931778018742499,0.9040167982837944
1933.0,1987.300048828125,1920.0,1953.699951171875,6796449,2113.0724975585936,2151.0270068359373,-0.00945573789891,0.0226695859444898,27.92146110080345,-39.04331193020971,-25.55686483616467,-13.48644709404504,0.3755279069414436
1904.0,1908.4000244140625,1758.3499755859375,1769.8499755859375,8728786,2093.8950012207038,2143.190007324218,-0.0941034857863716,0.0302029414692758,21.86302640723564,-59.47451791912499,-32.34039545275674,-27.13412246636825,0.2843156772014326
1687.9000244140625,1820.0,1506.050048828125,1806.300048828125,8029720,2075.672503662109,2135.9640063476563,0.0205950073424274,0.0307082499817785,26.781922979887824,-71.89640260429269,-40.25159688306393,-31.64480572122876,-0.0800874256740856
1755.0,1842.25,1675.8499755859375,1696.4000244140625,7844271,2050.8950073242186,2126.7390087890626,-0.0608426183043965,0.0324832651286189,24.55510869337964,-89.57626973135166,-50.11653145272148,-39.45973827863018,-0.0230953258644136
1730.0,1731.0,1623.1500244140625,1658.0,5713248,2024.585009765625,2115.8860107421874,-0.0226361847803709,0.0324955255861254,19.656463234511197,-105.4704551006098,-61.18731618229916,-44.28313891831064,-0.2716661624770485
1676.800048828125,1713.550048828125,1627.75,1654.4000244140625,7258778,1997.142510986328,2104.965012207031,-0.0021712759866933,0.0321992773286896,20.37505277662467,-117.00839946684825,-72.35153283920897,-44.65686662763926,0.270516875864657
1559.699951171875,1685.449951171875,1546.75,1636.3499755859375,5135111,1968.172509765625,2093.575009765625,-0.0109103291596709,0.0318858026764667,20.37634058016256,-126.15456035014086,-83.11213834139535,-43.042422008745504,-0.2925653601749496
1630.0,1869.0,1627.0,1797.449951171875,8547498,1948.2275024414064,2084.4190087890624,0.0984508069725436,0.0407020036680694,38.042707604088456,-119.03141700284392,-90.29599407368508,-28.735422929158844,0.6645205916678334
1620.0,1750.0,1617.75,1669.699951171875,7003490,1923.8724975585935,2073.526005859375,-0.0710729107737945,0.0429738885015674,32.980905811157186,-122.2850064942454,-96.69379655779711,-25.59120993644828,-0.1806385915504162
1653.050048828125,1770.0,1632.8499755859375,1703.1500244140625,6350865,1903.2624938964843,2063.318005371094,0.0200335834104268,0.0435118422610013,32.88101766257306,-120.77217183150196,-101.5094716125381,-19.262700218963857,-0.0931856831379783
1700.0,1810.0,1680.0,1750.300048828125,2765520,1882.9700012207031,2054.517004394532,0.0276840112369334,0.0438472053596816,32.89136762860727,-114.44932595351317,-104.09744248073312,-10.351883472780033,-0.5645443573434485
1831.5999755859373,1832.050048828125,1722.550048828125,1790.949951171875,4556067,1866.3374938964844,2046.1980053710936,0.023224533628372,0.0444210795452228,32.80847841402341,-104.94853625013413,-104.26766123461331,-0.6808750155207832,0.6474540050334114
1820.0,1850.0,1750.4000244140625,1824.5,4331250,1852.2874938964844,2038.150007324219,0.0187331023997472,0.0448056240309924,35.35343860622952,-93.63254570706522,-102.14063812910372,8.508092422038501,-0.0493445333442199
1766.0,1905.0,1763.550048828125,1778.5,8513547,1841.204992675781,2028.9440063476563,-0.0252123869553302,0.043860473689919,39.21318019492937,-87.36921926212995,-99.18635435570896,11.817135093579026,0.965609696969697
1837.4000244140625,1855.0,1780.0,1826.0999755859373,3927593,1832.444989013672,2021.08400390625,0.0267641133460427,0.0444208834636489,43.12129602198238,-77.66924500055757,-94.8829324846787,17.213687484121138,-0.5386654939474698
1825.9000244140625,1834.75,1702.0,1708.75,4941878,1816.072491455078,2011.852001953125,-0.0642626237089146,0.046106880982793,46.45180215311585,-78.54568207882426,-91.61548240350784,13.06980032468357,0.2582459536922485
1740.0,1740.0,1650.0,1654.199951171875,5735369,1794.622491455078,2001.515,-0.0319239495702268,0.0458132516895529,41.349102447960085,-82.68881266399671,-89.83014845560561,7.141335791608896,0.160564667925837
1710.0,1785.8499755859375,1705.0,1775.199951171875,5427577,1777.1299865722656,1992.8810009765623,0.0731471427709091,0.0490939463620672,54.42596721379815,-75.34011084139411,-86.9321409327633,11.592030091369196,-0.0536655967558495
1760.0,1806.0,1701.0,1705.449951171875,6285615,1756.5799865722656,1983.1710009765625,-0.0392913485345441,0.0495820870707519,52.574464145068085,-74.28810672577788,-84.40333409136622,10.11522736558834,0.158088590912667
1750.449951171875,1778.800048828125,1731.199951171875,1766.1500244140625,5307397,1746.269989013672,1974.8260034179689,0.0355918232607637,0.0485509361428021,55.7093947413916,-67.77512778139362,-81.0776928293717,13.302565047978078,-0.1556280491248668
1761.0,1787.0,1746.0,1759.25,2990438,1736.5474914550782,1966.6260034179688,-0.0039068167022513,0.0485362742560975,56.35142164897478,-62.45042966960591,-77.35224019741854,14.901810527812628,-0.4365527960316516
1785.0,1812.0,1727.800048828125,1735.1500244140625,4761399,1734.8124938964845,1957.65400390625,-0.0136990055909833,0.0437870329135349,46.249252402124384,-59.48947701144698,-73.77968756022423,14.290210548777251,0.5922078973046758
1709.949951171875,1764.9000244140625,1675.050048828125,1716.050048828125,6245533,1730.2999938964845,1948.883002929688,-0.0110076796341499,0.0435711575779143,53.21050712653103,-58.0153443258821,-70.6268189133558,12.611474587473708,0.3117012457893153
1800.0,1851.949951171875,1753.0,1806.199951171875,9895823,1735.789990234375,1942.25,0.0525333759381392,0.0428358729203028,56.61806797586848,-49.00780833881981,-66.30301679844861,17.295208459628796,0.5844641282017082
1830.0,1830.0,1802.5,1818.6500244140625,3244282,1743.822491455078,1937.0419995117188,0.0068929651083811,0.0423757700113619,54.594338766503135,-40.39896024600307,-61.12220548795951,20.723245241956437,-0.6721564239780764
1765.0,1794.5999755859375,1727.699951171875,1737.6500244140625,5122541,1747.9849914550782,1929.745,-0.0445385307302853,0.0438129768221176,46.60163722393892,-39.65528769184744,-56.82882192873709,17.173534236889658,0.5789444320808117
1737.6500244140625,1790.0,1719.1500244140625,1769.5,3829836,1754.642492675781,1922.98,0.0183293385540492,0.0437995225627664,46.48562300319489,-36.07998735120236,-52.67905501323015,16.599067662027785,-0.2523562036887552
1780.0,1900.0,1760.8499755859375,1878.25,5934366,1758.6824951171875,1917.6139990234376,0.0614580389940662,0.0402770267708584,55.90062111801242,-24.19244449341818,-46.98173290926776,22.789288415849576,0.5495091695832406
1840.699951171875,1851.949951171875,1807.800048828125,1818.550048828125,2987102,1766.125,1911.417998046875,-0.0317848801660455,0.0373254596171619,49.55969400053622,-19.365534433441557,-41.45849321410252,22.092958780660965,-0.496643449359207
1832.300048828125,1875.0,1825.0,1836.5999755859373,3374741,1772.7974975585937,1905.4189965820312,0.0099254495467109,0.0371784480098636,58.43282025847248,-13.923197244136643,-35.951434020109346,22.0282367759727,0.1297709284785053
1865.0,1868.0,1832.5999755859373,1859.050048828125,2678505,1778.2349975585937,1899.3609985351563,0.0122237142222685,0.0368286447826742,64.10910609784929,-7.709699902778539,-30.303087196643187,22.593387293864648,-0.2063079803753829
1874.0,1912.550048828125,1850.050048828125,1905.6500244140625,4241510,1783.9700012207031,1894.4060009765624,0.0250665524660362,0.0368824112853911,60.01075035733041,0.9636615926369814,-24.049737438787155,25.013399031424136,0.5835363383678582
1980.0,2032.0,1942.199951171875,2014.449951171875,5915544,1793.4674987792969,1891.28,0.0570933410458016,0.0386572176000924,72.37185531005971,16.42724482365543,-15.95434098629864,32.38158580995407,0.394678781848917
1966.0,1966.0,1913.6500244140625,1930.449951171875,3729348,1801.0649963378903,1886.05,-0.0416987277103282,0.0395166262781317,61.507212307509214,21.654528040849986,-8.432567180868915,30.087095221718897,-0.3695680397272001
1955.0999755859373,1977.0,1927.0,1932.75,2905528,1806.3974975585936,1881.0210009765624,0.0011914573733076,0.0391823977256588,62.230371336168616,25.686682285159577,-1.6087172876632163,27.295399572822795,-0.2209018841899441
1939.800048828125,1953.699951171875,1893.5999755859373,1903.5999755859373,3517431,1816.1399963378904,1875.0280004882811,-0.015082149483411,0.0361254716205923,61.79043786058467,26.22769369385128,3.958564908639684,22.2691287852116,0.21059958809552
1910.0,1934.449951171875,1883.3499755859373,1891.6500244140625,3166754,1828.0125,1868.5460009765625,-0.0062775537534857,0.0351494822099888,62.41515964511914,25.399399476763847,8.246731822264517,17.152667654499332,-0.0996969094773998
1939.0999755859373,1939.5,1886.25,1893.4000244140625,2686530,1833.9225036621092,1862.4869995117188,0.0009251182710405,0.0315556570163036,57.04590203323635,24.600600309795027,11.51750551977062,13.083094790024408,-0.1516455019872084
1909.0,1951.4000244140625,1909.0,1935.300048828125,2449841,1845.4150085449216,1858.0569995117187,0.0221295150912597,0.0301072959784687,58.997304001553154,27.036863875145627,14.62137719084562,12.415486684300006,-0.0881021243016083
1933.4000244140625,1956.5,1910.25,1949.5,3256595,1854.5825073242188,1854.7399975585936,0.0073373383008352,0.0293366546539483,68.21739082057013,29.77026460957109,17.651154674590714,12.119109934980372,0.3293087184025411
1994.0,1994.0,1925.6500244140625,1949.6500244140625,2656665,1864.1025085449216,1850.61,7.69553290906888e-05,0.0292839326140378,66.38472618606961,31.58452337630206,20.437828414932984,11.146694961369075,-0.1842200212184812
1910.0,1923.0999755859373,1891.0999755859373,1902.3499755859373,2263146,1872.462506103516,1846.1849975585933,-0.0242607894934069,0.0297410816504683,52.46774310882606,28.87279032831998,22.124820797610383,6.747969530709597,-0.1481251870296028
1916.0,1917.4000244140625,1865.199951171875,1892.9000244140625,3173682,1881.3050048828125,1841.932998046875,-0.0049675145441964,0.0296000234054889,58.48647277905423,25.665336247633604,22.832923887615028,2.8324123600185764,0.4023319750471246
1907.0,1952.949951171875,1872.0999755859373,1945.5999755859373,3727694,1888.275006103516,1840.841997070312,0.0278408529199463,0.0279991479726815,61.52951250891576,27.063875893312343,23.67911428875449,3.384761604557852,0.1745644333616285
1903.0,1966.449951171875,1903.0,1948.6500244140625,3198693,1894.775006103516,1839.788996582031,0.0015676649189957,0.0279964508469975,59.88307854214685,28.094486338258093,24.562188698655213,3.5322976396028807,-0.1419110581501593
1950.0,1962.9000244140625,1931.699951171875,1953.5999755859373,2778505,1905.5725036621093,1838.136997070312,0.0025401950631762,0.0255916962329745,55.82411788498786,28.976647477345296,25.44508045439323,3.531567022952064,-0.1313624033316107
1946.0,1998.0,1941.1500244140625,1991.199951171875,3400908,1916.6575012207031,1836.2969970703125,0.0192465069900815,0.0256154203274683,46.58540118452502,32.33700941394318,26.823466246303223,5.513543167639956,0.2240064351152868
1977.0999755859373,2032.0,1961.25,2020.3499755859373,3663418,1923.7625,1834.2029956054685,0.0146394260390105,0.0222161622417346,65.7388011377843,36.9266167601038,28.84409634906334,8.08252041104046,0.0771882097369289
2015.0,2024.0,1925.0,1943.0,4575317,1929.9849975585937,1830.733996582031,-0.0382854339696786,0.0228052542760255,51.42104571960071,33.93127840325883,29.86153275990244,4.069745643356391,0.2489202706325077
1959.0,2010.0,1941.25,2005.300048828125,3482160,1938.4200012207032,1831.3929980468747,0.0320638439671254,0.0236519576514543,62.91265771422218,36.16762656691162,31.122751521304277,5.044875045607348,-0.2389248657524714
1988.5,2014.0,1971.300048828125,2004.300048828125,3475681,1945.6825012207032,1832.405,-0.0004986784898272,0.0236091115553531,64.71203233612017,37.42781243225909,32.38376370349524,5.044048728763848,-0.0018606267374273
1982.0,2002.6500244140625,1962.4000244140625,1972.3499755859373,7237735,1949.0174987792968,1836.455,-0.0159407635901961,0.0234664645251125,59.556947323437655,35.43988597203156,32.994988157202506,2.444897814829055,1.0823933496773726
1990.0,2060.0,1981.0999755859373,2045.25,3747773,1950.5575012207032,1841.2339990234373,0.0369609984619518,0.0213107710177459,62.38035571238418,39.29390694964718,34.25477191569144,5.039135033955738,-0.4821898010910872
2060.199951171875,2081.0,2040.050048828125,2047.1500244140625,2443886,1956.3925048828123,1848.248999023437,0.0009289937240251,0.018802147128909,61.30862730806127,42.01721414235203,35.807260361023566,6.2099537813284655,-0.3479098120403771
2051.85009765625,2063.75,2020.0,2046.1500244140625,3699799,1962.062506103516,1856.0119995117184,-0.0004884839841116,0.0188149022866274,61.15348800460514,43.59225864783525,37.36426001838591,6.2279986294493455,0.5138999936985604
2046.75,2100.0,2046.75,2091.550048828125,4048593,1971.460009765625,1864.755,0.0221880232985669,0.0187729838874178,71.9642490211278,47.95114436866197,39.48163688844112,8.469507480220848,0.0942737700075058
2091.60009765625,2098.0,2040.300048828125,2048.25,3573289,1979.2900085449216,1872.993000488281,-0.0207023727939886,0.0194879431561691,66.72047340823183,47.365639036939,41.05843731814071,6.3072017187982965,-0.1173997979050993
2078.25,2095.0,2062.10009765625,2071.75,2957841,1988.2075073242188,1878.4790014648436,0.0114732088368119,0.0195383120813319,64.4883382042733,48.24177430083751,42.49510471468007,5.746669586157438,-0.1722357189692744
2063.10009765625,2095.5,2060.25,2072.050048828125,2909439,1995.045007324219,1886.5260034179685,0.0001448286849885,0.0191196117393322,64.26259382069443,48.40237677250798,43.67655912624565,4.725817646262328,-0.0163639627687898
2077.050048828125,2132.0,2073.5,2108.75,5168397,2003.0075073242188,1894.6380029296872,0.0177119038184581,0.0193656890346995,66.70614310308977,50.90424231504858,45.12209576400624,5.782146551042338,0.7764239085266953
2100.0,2105.0,2061.800048828125,2067.64990234375,2269513,2008.9075012207031,1900.985,-0.019490265634262,0.0200620204584034,58.17034255850422,49.005647786739246,45.898806168552845,3.106841618186401,-0.560886479889219
2011.199951171875,2049.199951171875,2011.0,2039.5,2842642,2015.7650024414063,1905.956000976562,-0.0136144432922813,0.0194281207248413,52.05098162160864,44.714099775180784,45.66186488987844,-0.9477651146976528,0.2525339136634159
2039.0999755859373,2059.0,2000.949951171875,2029.9000244140625,2399022,2022.6150024414064,1910.0640014648436,-0.004707024067633,0.0194221146719702,60.88699280516566,40.07640342564946,44.54477259703265,-4.468369171383188,-0.1560590464785928
2065.0,2073.949951171875,2031.0,2045.800048828125,2146528,2027.625006103516,1915.410002441406,0.0078329101053398,0.0186104019204024,55.74142012653496,37.25454751046436,43.086727579719,-5.832180069254633,-0.1052487221876248
2046.0,2058.85009765625,2026.550048828125,2047.800048828125,2703527,2032.5825073242188,1919.8440039062496,0.000977612646527,0.0186127232226829,56.14927565442352,34.77868264802078,41.42511859337935,-6.646435945358576,0.2594883458310351
2045.0,2059.199951171875,2025.199951171875,2038.0999755859373,1944389,2036.8075073242187,1926.4310034179684,-0.004736826355551,0.0186859466012385,59.91853390492184,31.668769204871523,39.47384871567779,-7.805079510806266,-0.2807954202047917
2042.0,2090.0,2032.0,2044.5999755859373,5681758,2039.4775085449216,1934.2390039062495,0.0031892449231452,0.0182589083222526,49.87737709961488,29.38984819722032,37.457048611986295,-8.067200414765978,1.9221302938866656
2050.0,2052.25,2019.1500244140625,2027.949951171875,3196138,2039.857507324219,1939.2940039062496,-0.0081434141704372,0.01810489908499,46.56896684863771,25.941234654522987,35.153885820493635,-9.212651165970648,-0.4374737537219993
2027.0,2044.0,2010.0,2035.300048828125,4205944,2044.472509765625,1945.891005859375,0.0036243979551875,0.0156587520871204,48.10414722992582,23.53003542807073,32.82911574200905,-9.29908031393832,0.3159456819448971
2034.0,2064.25,2031.5999755859373,2042.199951171875,2560937,2046.3175048828125,1951.4120043945309,0.0033901155496569,0.0140316931598453,40.03632778804683,21.923190233308105,30.647930640268864,-8.724740406960759,-0.3911148127507166
2035.0,2060.0,2009.25,2016.0999755859373,3043931,2046.9075012207031,1956.5490039062497,-0.0127803232837023,0.0143657339977457,43.02451416878589,18.33237967519108,28.18482044725331,-9.85244077206223,0.1886005005199269
2025.0,2132.0,2019.949951171875,2118.85009765625,6300722,2054.2325073242187,1964.2230053710932,0.0509647950570757,0.0177531135041947,57.60414400267395,23.50674148654616,27.24920465511188,-3.74246316856572,1.0699293118010886
2108.0,2127.60009765625,2091.300048828125,2101.64990234375,3076341,2057.0525024414064,1971.935002441406,-0.0081177027726151,0.0160972546079163,54.53150988035925,25.92075021425694,26.98351376694089,-1.062763552683954,-0.5117478600071548
2100.0,2111.89990234375,2075.050048828125,2082.14990234375,3071725,2058.8024963378907,1977.4540014648437,-0.0092784245264893,0.016276536468282,45.70134711166381,25.96111887312759,26.77903478817824,-0.8179159150506479,-0.0015004838540331
2079.699951171875,2113.949951171875,2079.5,2092.050048828125,2503466,2061.0974975585937,1982.922001953125,0.0047547712454472,0.0162939932130514,54.38535369180936,26.4866488083394,26.72055759221047,-0.2339087838710725,-0.1849967038064931
2102.0,2165.0,2098.0,2157.14990234375,3758699,2064.377490234375,1991.3119995117183,0.031117732365959,0.0170052136860692,68.6656761094963,31.78969734220664,27.734385542209704,4.055311799996932,0.5013980617272213
2163.64990234375,2205.0,2160.25,2199.64990234375,4185208,2071.9474853515626,1999.9149975585933,0.0197019224087411,0.01660139332897,74.38581748431989,38.97254508421429,29.982017450610623,8.990527633603666,0.1134725073755573
2205.0,2269.89990234375,2205.0,2263.199951171875,5190366,2081.519982910156,2007.613996582031,0.0288909834062283,0.0174649825801715,77.47026293983976,49.22552034319597,33.830718029127695,15.394802314068272,0.2401691863343471
2275.0,2302.699951171875,2232.14990234375,2269.89990234375,5630055,2091.412475585937,2016.6409936523437,0.0029603885279361,0.0174387496830985,77.73471988488083,57.23197261573068,38.51096894644829,18.72100366928239,0.0847125231631065
2270.0,2274.39990234375,2207.60009765625,2218.89990234375,2793358,2096.919970703125,2024.2869921875,-0.0224679510965839,0.0181617796931611,70.466356898847,58.78424180229513,42.56562351761766,16.21861828467747,-0.5038488966804054
2229.0,2244.5,2191.050048828125,2204.35009765625,3443998,2103.75498046875,2031.1929931640625,-0.0065572154346086,0.0175499152195523,67.75987534310639,58.16983304972018,45.68646542403817,12.483367625682014,0.2329239574734065
2205.25,2249.85009765625,2176.0,2222.35009765625,9610320,2112.8974853515624,2037.5269946289056,0.0081656720586889,0.0171121183219502,71.54734032362289,58.4614520264804,48.241462744526615,10.219989281953788,1.790454582145518
2220.0,2244.949951171875,2210.0,2220.0,2963503,2122.402484130859,2041.6379956054684,-0.0010574830935632,0.0170287099382014,70.70162639979947,57.8362288815465,50.1604159719306,7.675812909615907,-0.6916332650733794
2210.0,2239.0,2165.0,2171.949951171875,2976738,2128.7099792480467,2046.4679956054688,-0.021644166138795,0.0179849249683015,63.3145135954568,52.85422703661607,50.69917818486769,2.155048851748376,0.0044659985159454
2185.0,2260.0,2181.10009765625,2233.89990234375,5569321,2138.014971923828,2052.490993652344,0.0285227342087002,0.0188441517327183,70.81818345169708,53.290498311004285,51.217442210095015,2.0730561009092696,0.8709476615006091
2244.0,2333.0,2220.10009765625,2234.75,8582118,2147.8474731445312,2059.113994140625,0.0003805442022528,0.0187462629703434,63.758291619233546,53.0928212215108,51.59251801237818,1.5003032091326247,0.540963072518176
2237.0,2243.89990234375,2190.050048828125,2200.75,4509135,2155.6549743652345,2065.295993652344,-0.0152142297796173,0.0192727787983031,61.3127965361016,49.62064890100692,51.19814419010393,-1.5774952890970155,-0.4745894894477097
2201.0,2226.89990234375,2190.800048828125,2207.89990234375,2952646,2164.652471923828,2071.5859912109377,0.0032488480489605,0.0190665695939546,64.77152929057243,46.90517107161213,50.33954956640557,-3.4343784947934424,-0.3451857174380451
2230.0,2238.64990234375,2201.14990234375,2225.050048828125,2665286,2174.139971923828,2077.3809912109373,0.007767628625813,0.0190798566372678,65.36151882686146,45.61123094110644,49.39388584134575,-3.782654900239308,-0.0973228758205352
2231.0,2231.0,2184.199951171875,2190.949951171875,2861534,2181.577471923828,2082.209990234375,-0.0153255418565572,0.0195962246513685,54.205030667914805,41.35743836552683,47.78659634618197,-6.429157980655141,0.0736311225136814
2190.949951171875,2190.949951171875,2163.0,2171.199951171875,2265766,2189.332470703125,2086.6409887695318,-0.0090143547046505,0.0194470409117221,46.24819462214722,35.97788648020924,45.42485437298743,-9.44696789277819,-0.2081988192347181
2154.5,2163.0,2125.10009765625,2157.39990234375,3665100,2191.2599609375,2091.7419873046874,-0.0063559548353326,0.0160758308818024,33.940497604917795,30.252274851802667,42.39033846875048,-12.13806361694781,0.6175986399301605
2165.0,2215.0,2163.5,2206.800048828125,4248480,2196.517468261719,2098.0199877929685,0.0228980016318289,0.0166338629469919,41.52112395128215,29.362393952496404,39.78474956549967,-10.422355613003262,0.1591716460669558
2215.0,2320.0,2215.0,2309.75,8092319,2207.8974731445314,2105.30298828125,0.0466512365841864,0.0190606528174487,60.712184281281125,36.54311135902981,39.13642192420569,-2.593310565175884,0.9047562893081762
2292.0,2342.0,2246.050048828125,2276.050048828125,6090431,2217.0974731445312,2111.850988769532,-0.0145903024880938,0.0195774177039627,58.08888538787859,39.06426864834066,39.12199126903269,-0.0577226206920329,-0.2473812512828522
2285.89990234375,2358.0,2272.25,2279.5,7098496,2223.214978027344,2118.3689892578127,0.0015157624383748,0.0185431651774813,56.66626038301537,40.86956726024846,39.47150646727584,1.3980607929726148,0.1655162007417865
2303.14990234375,2334.800048828125,2257.449951171875,2281.39990234375,4723290,2227.302478027344,2124.17298828125,0.000833473280873,0.0181197691734358,57.169532267370926,41.96978411169766,39.971161996160205,1.998622115537458,-0.3346069364552716
2290.449951171875,2303.85009765625,2230.699951171875,2254.14990234375,4012337,2226.849975585937,2128.848986816406,-0.0119444206042111,0.0172054758451855,60.08835562299284,40.17970005956568,40.0128696088413,0.166830450724376,-0.1505207175506903
2259.949951171875,2269.64990234375,2225.050048828125,2249.699951171875,2927928,2225.839978027344,2134.982985839844,-0.0019741150165959,0.0171952406498118,52.25779397163392,37.96434237470248,39.603164162013535,-1.638821787311052,-0.2702686738427007
2260.0,2300.0,2253.0,2259.5,3800641,2227.869982910156,2140.066984863281,0.0043561581725688,0.0164037366338535,53.44851515460762,36.57779147541851,38.99808962469453,-2.4202981492760216,0.2980650480476297
2275.0,2319.5,2265.35009765625,2308.10009765625,4748047,2233.057482910156,2146.142985839844,0.0215092266679575,0.0169128427987113,64.37274621940153,38.95155236194341,38.98878217214431,-0.0372298102008983,0.2492753196105603
2308.0,2328.0,2287.0,2295.35009765625,3165491,2236.707482910156,2152.60298828125,-0.0055240238553548,0.0169457573671353,61.53543433875009,39.35035018059443,39.06109577383434,0.2892544067600937,-0.3333067259022499
2318.0,2325.0,2276.050048828125,2282.800048828125,2929353,2239.8474853515627,2157.3539892578124,-0.0054675967909817,0.0170127996057243,57.71130589901339,38.21321807865479,38.89152023479844,-0.6783021561436442,-0.0745975900737042
2283.0,2312.0,2275.60009765625,2279.89990234375,2774423,2245.244982910156,2162.0089868164064,-0.0012704338629498,0.0161396190644342,62.95701207650611,36.65547362876714,38.444310913592176,-1.7888372848250356,-0.0528888119663284
2288.35009765625,2296.39990234375,2246.550048828125,2257.35009765625,3415751,2246.417492675781,2166.23298828125,-0.0098906994400581,0.0151408777379025,62.44764258466609,33.21844756186056,37.39913824324585,-4.180690681385293,0.2311572532378805
2273.0,2300.0,2250.5,2254.449951171875,2695682,2247.402490234375,2169.490986328125,-0.001284757064217,0.015146896507477,64.47859263171313,29.915712347589302,35.90245306411454,-5.986740716525233,-0.2108083990899805
2277.0,2281.300048828125,2233.10009765625,2242.14990234375,2270405,2249.4724853515627,2173.368984375,-0.0054558979327669,0.0147648477911962,55.93018750619464,26.00597901282481,33.92315825385659,-7.917179241031782,-0.1577623028235526
2263.0,2270.0,2238.25,2253.39990234375,2625630,2251.7474853515623,2177.001982421875,0.0050175057377921,0.0147840950074203,36.34599685285313,23.543869089430245,31.84730042097132,-8.303431331541077,0.1564588696730318
2262.800048828125,2289.0,2248.300048828125,2269.75,3493374,2253.982482910156,2180.9559814453123,0.0072557461457436,0.0147724240911102,48.33332256876942,22.65084068226133,30.008008473229328,-7.357167790967996,0.3304898252990711
2276.35009765625,2284.60009765625,2252.5,2256.60009765625,2843005,2257.264990234375,2183.912983398437,-0.0057935465772662,0.0143627872661315,44.23757427421376,20.64405025398355,28.135216829380177,-7.491166575396626,-0.1861721647896846
2257.0,2276.550048828125,2240.050048828125,2252.85009765625,2895164,2261.3474975585937,2187.6169873046874,-0.0016617920046599,0.0141703251837024,42.88213338787078,18.537373419817413,26.215648147467626,-7.678274727650212,0.0183464327357849
2260.0,2271.0,2241.050048828125,2248.60009765625,1975294,2265.907507324219,2191.7989892578125,-0.0018864992413039,0.0140674579568436,48.43711756407048,16.33655967886307,24.23983045374672,-7.903270774883648,-0.3177263878661105
2250.60009765625,2259.949951171875,2230.0,2248.10009765625,2167966,2267.972509765625,2196.162990722656,-0.0002223605702593,0.0131970342476627,49.5392136043439,14.386217748726722,22.26910791274272,-7.882890164015997,0.0975409230220918
2245.0,2250.0,2233.550048828125,2242.64990234375,1663419,2264.6175048828127,2200.099987792969,-0.0024243561566418,0.0076680815749854,45.022142084385145,12.259453160314932,20.267176962257164,-8.00772380194223,-0.2327282807940714
2242.0,2259.89990234375,2216.449951171875,2253.5,2618149,2263.4900024414064,2204.2139868164063,0.0048380701976313,0.0071266757106156,29.23958368144129,11.319010595985674,18.477543689002864,-7.158533093017191,0.5739564114633775
2266.0,2287.35009765625,2241.75,2248.39990234375,3579393,2261.9349975585938,2208.4199853515624,-0.002263189552363,0.0071212458433548,31.045630524431687,10.04635965026091,16.791306881254474,-6.744947230993564,0.36714640763379
2268.39990234375,2279.949951171875,2235.10009765625,2238.550048828125,2941136,2259.7925048828124,2212.2989868164063,-0.0043808281193027,0.007158937941075,31.737574360379824,8.149036724013968,15.062852849806374,-6.913816125792407,-0.178314311951775
2240.0,2276.199951171875,2228.0,2257.25,6018154,2259.947509765625,2216.884987792969,0.0083535997694865,0.0069500337693889,41.73060604548015,8.061397639109146,13.662561807666927,-5.601164168557784,1.046200515719096
2269.0,2278.0,2241.300048828125,2246.35009765625,3610908,2259.780017089844,2221.1059887695315,-0.0048288414414663,0.0070236143041169,45.610544979833605,7.031358879763957,12.336321222086337,-5.30496234232238,-0.399997407843003
2247.0,2268.75,2241.64990234375,2265.14990234375,2084137,2260.0625122070314,2225.5649877929686,0.0083690448372739,0.0072109666520708,53.78893586119252,7.643918529082839,11.397840683485638,-3.753922154402799,-0.4228219051828515
2268.0,2324.0,2268.0,2299.5,4654146,2259.6325073242188,2231.23298828125,0.0151646024047715,0.0063044027699607,67.56511413667687,10.776912728003936,11.273655092389298,-0.4967423643853621,1.2331286283003466
2275.0,2324.25,2262.949951171875,2288.800048828125,5231303,2259.3050048828127,2234.6319873046878,-0.0046531642408675,0.00626836607633,60.87896653606815,12.25516663392682,11.469957400696805,0.7852092332300167,0.1240092167284825
2289.0,2343.5,2283.35009765625,2327.050048828125,4620401,2261.5175048828123,2239.139990234375,0.0167118136945094,0.0071703413228815,65.52006887786479,16.32496480370719,12.44095888129888,3.884005922408308,-0.1167781717098015
2335.949951171875,2390.449951171875,2327.050048828125,2348.199951171875,7453998,2264.932507324219,2244.4609912109377,0.0090887182913839,0.0073702316036114,73.77983467889652,21.014685325359096,14.155704170110926,6.85898115524817,0.6132794534500361
2325.0,2359.0,2320.0,2327.64990234375,3866535,2268.4474975585936,2249.17298828125,-0.0087514050146664,0.0072814048597259,67.86051565695311,22.81016405745413,15.886596147579567,6.923567909874564,-0.4812803813470301
2335.0,2348.5,2324.300048828125,2331.14990234375,2308813,2272.2824951171874,2252.65298828125,0.0015036625552991,0.0072507064862113,69.78189391900588,24.23613555345537,17.55650402875473,6.679631524700639,-0.4028728564464048
2330.949951171875,2383.0,2330.14990234375,2374.10009765625,4145424,2278.8800048828125,2256.1419921875,0.018424467370939,0.0079436010007202,75.08959597707744,28.50338081823156,19.7458793866501,8.757501431581463,0.7954784558125756
2384.10009765625,2505.75,2381.85009765625,2491.39990234375,7512131,2290.7800048828126,2260.7059912109376,0.0494081124899916,0.0130978613499742,84.26783314341986,40.879088669486464,23.97252124321737,16.906567426269092,0.8121502167208952
2491.39990234375,2538.0,2464.60009765625,2491.39990234375,7318770,2301.8625,2265.1359912109374,0.0,0.0131358061727349,83.78303980030509,50.10929751397998,29.199876497369896,20.90942101661009,-0.0257398333442268
2488.949951171875,2507.60009765625,2477.300048828125,2503.0,3074003,2314.1824951171875,2270.8179931640625,0.004656056077283,0.0129000723781303,85.49921569908989,57.69526041014751,34.89895327992542,22.79630713022209,-0.5799836584562706
2480.0,2495.75,2450.60009765625,2460.949951171875,4828176,2324.5874877929687,2275.949990234375,-0.0167998596996105,0.0137447896158458,78.45445413177603,59.62676293897357,39.84451521173505,19.78224772723852,0.5706477840132231
2485.0,2500.39990234375,2436.39990234375,2449.89990234375,4183256,2334.652478027344,2280.500986328125,-0.004490155853378,0.013820736266962,75.140278147704,59.57905574946881,43.791423319281805,15.787632430187005,-0.1335742524713266
2465.0,2504.89990234375,2452.14990234375,2465.300048828125,4598809,2345.5124755859374,2285.4069873046874,0.0062860308985042,0.013783109156563,78.2406640572107,60.09121643736216,47.05138194289788,13.039834494464287,0.0993372148393501
2485.0,2555.0,2458.0,2522.949951171875,7499613,2359.527478027344,2292.4269873046874,0.0233845378663557,0.014279190399924,80.2227316830238,64.4065343548732,50.52241242529294,13.88412192958026,0.6307728805436363
2510.0,2519.85009765625,2409.0,2467.449951171875,7502280,2370.224975585937,2297.09798828125,-0.0219980582548698,0.0155945329049864,68.7590635779829,62.62615341440596,52.94316062311555,9.68299279129041,0.0003556183499069
2450.0,2450.0,2302.60009765625,2332.25,8424708,2374.41748046875,2299.04798828125,-0.054793391496214,0.0204801903472457,53.797075945786,49.73239841412533,52.30100818131751,-2.5686097671921786,0.1229530222812265
2368.0,2440.0,2352.10009765625,2422.300048828125,8228267,2383.60498046875,2303.4789892578124,0.0386108045141493,0.0219733475508534,57.63282075360959,46.247182312853965,51.0902430076248,-4.843060694770834,-0.0233172473158713
2440.0,2444.0,2366.0,2426.300048828125,4347166,2392.057482910156,2307.8469921875,0.0016513230893651,0.0219574858487556,56.435403753197605,43.30865479974591,49.53392536604903,-6.2252705663031165,-0.4716790303474595
2434.85009765625,2511.050048828125,2426.300048828125,2488.39990234375,6995811,2404.1599731445312,2313.1139892578126,0.0255944657568707,0.0223746597692978,62.39685168407489,45.46667819898721,48.72047593263667,-3.2537977336494563,0.6092808510188017
2489.0,2505.0,2460.0,2492.300048828125,3917166,2415.51748046875,2319.140991210937,0.0015673310711439,0.0223783417588326,62.420045151416055,46.95042128604655,48.366465003318645,-1.416043717272096,-0.4400697789005449
2510.0,2540.0,2492.300048828125,2523.449951171875,2610337,2426.714978027344,2326.1859912109376,0.0124984559376775,0.0223226537933152,61.723829575687056,50.062743022292125,48.70572060711334,1.3570224151787826,-0.3336159356024227
2620.0,2728.10009765625,2603.050048828125,2705.800048828125,17412105,2447.564978027344,2337.153994140625,0.07226222084237,0.0267730173639185,65.27066039320538,66.47710267970933,52.25999702163254,14.21710565807679,5.67044331823822
2736.0,2736.0,2650.10009765625,2714.300048828125,9846367,2466.927478027344,2347.303994140625,0.003141399898962,0.0267323005407408,65.68614144207513,79.2578448309082,57.65956658348768,21.598278247420524,-0.4345102444534994
2742.0,2770.0,2703.0,2735.949951171875,9656101,2486.314978027344,2355.8279931640627,0.0079762376871699,0.0267312096331363,66.16473078800952,90.09508123512796,64.14666951381574,25.948411721312223,-0.0193234723020175
2800.0,2885.0,2800.0,2825.699951171875,19839329,2511.21748046875,2366.8209912109373,0.032803962646158,0.0269739922049778,73.73901724698992,104.71861310470013,72.26105823199262,32.457554872707505,1.0545900462308753
2810.0,2829.85009765625,2780.0,2812.949951171875,7739245,2535.307482910156,2377.489990234375,-0.0045121563578299,0.0271079222387828,73.57621091316115,113.965327667986,80.6019121191913,33.363415548794706,-0.6099038934230084
2815.5,2854.0,2800.75,2830.0,4623203,2558.102478027344,2388.4619921875,0.0060612698853821,0.0270413892973494,73.63271257182073,121.27127228741438,88.73578415283592,32.53548813457846,-0.4026286801877961
2845.0,2854.89990234375,2812.199951171875,2826.550048828125,4209878,2574.8599853515625,2399.9099951171875,-0.0012190640183303,0.0253955099363664,71.15975320489915,125.33808439106316,96.05624420048136,29.28184019058177,-0.0894023039870842
2842.0,2842.0,2787.550048828125,2809.60009765625,4395936,2590.769995117188,2411.107998046875,-0.0059966923914551,0.025513086258013,75.200723305194,125.74384609512754,101.9937645794106,23.75008151571693,0.0441955800144326
2811.0,2827.75,2727.0,2740.60009765625,6629355,2602.65,2420.73,-0.0245586551828351,0.0264339427951984,83.32654556003912,119.12449875677204,105.4199114148829,13.704587341889123,0.508064494114564
2750.10009765625,2771.64990234375,2731.300048828125,2763.300048828125,5273773,2617.7675048828123,2429.8339990234376,0.0082828396566458,0.0259419851439981,81.2672035702837,114.39167858508472,107.21426484892328,7.177413736161441,-0.204481733139951
2774.0,2774.0,2706.60009765625,2711.550048828125,3331194,2630.850012207032,2438.157998046875,-0.0187276079635095,0.0264392607268631,74.04941353536984,105.2518145920526,106.82177479754915,-1.569960205496557,-0.3683471017808313
2725.0,2759.89990234375,2717.949951171875,2739.0,3406273,2644.535009765625,2447.2819970703126,0.0101233429874318,0.0264598239094539,72.43912441642773,99.08124130532995,105.27366809910532,-6.192426793775354,0.0225381649942932
2739.0,2749.0,2663.050048828125,2675.39990234375,4570143,2652.157507324219,2455.1919970703125,-0.0232201889946148,0.0268609948612959,64.81151083228629,88.04410354622723,101.82775518852972,-13.783651642302472,0.3416842983518937
2661.0,2686.64990234375,2638.10009765625,2671.14990234375,5262294,2662.3425048828126,2463.4679931640626,-0.0015885475648993,0.026230505975783,62.491539527287216,78.05439044668856,97.07308224016148,-19.018691793472925,0.1514506220046068
2687.800048828125,2702.0,2670.10009765625,2686.800048828125,3499091,2680.0700073242188,2472.1149951171874,0.0058589547784806,0.0222420585229712,47.76207302709069,70.5866281600861,91.7757914241464,-21.189163264060312,-0.3350635673339421
2689.949951171875,2709.949951171875,2670.5,2688.199951171875,2672752,2693.3650024414064,2481.03599609375,0.0005210295959168,0.0210198438969582,46.873490205712216,64.04308435429948,86.22925001017703,-22.186165655877545,-0.236158190798696
2699.75,2718.14990234375,2624.10009765625,2630.14990234375,3537502,2703.5574951171875,2488.57099609375,-0.021594393974607,0.0218652308296765,38.342878201386405,53.555767399325305,79.69455348800669,-26.138786088681385,0.3235429250450472
2650.0,2655.949951171875,2606.0,2622.199951171875,3569445,2710.2474975585938,2495.6199951171875,-0.0030226228416831,0.0213255723621438,22.647849462365585,44.09470225679616,72.57458324176459,-28.479880984968432,0.0090298182163572
2608.0,2655.0,2600.25,2632.64990234375,3105968,2717.264990234375,2503.140991210937,0.0039851847175897,0.021324873916136,25.615353984141763,37.01329744081295,65.46232608157426,-28.449028640761316,-0.1298456762886106
2636.10009765625,2674.35009765625,2621.60009765625,2664.85009765625,3427003,2724.334997558594,2511.3809912109373,0.0122310966163154,0.0213186585896455,28.543606543233523,33.61206084420701,59.09227303410081,-25.480212189893805,0.1033606914172973
2660.0,2664.85009765625,2600.050048828125,2604.60009765625,2571196,2719.275,2518.5009912109376,-0.0226091516565941,0.0145682622891183,24.87265056531264,25.757963102202662,52.425411047721184,-26.66744794551852,-0.2497246136055323
2604.0,2665.0,2601.050048828125,2633.60009765625,2879269,2715.2400024414064,2526.2109912109377,0.011134146860432,0.0148185206697325,30.603931647111736,21.624319992629808,46.26519283670292,-24.640872844073108,0.1198170034489785
2610.0,2721.85009765625,2610.0,2653.14990234375,4893928,2711.1,2534.4209912109377,0.0074232244693863,0.0148006023710711,39.18364931199753,19.698808300740893,40.95191592951051,-21.25310762876962,0.6997119755048937
2685.0,2710.0,2667.0,2685.699951171875,2816502,2704.1,2543.064990234375,0.0122684544885198,0.0128895051930508,40.63027295870539,20.562313767165502,36.87399549704151,-16.311681729876007,-0.4244905115073208
2699.0,2713.25,2681.300048828125,2707.449951171875,3884421,2698.825,2552.245991210937,0.0080984474794028,0.0130906045312712,49.46627224501263,22.73956376203205,34.047109150039624,-11.307545388007576,0.379165006806315
2731.10009765625,2744.0,2695.10009765625,2726.60009765625,3646592,2693.6550048828126,2562.0069921875,0.0070731303735036,0.0131246089517431,48.35020054856888,25.71389309280903,32.3804659385935,-6.666572845784472,-0.0612263706740335
2697.199951171875,2713.14990234375,2638.35009765625,2649.60009765625,4760020,2684.807507324219,2569.853994140625,-0.0282402982623627,0.0143936156538747,46.68553549070234,21.608722134382788,30.22611717775136,-8.617395043368575,0.305333856927235
2667.949951171875,2692.800048828125,2643.39990234375,2687.800048828125,3242441,2678.7175048828126,2578.6829931640623,0.0144172515715355,0.0148945659554656,51.96740407899042,21.19345640990377,28.41958502418185,-7.226128614278075,-0.3188177780765627
2686.0,2713.0,2661.75,2671.050048828125,2437505,2675.2400024414064,2586.80099609375,-0.0062318623765569,0.0139760432303928,48.14378314672952,19.290402564115997,26.59374853216868,-7.303345968052689,-0.2482500067079093
2655.75,2664.89990234375,2636.0,2656.85009765625,2548093,2669.9175048828124,2593.947998046875,-0.0053162430176495,0.0138208203872145,46.41347099723655,16.44681267619444,24.564361360973837,-8.117548684779393,0.0453693428321173
2677.949951171875,2689.0,2660.050048828125,2670.35009765625,298819,2667.8575073242187,2601.578999023437,0.0050812049998263,0.0133083341941382,55.1210439888535,15.108423873108222,22.673173863400716,-7.564749990292491,-0.8827283776534058
2695.0,2695.0,2650.050048828125,2666.050048828125,2827273,2664.210009765625,2608.3589990234377,-0.0016102940329431,0.0130633749527227,55.63843212597239,13.54462904824004,20.84746490036858,-7.302835852128538,8.46149006589273
2661.0,2664.199951171875,2607.050048828125,2626.64990234375,2893762,2661.772509765625,2613.927998046875,-0.0147784721827309,0.0124381396243382,49.28195359110857,9.022047297259633,18.482381379746787,-9.460334082487154,0.0235170073777806
2637.0,2676.14990234375,2630.85009765625,2636.89990234375,4167501,2660.060009765625,2620.112998046875,0.0039023091698875,0.0124813872018387,46.46959853262794,6.193562480425953,16.02461759988262,-9.831055119456668,0.4401671595659906
2655.0,2676.0,2627.550048828125,2660.25,2711471,2658.7325073242187,2626.695,0.0088551323603507,0.0125802078829523,57.75175819242855,5.769617066819137,13.973617493269924,-8.204000426450788,-0.3493772407013219
2690.0,2730.0,2665.0,2724.25,3706418,2660.535009765625,2633.697998046875,0.0240578892961187,0.0137220208516688,61.50524906731449,10.477128585311675,13.274319711678276,-2.7971911263666005,0.3669399377680971
2734.39990234375,2743.0,2705.0,2722.050048828125,3120516,2665.130017089844,2638.3110009765624,-0.0008075437907222,0.0126883174131336,59.14764789586109,13.870457703350894,13.3935473100128,0.4769103933380929,-0.1580776911832394
2729.0,2732.949951171875,2688.199951171875,2701.300048828125,3302249,2669.085021972656,2642.50900390625,-0.0076229311099306,0.0128212599442046,52.13816956248804,14.715710343371484,13.657979916684535,1.0577304266869465,0.0582381247203989
2686.0,2730.949951171875,2680.0,2720.60009765625,2341099,2673.482531738281,2646.861005859375,0.0071447260501467,0.0128720075012211,51.81456245068849,16.749849949695545,14.276353923286738,2.4734960264088066,-0.2910592144929107
2705.0,2717.699951171875,2669.050048828125,2679.64990234375,6086808,2674.222521972656,2651.2350048828125,-0.0150518980528515,0.0131426782924313,43.8890866105702,14.88598534340008,14.398280207309408,0.4877051360906712,1.5999788987992392
2679.0,2735.89990234375,2624.449951171875,2726.800048828125,3605017,2680.33251953125,2656.7730078125,0.0175956368192484,0.0125038630458313,60.89469858015525,17.017316948692496,14.922087555586026,2.09522939310647,-0.4077327558220992
2719.0,2754.699951171875,2702.449951171875,2749.550048828125,2509032,2686.130017089844,2662.4580078125,0.0083431126568216,0.0124161637257055,59.11168558690195,20.30804892493325,15.999279829455473,4.308769095477775,-0.3040165968704169
2773.89990234375,2773.89990234375,2700.800048828125,2709.449951171875,2852548,2688.94501953125,2666.1880078125,-0.0145842399462199,0.012897564277628,55.30091522229427,19.455958792146248,16.69061562199363,2.7653431701526188,0.1369117651747766
2710.800048828125,2738.85009765625,2699.0,2727.550048828125,2686527,2691.0375244140623,2671.390009765625,0.0066803587379133,0.0127026157052611,59.655803178155566,20.01052891377003,17.35459828034891,2.655930633421121,-0.0582009487658051
2715.0,2744.0,2706.14990234375,2737.699951171875,1996400,2692.5500244140626,2679.4990087890624,0.0037212524654171,0.0126085204032376,59.2832139946306,21.026659778204248,18.08901057991998,2.9376491982842694,-0.2568844459780229
2740.0,2805.550048828125,2732.449951171875,2797.300048828125,4277818,2696.085021972656,2686.9990087890624,0.021770135047392,0.0134067358451738,65.697853692266,26.337577393535867,19.73872394264316,6.598853450892708,1.142765978761771
2815.0,2840.0,2793.14990234375,2810.800048828125,3659996,2704.14501953125,2694.6890087890624,0.0048260822093988,0.0114612010687357,73.47951656312316,31.27533247798692,22.046045649711917,9.229286828275008,-0.1444245641118906
2818.0,2827.300048828125,2780.25,2784.300048828125,2127801,2708.97001953125,2700.60701171875,-0.0094279207128405,0.0114534003911824,68.04602318614977,32.673569852094715,24.171550490188476,8.502019361906243,-0.418632971183575
2792.699951171875,2807.699951171875,2764.550048828125,2783.60009765625,1795408,2714.597521972656,2706.4330126953123,-0.0002513921486908,0.0113090777036082,65.9883268334732,33.34087003915738,26.005414399982257,7.335455639175123,-0.1562143264337219
2802.0,2804.0,2756.25,2797.699951171875,2483658,2721.640014648437,2711.9180126953124,0.005065330155541,0.0111870841666522,60.93492279610335,34.608505280533336,27.726032576092475,6.882472704440861,0.3833390516250345
2786.0,2794.699951171875,2755.0,2761.550048828125,2365509,2726.2000122070312,2713.0330126953127,-0.0129212935535163,0.0116935685334215,55.34072048495347,32.32351498033722,28.645529056941427,3.677985923395795,-0.047570559231585
2779.0,2819.800048828125,2760.449951171875,2814.199951171875,2565149,2733.6075073242187,2715.0310107421874,0.0190653442497239,0.0122804963446816,64.0527567152314,34.364913479339975,29.78940594142114,4.575507537918835,0.0843962124007982
2811.0,2853.699951171875,2805.0,2838.199951171875,2863460,2744.185009765625,2717.0760107421875,0.008528178671173,0.0116144775260128,64.46848069974138,37.48720673662865,31.328966100462644,6.158240636166006,0.1162938293253139
2868.0,2898.0,2846.199951171875,2861.0,6076692,2755.390014648437,2717.78201171875,0.0080332778593386,0.0116503658634455,73.35480974323889,41.32505057137314,33.32818299464475,7.996867576728391,1.1221501260712563
2861.0,2886.5,2785.0,2820.14990234375,2705195,2763.385009765625,2717.9260107421874,-0.0142782585306711,0.0122895735137424,62.22016827456252,40.60227028047393,34.78300045181059,5.819269828663344,-0.5548244011709003
2834.0,2883.64990234375,2818.64990234375,2872.5,2881737,2770.797509765625,2718.7760107421877,0.0185628776728297,0.011847350804267,64.93742395632935,43.74936165727104,36.57627269290268,7.173088964368361,0.0652603601588794
2876.050048828125,2919.0,2865.449951171875,2908.75,2790988,2780.1325073242188,2720.420009765625,0.0126196692776328,0.0120162004480727,74.44200057606895,48.60820120710014,38.98265839574217,9.625542811357969,-0.0314910763889972
2909.0,2921.35009765625,2883.199951171875,2909.35009765625,1807144,2790.535009765625,2722.415009765625,0.0002063077460248,0.0117633790718485,73.29575494334773,51.90891575339538,41.56790986727282,10.34100588612256,-0.3525074274772948
2910.0,2949.699951171875,2902.0,2929.39990234375,2108994,2800.975,2726.191005859375,0.0068915063551999,0.0117597053721573,73.95651354123635,55.502805692049606,44.35488903222818,11.147916659821426,0.167031514920781
2920.0,2952.0,2920.0,2930.5,1994151,2813.5175048828123,2729.5350048828127,0.0003755368652023,0.0109373578492844,69.49648833291761,57.77377789927687,47.03866680563792,10.735111093638949,-0.0544539244777367
2934.39990234375,2947.699951171875,2902.0,2909.300048828125,2637968,2822.6425048828123,2733.4900048828126,-0.0072342437030796,0.0107857131145097,64.09963571095076,57.20347480120836,49.071628404752005,8.131846396456353,0.3228526826704698
2900.0,2905.0,2845.0,2862.75,4040956,2828.3025024414064,2735.9650048828125,-0.0160004289852727,0.0115342129898337,60.62000572426872,52.39137047539271,49.73557681888015,2.6557936565125573,0.5318442073596041
2880.0,2940.0,2879.0,2928.25,2681440,2839.2425048828127,2741.0220068359376,0.0228800978080516,0.0117256164347875,66.65898132912852,53.24922183863828,50.43830582283178,2.810916015806498,-0.3364342497171462
2950.0,3050.75,2940.949951171875,3039.449951171875,5113293,2854.8375,2748.3880078125,0.0379748830092632,0.0139797413048319,72.75294117647059,62.18515024419503,52.78767470710443,9.3974755370906,0.9069205352347992
3039.60009765625,3114.25,3039.60009765625,3093.0,5801309,2872.602502441406,2756.5120068359374,0.0176183354516097,0.0142287668350198,80.20594756929627,72.74936983889256,56.780013733462056,15.969356105430506,0.1345543859896156
3100.0,3113.5,3037.199951171875,3051.5,3726716,2885.3125,2763.7780078125,-0.0134173941157452,0.0143788459958693,72.07441312027021,76.88658610438051,60.80132820764575,16.085257896734767,-0.3576077399083551
3075.0,3080.85009765625,3000.25,3032.800048828125,3717827,2896.4125,2771.831010742188,-0.0061281177033836,0.0145713418346931,68.28260299134085,77.76006045132999,64.1930746563826,13.566985794947383,-0.0023852099274535
3090.0,3128.0,3060.0,3120.89990234375,5879039,2913.242492675781,2781.805009765625,0.0290490148038828,0.0152425086641371,71.74894580282427,84.58616045715144,68.27169181653638,16.31446864061506,0.5813105343524592
3230.0,3230.0,3146.550048828125,3176.449951171875,9508039,2932.8849853515626,2792.6810107421875,0.0177993689532969,0.0153969707986763,79.09997363982913,93.40164258524192,73.29768197027748,20.10396061496444,0.6172777557692677
3176.449951171875,3210.0,3150.0,3174.85009765625,3611458,2951.742492675781,2802.8810107421878,-0.000503660860463,0.0154788848419568,76.92583982766433,99.1163295266847,78.46141148155893,20.65491804512577,-0.6201679441996399
3175.0,3177.0,3126.25,3158.949951171875,3572801,2971.6124877929688,2813.9680078125,-0.0050081566043426,0.0150527796788012,73.11957299066707,101.195729780894,83.00827514142594,18.187454639468054,-0.0107039871431426
3155.0,3266.5,3120.39990234375,3250.699951171875,6931542,2993.437487792969,2826.3100048828123,0.0290444614248996,0.0156331355611698,76.99485846788907,108.99075015349808,88.20477014384038,20.785980009657703,0.9400862236659696
3235.0,3274.0,3210.0,3233.35009765625,4131692,3013.194995117188,2837.9140087890623,-0.0053372669813375,0.0158836031152259,74.14028191648609,112.4718661176421,93.05818933860073,19.413676779041367,-0.4039288804713294
3250.0,3256.75,3187.39990234375,3221.75,4160906,3031.232495117188,2848.635009765625,-0.0035876404675938,0.0160423836931109,72.75213568280056,112.99214159141412,97.0449797891634,15.947161802250704,0.0070707109823286
3233.0,3279.0,3232.0,3260.699951171875,2975735,3053.2599975585936,2859.700009765625,0.0120896876454954,0.0153501078597632,76.7102467832663,115.21922370461698,100.67982857225414,14.53939513236284,-0.2848348412581298
3270.0,3327.949951171875,3267.10009765625,3308.800048828125,3453446,3075.075,2871.3440087890626,0.0147514639115944,0.0152273268432603,83.82499036359873,119.48809384902506,104.44148162760834,15.046612221416725,0.1605354643474636
3305.0,3309.14990234375,3262.10009765625,3273.85009765625,2778546,3093.3300048828123,2883.8290087890623,-0.010562726866573,0.0156693163885009,77.48093233171453,118.68293225786783,107.28977175366025,11.393160504207586,-0.1954279870019685
3241.89990234375,3325.0,3241.89990234375,3303.10009765625,3052459,3113.0175048828123,2896.135009765625,0.0089344347259332,0.0156196075231503,74.10626470770754,119.03292893422169,109.63840318977256,9.394525744449126,0.0985814163235014
3308.949951171875,3339.800048828125,3278.64990234375,3291.300048828125,2272887,3131.112512207031,2908.540009765625,-0.0035724163601635,0.0157795807509741,69.62978680828212,117.00932780337462,111.11258811249296,5.89673969088166,-0.2553914729075804
3300.0,3306.449951171875,3227.0,3261.050048828125,2786662,3147.640014648437,2920.6240087890624,-0.0091908970775151,0.0160994647917908,71.21596749866151,111.67734027574988,111.22553854514436,0.4518017306055384,0.2260451135494197
3230.0,3275.0,3183.800048828125,3196.550048828125,3083938,3162.0025146484377,2931.1480078125,-0.0197789052710731,0.01684785310868,65.17187340244281,101.0818817823033,109.19680719257614,-8.114925410272846,0.1066781690782736
3210.050048828125,3216.85009765625,3100.0,3111.35009765625,5445659,3174.43251953125,2940.0540087890627,-0.0266537203767887,0.0176892473792243,49.110404779925474,84.83208905968377,104.32386356599768,-19.491774506313902,0.7658133853534022
3100.0,3165.0,3044.10009765625,3139.35009765625,3985846,3184.9875244140626,2950.3080126953123,0.0089993086991695,0.0171879180959102,46.35704467073855,73.36764075495648,98.13261900378944,-24.76497824883296,-0.2680691170710468
3174.0,3224.0,3150.0,3203.449951171875,2881837,3193.1875244140624,2961.639013671875,0.020418192148585,0.0157275926197561,52.50129927919364,68.66280329517804,92.23865586206718,-23.57585256688914,-0.2769823520527386
3213.0,3236.0,3162.64990234375,3200.050048828125,2505866,3198.540026855469,2972.4350146484376,-0.0010613252573233,0.0153481185282107,53.67490336095197,63.92297771043559,86.57552023174087,-22.65254252130528,-0.1304622711138763
3216.050048828125,3237.85009765625,3176.0,3188.449951171875,2057261,3205.3875244140627,2981.719013671875,-0.0036249738220494,0.0149886254628672,43.50276324185042,58.55560824883696,80.97153783516009,-22.41592958632313,-0.1790219429131485
3198.949951171875,3205.85009765625,3129.0,3157.949951171875,2366135,3211.64501953125,2990.43701171875,-0.0095657766209533,0.0151096305172245,42.3404963465706,51.25005544275473,75.02724135667903,-23.7771859139243,0.1501384607981195
3189.5,3226.0,3155.14990234375,3214.10009765625,2526592,3216.305029296875,3000.6930126953125,0.0177805688350249,0.0142380497463536,49.28738683337215,49.42149948297947,69.90609298193912,-20.48459349895965,0.0678139666587072
3195.0,3245.800048828125,3164.0,3176.89990234375,2658751,3216.327526855469,3009.8190087890625,-0.011574062469189,0.013988463530067,42.16822330962356,44.45812525044357,64.81649943564003,-20.358374185196453,0.0523072185774355
3185.0,3219.39990234375,3157.300048828125,3213.300048828125,2127983,3218.2500244140624,3020.49201171875,0.0114577568079878,0.014215169186771,40.87522009034085,42.96651182199139,60.4465019129103,-17.47999009091891,-0.1996305784182122
3215.0,3219.300048828125,3185.050048828125,3206.0,1165882,3220.602526855469,3030.0760107421875,-0.0022718229599465,0.0141704575194679,43.15544797909943,40.72588188666487,56.50237790766121,-15.776496020996348,-0.4521187434298113
3184.199951171875,3245.5,3182.0,3190.800048828125,2777404,3217.607531738281,3038.9010107421877,-0.0047410951877339,0.012551918008274,38.34095004904608,37.29375826109754,52.66065397834848,-15.36689571725094,1.3822342226743358
3209.0,3209.0,3131.550048828125,3139.85009765625,2630853,3212.9325317382813,3047.509013671875,-0.0159677668271903,0.0129698562107066,35.458484861413055,30.115388851160333,48.15160095291085,-18.03621210175052,-0.0527654601203138
3150.0,3167.64990234375,3100.0,3108.800048828125,3435770,3207.2850341796875,3055.134013671875,-0.0098890226801917,0.0131020166259131,35.40409217935935,21.671187967043807,42.855518355737445,-21.18433038869364,0.3059528601560026
3105.10009765625,3132.85009765625,3045.550048828125,3073.10009765625,3678426,3197.9050415039064,3061.8420166015626,-0.0114835147359613,0.0128540724318955,37.47337493589919,11.960536605753989,36.67652200574075,-24.715985399986764,0.0706263806948661
3065.0,3097.89990234375,3031.0,3057.35009765625,4189909,3185.3325439453124,3067.043017578125,-0.0051251177961993,0.0121692923385941,43.62154941811173,2.9597637545361977,29.93317035549984,-26.97340660096364,0.1390494195071479
3058.0,3087.14990234375,3016.14990234375,3071.85009765625,3725028,3175.2325439453125,3072.2640185546875,0.0047426691536294,0.0122076897994505,41.76428114399282,-2.969158151740885,23.352704654051696,-26.32186280579258,-0.1109525290406068
3096.0,3096.0,2943.14990234375,2958.449951171875,5366696,3158.000036621094,3075.7470166015623,-0.036915911544934,0.0140006272835263,23.31739410659854,-16.626653858811096,15.356832951479136,-31.98348681029023,0.4407129288692595
2970.0,3028.0,2968.0,2980.199951171875,3832829,3142.445031738281,3079.679013671875,0.0073518228663576,0.0142859061540478,26.97666950631968,-25.402450736330135,7.204976213917282,-32.60742695024742,-0.2858121645049394
2972.0,3003.35009765625,2921.14990234375,2948.10009765625,3774549,3126.797534179688,3082.6870166015624,-0.010771040212588,0.0143154882559858,25.866086815829533,-34.54926052781093,-1.1458711344283603,-33.40338939338257,-0.0152054787729898
2974.0,3029.89990234375,2968.449951171875,2995.300048828125,4224073,3116.735034179688,3087.3620166015626,0.0160102946332789,0.014596245706833,34.19802012136576,-37.556602458676025,-8.428017399277893,-29.128585059398134,0.1190934334141642
2960.0,2972.35009765625,2880.0,2894.300048828125,5553153,3105.882531738281,3088.9640185546878,-0.0337194933240544,0.0152653921673065,21.420919635224838,-47.5417666215053,-16.250767243723374,-31.29099937778193,0.3146441834693672
2926.0,2965.0,2901.800048828125,2924.199951171875,3265871,3095.1250244140624,3090.684018554688,0.0103306159829061,0.0153255372512339,27.11879993509625,-52.43793702796438,-23.488201200571574,-28.949735827392807,-0.4118888854674092
2960.0,3025.0,2948.0,3006.35009765625,3306469,3085.270031738281,3093.5910205078126,0.0280932042459864,0.0160338706956593,32.695044061272185,-49.1230966066023,-28.61518028177772,-20.50791632482458,0.0124309870169396
3035.0,3064.0,2996.89990234375,3059.10009765625,3509857,3078.2225341796875,3098.3700244140623,0.0175461933196416,0.0166819273874662,38.58409040717684,-41.758214833664624,-31.243787192155104,-10.51442764150952,0.0615121448288189
3023.0,3081.449951171875,3016.050048828125,3049.699951171875,3916760,3071.2850341796875,3101.9140234375,-0.0030728469760035,0.0166797569515175,38.93506304540112,-36.26200045950509,-32.2474298456251,-4.0145706138799895,0.1159315037621191
3016.10009765625,3063.199951171875,2996.60009765625,3008.050048828125,3203686,3063.7900390625,3103.9000244140625,-0.0136570492214309,0.0168009248147536,39.51137684344032,-34.86510675834552,-32.77096522816919,-2.09414153017633,-0.1820571084263523
3016.0,3033.0,2996.0,3006.949951171875,2003125,3053.4325317382813,3105.852021484375,-0.0003657178698468,0.0161366270876146,41.48908823987838,-33.4611082954475,-32.90899384162485,-0.5521144538226537,-0.3747436546527968
3006.949951171875,3066.89990234375,2992.10009765625,3050.949951171875,1942397,3047.1350341796874,3108.283022460937,0.0146327676597517,0.0164812878424272,48.174388763215646,-28.46981481830062,-32.02115803696,3.551343218659383,-0.0303166302652105
3075.0,3093.199951171875,3060.0,3070.949951171875,3053778,3040.017529296875,3111.092021484375,0.006555335328368,0.0163078543070544,51.113099546127934,-22.63937332118121,-30.144801093804247,7.505427772623037,0.5721698499328407
3075.0,3117.0,3041.35009765625,3057.949951171875,2938317,3032.615026855469,3114.06501953125,-0.0042332178012342,0.0163146110525923,48.85952222324159,-18.85040208188593,-27.885921291420587,9.035519209534655,-0.0378092317123248
3041.0,3099.0,3041.0,3066.14990234375,3097083,3026.38251953125,3118.133017578125,0.0026815190905045,0.0163389836707784,60.68028179312155,-15.012888315658074,-25.311314696268084,10.29842638061001,0.0540329719359755
3060.0,3141.0,3060.0,3110.050048828125,4894756,3024.892517089844,3121.769018554688,0.0143176778313474,0.0163663383106233,62.33495521654228,-8.333196177373338,-21.91569099248914,13.5824948151158,0.5804406920964016
3105.0,3155.0,3085.300048828125,3112.949951171875,3838390,3025.100012207032,3123.2390185546874,0.0009324294780537,0.0162124845990808,66.57948355052994,-2.77352270625488,-18.08725733524229,15.313734628987408,-0.215815864978765
3125.949951171875,3146.449951171875,2987.050048828125,3036.5,3656306,3023.2700073242186,3122.1090185546877,-0.0245586830405337,0.0169547276932863,53.91336813325696,-4.484617684687237,-15.366729405131275,10.88211172044404,-0.0474375975343829
3030.0,3099.0,3005.0,3050.199951171875,5776626,3022.9125,3122.083017578125,0.0045117573429525,0.0169521435806642,67.75220538276861,-4.681238811518597,-13.229631286408742,8.548392474890145,0.5799076991914791
3048.699951171875,3139.449951171875,3018.64990234375,3129.64990234375,2821646,3025.802490234375,3124.0200146484376,0.0260474567056991,0.0179069704236584,71.02219273338991,1.5559485907037924,-10.272515310986236,11.828463901690029,-0.5115408198488183
3140.0,3169.0,3122.85009765625,3142.60009765625,3305973,3035.0099975585936,3124.4540185546875,0.0041379054260355,0.0155147503714683,66.24149917232612,7.457966283006499,-6.726418992187689,14.184385275194188,0.1716469748508495
3111.199951171875,3152.300048828125,3111.14990234375,3121.10009765625,2207104,3042.0550048828127,3123.347021484375,-0.0068414686348525,0.0156360222309707,57.98557042843451,10.281963434719728,-3.324742506806206,13.606705941525934,-0.3323889820031803
3112.199951171875,3130.85009765625,3050.0,3064.85009765625,3179786,3047.8925048828123,3121.147021484375,-0.0180224915061968,0.0160371446918726,51.74119581473261,7.890143956036809,-1.0817652142376033,8.971909170274412,0.4407051049701327
3090.64990234375,3118.0,3043.050048828125,3066.800048828125,3697370,3051.4675048828126,3119.3040234375,0.0006362305201699,0.0156984788025576,57.430123370183416,6.081846806037902,0.3509571898174979,5.730889616220404,0.1627732180719079
3083.0,3188.449951171875,3060.89990234375,3158.550048828125,4694008,3064.6800048828127,3117.461025390625,0.029917177037694,0.0146409731110767,65.59671786586935,11.914869303263911,2.663739612506781,9.251129690757132,0.2695532229665951
3155.0,3205.0,3132.0,3177.85009765625,3530069,3077.362512207031,3116.351025390625,0.0061104141234948,0.0145825004859353,63.75462096814741,17.888724222670135,5.708736534539452,12.179987688130684,-0.2479627218360087
3191.10009765625,3215.0,3145.0,3165.0,4285076,3085.2950073242187,3115.216025390625,-0.0040436449994061,0.0135533428284258,60.35451045828968,21.340155765607506,8.835020380753063,12.505135384854444,0.2138788221986596
3171.0,3263.0,3151.0,3238.89990234375,5317862,3094.2849975585937,3114.7800244140626,0.0233491002665877,0.0139452065823641,67.56624929786764,29.69622504443987,13.007261313490424,16.688963730949446,0.2410192958071222
3275.0,3275.0,3230.0,3264.699951171875,2291562,3105.0349975585937,3113.8980224609377,0.0079656826719021,0.0139126194640077,68.63794182153194,37.96270800366756,17.998350651525854,19.964357352141704,-0.5690820859962142
3259.0,3277.550048828125,3234.800048828125,3271.39990234375,2491268,3118.202490234375,3113.8490185546875,0.0020522410243153,0.0133237742469511,66.28316373167343,44.54114280305566,23.30690908183182,21.234233721223845,0.0871484166695031
3270.0,3335.0,3266.050048828125,3317.35009765625,2578118,3133.7224975585937,3114.1340185546874,0.0140460343229757,0.0134479133053826,68.97864937931185,52.853138436587415,29.21615495278294,23.636983483804475,0.0348617651733975
3354.0,3354.35009765625,3308.0,3322.25,2911129,3147.2875,3114.753017578125,0.0014770531296084,0.013273051225324,80.59748158031776,59.1539461605189,35.203713194330135,23.950232966188764,0.1291682537416829
3322.25,3338.10009765625,3213.199951171875,3246.550048828125,3791828,3156.0675048828125,3114.463017578125,-0.0227857479635412,0.0145744138286744,68.56035779892734,57.37761484036628,39.63849352353736,17.739121316828914,0.3025283317915488
3214.0,3214.0,3073.050048828125,3104.050048828125,8654596,3158.372509765625,3112.613017578125,-0.0438927470258581,0.0179101436967784,47.837851101498536,43.96450494747933,40.50369580832576,3.460809139153568,1.2824336968870953
3160.300048828125,3237.25,3087.449951171875,3218.949951171875,6062760,3166.0125122070312,3114.765014648437,0.0370161242687205,0.0196506581516886,55.501106627840585,42.12044234147106,40.82704511495482,1.293397226516241,-0.2994750997042497
3229.0,3247.0,3182.60009765625,3195.14990234375,3224657,3170.2675048828123,3115.8810107421878,-0.0073937306230749,0.0195698870681469,55.31775976211849,38.29707951182536,40.321051994328926,-2.0239724825035665,-0.4681206249298999
3169.0,3189.0,3135.10009765625,3161.800048828125,2679106,3172.710009765625,3115.0480126953125,-0.0104376491040879,0.0197525510414049,57.19907717107904,32.204746193770006,38.697790834217145,-6.493044640447138,-0.1691810942993317
3225.0,3225.35009765625,3126.35009765625,3144.550048828125,3141893,3178.112512207031,3113.9380126953124,-0.0054557529678049,0.0188967289317451,55.64510353776177,25.68847654351293,36.095927976076304,-10.40745143256337,0.1727393391676177
3148.0,3148.0,3105.25,3118.800048828125,1988980,3181.542517089844,3112.5450146484377,-0.0081887709211676,0.019018049741121,46.8079975721208,18.23625984837099,32.52399435053525,-14.287734502164255,-0.3669485243450365
3105.0,3119.0,3091.050048828125,3109.5,1615309,3180.535021972656,3111.576015625,-0.0029819317309615,0.0181149998389419,44.421765400208976,11.447923672458728,28.308780214919945,-16.860856542461217,-0.1878706673772486
3102.050048828125,3153.0,3088.050048828125,3100.800048828125,2490260,3178.44501953125,3109.3100146484376,-0.0027978617693761,0.0180946312726601,44.72473484552131,5.30495280101195,23.70801473213835,-18.4030619311264,0.5416616882590266
3106.0,3136.10009765625,3103.0,3132.0,1471417,3178.9900146484374,3108.4120166015623,0.0100619035992552,0.0181780820199574,40.5532043791715,2.920513575827954,19.55051450087627,-16.630000925048318,-0.4091311750580261
3149.949951171875,3151.0,3112.0,3124.10009765625,1639037,3181.952514648437,3106.628017578125,-0.0025223187559866,0.0176779235383156,37.16919682184764,0.3888893397770516,15.718189468656428,-15.329300128879376,0.1139174007096561
3145.60009765625,3157.35009765625,3105.5,3115.25,1621395,3184.3750122070314,3104.813017578125,-0.0028328470214157,0.0176997871452121,35.80583967005828,-2.304999425602091,12.113551689804725,-14.418551115406816,-0.0107636374285632
3099.0,3132.050048828125,3020.0,3035.64990234375,3072305,3178.2300048828124,3101.7100146484377,-0.0255517527184816,0.0172594771278614,25.869424644287307,-10.739193577031983,7.543002636437382,-18.28219621346937,0.8948528890245746
3024.89990234375,3055.0,3004.0,3037.0,1545831,3171.1875,3099.653012695313,0.0004447474839597,0.017168367404323,25.41583659261016,-17.117096377487997,2.6109828336523067,-19.728079211140304,-0.4968497593826133
3062.800048828125,3090.0,3035.0,3049.75,1990777,3165.425,3098.47201171875,0.0041982219295357,0.0172186958983335,30.97447144163353,-20.90186812852926,-2.0915873587840066,-18.81028076974525,0.2878361218011542
3070.0,3099.39990234375,3052.39990234375,3095.699951171875,1939289,3158.265002441406,3098.9240087890626,0.0150667927442822,0.0166752793231008,49.007476572593326,-19.96342404365714,-5.665954695758634,-14.297469347898508,-0.0258632684625148
3105.5,3134.0,3074.0,3111.449951171875,1791671,3150.602502441406,3100.006005859375,0.0050877023769819,0.0165958418812496,33.281493001555205,-17.744262164698284,-8.081616189546564,-9.66264597515172,-0.0761196500366887
3133.0,3159.85009765625,3111.800048828125,3132.89990234375,1912540,3143.6775024414064,3101.227001953125,0.0068938763304857,0.0166972034786559,40.24752952408054,-14.092281543088577,-9.283749260254966,-4.808532282833609,0.0674616042789106
3145.949951171875,3164.199951171875,3125.0,3145.5,2137153,3135.084997558594,3104.9680029296874,0.0040218641032303,0.016335864525273,47.2687599151399,-10.065311367903178,-9.44006168178461,-0.6252496861185683,0.1174422495738651
3125.0,3128.10009765625,3091.14990234375,3122.60009765625,2415625,3125.102502441406,3107.816005859375,-0.0072802105686695,0.0163402091503165,46.39040492568988,-8.622346188351912,-9.27651858309807,0.6541723947461584,0.1303004511141692
3120.0,3120.0,3070.60009765625,3087.60009765625,1978558,3117.1550048828126,3110.606005859375,-0.0112086078605678,0.015797192642345,45.02075545653823,-10.185580350374948,-9.458330936553446,-0.727249413821502,-0.180933298835705
3098.5,3098.5,3040.0,3051.5,2043935,3114.5275024414063,3111.7300048828124,-0.0116919602650786,0.0126772216416728,41.47309859660457,-14.174041340487747,-10.401473017340308,-3.772568323147439,0.0330427513370847
3055.0,3075.199951171875,3036.0,3069.75,2890462,3107.0675048828125,3115.23900390625,0.0059806652466001,0.0092414258713209,45.5598404376026,-15.681535947094744,-11.457485603291197,-4.224050343803549,0.4141653232612583
3100.0,3124.0,3078.0,3088.800048828125,2098538,3101.7500122070314,3118.531005859375,0.00620573298416,0.0093488765278718,43.60001186341734,-15.164252487953036,-12.198838980223565,-2.9654135077294725,-0.2739783467141239
3084.0,3118.0,3067.10009765625,3082.0,1986041,3097.760009765625,3120.04400390625,-0.0022015179748215,0.0091199847145844,43.742561122174685,-15.12861546792874,-12.7847942777646,-2.3438211901641406,-0.053607320906269
3067.10009765625,3088.800048828125,3052.10009765625,3060.0,2329027,3093.532507324219,3120.062001953125,-0.0071382219338091,0.0091685712828701,42.096988457546594,-16.68327460645196,-13.564490343502072,-3.1187842629498874,0.1726983481207085
3061.0,3088.199951171875,3055.10009765625,3080.5,1685566,3091.6175048828127,3120.6780029296874,0.0066993464052287,0.0091860585015448,57.720789722312816,-16.07586197017872,-14.066764668837404,-2.009097301341317,-0.2762788924301865
3081.5,3105.0,3072.0,3081.5,1652260,3090.2175048828126,3122.147001953125,0.000324622626197,0.0091702448324269,57.66976646328634,-15.336996093096332,-14.320810953689191,-1.0161851394071402,-0.0197595347794153
3092.0,3128.25,3082.10009765625,3114.0,1841613,3090.8775024414062,3124.2880029296875,0.0105468116177187,0.0094681554353095,60.36791669358766,-11.990739396316258,-13.854796642214604,1.864057245898348,0.114602423347415
3120.0,3165.0,3103.800048828125,3158.5,1923753,3092.202502441406,3126.43900390625,0.0142903018625561,0.0097419108177803,60.18158544086599,-5.682524156430191,-12.220342145057725,6.537817988627532,0.0446022046977296
3161.949951171875,3217.75,3161.800048828125,3180.0,5959785,3094.9974975585938,3128.6200048828123,0.0068070286528414,0.0098143453019028,60.91039580838369,1.039667546117471,-9.568340206822684,10.608007752940155,2.097999067447848
3189.5,3198.0,3135.64990234375,3143.60009765625,1763701,3096.415002441406,3130.3330078125,-0.0114465101709905,0.010170828370657,51.625674891728,3.39079798028024,-6.9765125694021,10.36731054968234,-0.7040663379635339
3150.0,3170.35009765625,3128.60009765625,3159.14990234375,1652799,3102.5900024414063,3132.1930078125,0.0049464958024061,0.0081430963836295,52.05539984530275,6.434650426786448,-4.294279970164391,10.728930396950838,-0.0628802727900024
3168.60009765625,3169.949951171875,3132.0,3153.0,1377441,3108.390002441406,3133.0520068359374,-0.00194669532433,0.0081850082934345,54.82079308198113,8.25551525714809,-1.784320924701895,10.039836181849983,-0.1666010204507626
3150.85009765625,3159.449951171875,3115.0,3129.449951171875,2240078,3112.375,3133.3820068359373,-0.0074690925557009,0.0084254199318332,56.88660090360599,7.709402437015797,0.1144237476416434,7.5949786893741535,0.6262605803079768
3154.550048828125,3154.550048828125,3122.64990234375,3141.25,1281706,3114.6525024414063,3135.4770068359376,0.0037706462836084,0.0078119928547612,66.05259572624792,8.134994265799378,1.7185378512731904,6.416456414526188,-0.4278297452142291
3128.0,3156.85009765625,3125.0,3143.75,1836060,3116.2675048828123,3137.3480078125,0.0007958615200955,0.00774550934028,64.02578748829272,8.575158869366533,3.089862054891859,5.485296814474673,0.4325126042945886
3145.0,3190.449951171875,3133.60009765625,3183.199951171875,2559821,3118.782507324219,3138.4190087890624,0.0125486922216699,0.0080852259221433,66.60802245889894,11.969299220694666,4.865749488052421,7.103549732642245,0.3941924555842402
3198.0,3231.0,3187.199951171875,3200.14990234375,2574057,3121.515002441406,3139.570004882813,0.0053248151017453,0.0081175022041964,70.06965502597757,15.844256578372551,7.061450906116447,8.782805672256103,0.0055613263583664
3202.0,3220.0,3186.199951171875,3200.25,1710925,3125.397497558594,3141.153002929688,3.127905232713779e-05,0.0078915431418025,75.73869532256705,18.707615499805343,9.390683824854229,9.316931674951116,-0.335319691832776
3210.0,3224.0,3193.0,3216.800048828125,1874324,3131.857495117188,3144.192001953125,0.0051714862364269,0.0073617804667028,75.38178263735765,22.058027490068525,11.924152557897088,10.133874932171436,0.0955033096132209
3211.550048828125,3309.0,3211.0,3273.800048828125,3452954,3142.9724975585937,3148.332001953125,0.0177194724990026,0.0074039203530244,79.63023012434253,28.97862916346457,15.335047879010585,13.64358128445399,0.8422396554704523
3279.0,3308.699951171875,3270.35009765625,3276.35009765625,1847360,3153.3025024414064,3150.688002929688,0.0007789262600315,0.0074053335499259,77.55902313846276,34.273934892004945,19.122825281609455,15.151109610395489,-0.4649914247337208
3298.0,3298.0,3251.550048828125,3262.75,1304985,3162.0,3152.3860009765626,-0.0041509903553893,0.0075512359504569,69.77053643359169,36.94718446865864,22.68769711901929,14.25948734963934,-0.2935946431664645
3262.10009765625,3294.699951171875,3253.0,3274.35009765625,1635552,3171.6175048828127,3154.5730029296874,0.0035553130507239,0.0074609305403002,68.59115224753694,39.54592415549632,26.0593425263147,13.486581629181622,0.2533109575972136
3265.5,3336.050048828125,3260.0,3317.75,2273413,3184.5050048828125,3156.1500048828125,0.0132545088488904,0.0073872497624447,83.39403688279003,44.59340843721611,29.766155708494985,14.827252728721128,0.3899973831464851
3350.89990234375,3358.0,3275.0,3297.300048828125,3380431,3195.345007324219,3156.8020068359374,-0.0061638011218069,0.0077003002253933,76.0022718437501,46.40846801246244,33.09461816928847,13.313849843173962,0.4869410001614314
3265.0,3286.0,3251.699951171875,3273.10009765625,1130569,3204.925012207031,3156.836010742188,-0.007339323329242,0.0080461312757974,71.16672805317563,45.37117136952929,35.549928809336635,9.821242560192658,-0.6655547768908758
3304.0,3327.050048828125,3285.0,3301.199951171875,1708688,3214.285009765625,3156.5130078125,0.0085850883496494,0.0079614594371253,79.7918473547268,46.2830079397645,37.69654463542221,8.586463304342288,0.5113522482926738
3329.0,3329.0,3256.39990234375,3261.39990234375,1467104,3219.4300048828127,3155.296005859375,-0.0120562369492331,0.0081639673495523,68.99603199110672,43.29503545505895,38.81624279934957,4.478792655709384,-0.1413856713455001
3284.0,3383.0,3278.5,3373.60009765625,4155204,3229.110009765625,3157.8370068359377,0.0344024647918426,0.0109428937417508,76.9808653905675,49.411083585075176,40.93521095649469,8.475872628580483,1.8322491111741228
3375.25,3399.64990234375,3350.0,3380.800048828125,2722861,3240.970007324219,3163.3720068359376,0.002134204103467,0.0104064591278786,75.09525014324728,54.21412499312828,43.590993763821416,10.623131229306864,-0.3447106327390905
3391.5,3391.5,3333.0,3336.75,1355238,3249.850012207032,3165.7280078125,-0.0130294747373166,0.0110490916518724,66.23098889648283,53.84540282804164,45.64187557666546,8.20352725137618,-0.502274262255767
3342.0,3366.300048828125,3326.5,3340.85009765625,1497322,3259.242517089844,3168.64201171875,0.0012287698078219,0.0110000619132791,66.54896429963068,53.26996843392226,47.16749414811682,6.102474285805435,0.1048406257793834
3346.0,3382.0,3338.5,3345.75,1693146,3270.05751953125,3172.321010742188,0.0014666633343374,0.0107326200703734,65.60570076873394,52.60293975445347,48.25458326938416,4.348356485069317,0.1307828242689281
3358.0,3362.0,3332.35009765625,3341.5,990310,3280.07001953125,3176.260009765625,-0.0012702682507659,0.0107825671251583,59.39233125073245,51.141843897268245,48.83203539496098,2.3098085023072628,-0.4151065531265466
3331.0,3339.699951171875,3295.199951171875,3325.449951171875,1682274,3289.155017089844,3180.3930078125,-0.004803246694037,0.0109187163311412,56.56590455731165,48.13395186449816,48.69241868886842,-0.5584668243702637,0.6987347396269854
3342.0,3374.0,3302.0,3321.0,1972858,3296.04501953125,3184.6230078125,-0.0013381500961416,0.0107103540551223,57.98492117888965,44.87382437366568,47.92869982582788,-3.054875452162193,0.172732860402051
3313.0,3328.0,3256.10009765625,3262.300048828125,2159420,3299.1525268554688,3187.8530078125,-0.017675384273374,0.0115557946448419,48.53708229767916,37.125593632109485,45.76807858708421,-8.64248495497472,0.0945643325571328
3275.0,3282.699951171875,3241.60009765625,3274.949951171875,2640710,3302.8875244140627,3190.7120068359377,0.0038776023524549,0.0115703820072712,44.38466737348533,31.64106781207738,42.94267643208284,-11.30160862000546,0.22287929166165
3298.0,3298.0,3231.89990234375,3258.5,2485811,3304.972521972656,3193.4000048828125,-0.0050229626153488,0.0116114998823502,44.85546752850737,25.671245861736224,39.48839031801352,-13.817144456277298,-0.0586580881656827
3250.0,3282.0,3201.0,3208.14990234375,6365067,3301.6900146484377,3195.258002929688,-0.0154519250134264,0.0114211828138669,41.946658981711096,16.684953114825475,34.927702877375914,-18.24274976255044,1.5605595115638318
3235.0,3236.0,3188.35009765625,3193.10009765625,1892226,3297.5275146484373,3198.4070068359374,-0.0046911164208708,0.0114430527082627,36.14814620158559,8.253714228472745,29.59290514759528,-21.339190919122537,-0.7027170334577781
3214.0,3214.0,3175.0,3187.550048828125,1809339,3293.767517089844,3201.4180078125,-0.00173813806595,0.01142327636952,39.626371169248216,1.1112443770525715,23.896572993486743,-22.78532861643417,-0.0438039642199187
3187.0,3222.0,3185.0,3214.550048828125,2044279,3290.7775146484373,3204.7140087890625,0.0084704552356522,0.0115805745391588,20.62785000058612,-2.343525385479552,18.648553317693484,-20.99207870317304,0.1298485247927558
3227.60009765625,3231.85009765625,3194.0,3202.949951171875,2232968,3285.037512207032,3206.8590087890625,-0.0036086225070531,0.0111030311843563,17.68123554809435,-5.948910905506182,13.72906047305355,-19.67797137855973,0.0923010019669525
3213.0,3219.85009765625,3192.0,3194.800048828125,1256526,3279.912512207032,3208.5260107421877,-0.002544498811406,0.0110558626704971,20.33435819777605,-9.355983953968462,9.112051587649148,-18.46803554161761,-0.4372843677114942
3180.0,3199.800048828125,3176.0,3184.60009765625,1597058,3275.487512207031,3209.5600146484376,-0.0031926727857715,0.0109796106803035,18.157683153026227,-12.732393598765611,4.743162550366196,-17.47555614913181,0.2710107072993317
3184.60009765625,3215.0,3156.14990234375,3205.800048828125,1811945,3270.717517089844,3210.766015625,0.006657021453801,0.0108962786303906,23.256232755475565,-13.54146609196141,1.0862368219006746,-14.627702913862086,0.1345517820893167
3190.0,3224.949951171875,3190.0,3216.35009765625,2859334,3268.4650268554688,3212.641015625,0.0032909254062747,0.0106445098576827,26.64675514477159,-13.179436758837255,-1.7668978942469111,-11.412538864590344,0.5780467950186126
3230.0,3241.550048828125,3206.64990234375,3212.85009765625,1776193,3260.427526855469,3215.146015625,-0.0010881899960301,0.0067352853208817,27.956146396626764,-13.024804811132526,-4.018479277624035,-9.006325533508491,-0.378808841499454
3200.0,3224.25,3190.85009765625,3197.550048828125,1259611,3251.265026855469,3218.0670166015625,-0.0047621421364433,0.0066662272612098,26.81688932006429,-13.975740316329391,-6.009931485365107,-7.965808830964286,-0.2908366376852065
3200.0,3210.0,3161.14990234375,3182.949951171875,1121367,3243.5750244140627,3220.331015625,-0.004566026311801,0.0062347612653215,32.14041581403323,-15.726187715300057,-7.953182731352097,-7.77300498394796,-0.1097513438672732
3188.0,3204.449951171875,3132.39990234375,3197.800048828125,1660654,3236.4225219726563,3222.511015625,0.004665514030713,0.0063838207056098,32.80591291251423,-15.733781873364933,-9.509302559754666,-6.224479313610267,0.4809192708542342
3200.25,3225.449951171875,3190.300048828125,3195.800048828125,1731997,3228.9250244140626,3224.7870166015623,-0.0006254299735635,0.0063381358692243,35.064338395651774,-15.719973514317644,-10.751436750667262,-4.968536763650382,0.0429607853291533
3219.0,3223.5,3162.35009765625,3167.449951171875,2999943,3220.222521972656,3226.936015625,-0.0088710486335481,0.0065007693087363,39.16979259107191,-17.791556253861017,-12.159460651306013,-5.632095602555005,0.7320717068216631
3180.0,3224.89990234375,3167.0,3219.39990234375,2608669,3214.92001953125,3229.714013671875,0.0164011908546983,0.0077419168970969,55.84959306328751,-15.067682736899314,-12.741105068424671,-2.3265776684746413,-0.1304271447824175
3229.0,3290.0,3218.949951171875,3284.89990234375,3804735,3213.1150146484374,3233.78201171875,0.0203454065934198,0.0091663789443155,67.09390167678811,-7.536811089856656,-11.70024627271107,4.163435182854414,0.4584966509741175
3300.0,3305.199951171875,3261.199951171875,3273.949951171875,2929598,3213.697509765625,3236.981010742188,-0.0033334200424378,0.0082696779947065,61.05319299724876,-2.4241663192474334,-9.845030282018342,7.420863962770909,-0.2300126027174034
3275.0,3315.0,3262.5,3283.949951171875,2534521,3214.147509765625,3239.490009765625,0.0030544144379545,0.0082524968936158,65.16285480813352,2.406813672759199,-7.394661491062835,9.801475163822031,-0.1348570691268904
3272.550048828125,3324.0,3265.0,3309.800048828125,2292362,3216.712512207031,3242.086010742188,0.0078716478754572,0.0083288335287984,70.18958597290111,8.226457483259765,-4.270437696198315,12.49689517945808,-0.0955442862773675
3323.89990234375,3337.0,3310.0,3322.699951171875,1510489,3222.4400146484377,3245.6680078125,0.0038974869035721,0.0074134337742493,74.01734543364009,13.721310712831835,-0.6720880143922847,14.393398727224122,-0.3410774563528796
3315.60009765625,3349.89990234375,3315.60009765625,3333.89990234375,2040777,3229.4800048828124,3249.1630078125,0.0033707380553351,0.0072605640741582,73.08103438112825,18.76347033702996,3.215023655892164,15.548446681137792,0.3510704149450938
3350.0,3360.0,3327.10009765625,3344.199951171875,1929707,3237.3125,3252.9870068359373,0.0030894895257305,0.0072033048473774,73.0567612143883,23.32170789399197,7.236360503512126,16.085347390479846,-0.0544253487764708
3326.0,3368.0,3326.0,3351.75,1310205,3244.172497558594,3257.4330078125,0.0022576547270982,0.0070614921691426,74.68890111664061,27.2294852836676,11.23498545954322,15.99449982412438,-0.3210342295488382
3360.75,3480.0,3357.5,3463.39990234375,4363584,3257.194995117188,3263.876005859375,0.0333109278268815,0.0097863151305271,85.19790154862608,38.88737162740336,16.765462693115246,22.121908934288108,2.330458973977355
3460.0,3494.35009765625,3436.5,3472.949951171875,2083489,3271.102490234375,3270.4600048828124,0.0027574201932796,0.0096719456466956,88.91571712194579,48.33970959095086,23.08031207268237,25.25939751826849,-0.5225280411698274
3482.10009765625,3560.800048828125,3463.0,3553.050048828125,4336019,3289.5249877929687,3277.8570068359377,0.0230639942361454,0.0103687744067394,90.56753691521403,61.58425898122641,30.781101454391184,30.80315752683523,1.0811336176960855
3573.85009765625,3595.0,3536.60009765625,3560.550048828125,2631309,3307.262487792969,3285.065009765625,0.0021108624694081,0.0103927869517597,91.13566253038334,71.85751837268208,38.996384838049366,32.861133534632714,-0.3931509525211951
3506.0,3575.0,3500.0,3559.5,2836148,3324.419982910156,3292.250009765625,-0.0002949119697026,0.010460202039602,97.11573162079898,79.0037146461068,46.99785079966085,32.00586384644595,0.0778468055253107
3580.0,3673.0,3561.89990234375,3637.39990234375,3744176,3345.6474731445314,3300.662006835937,0.0218850687859952,0.0109891116862675,97.28506787330316,89.91649636186821,55.58157991210233,34.334916449765885,0.3201624174760979
3657.0,3667.35009765625,3594.39990234375,3613.199951171875,2511141,3366.429968261719,3307.4500048828127,-0.0066530906201107,0.0110967362108794,90.96582091762036,95.5112267139325,63.56750927246837,31.94371744146413,-0.3293207904756614
3610.0,3697.75,3607.050048828125,3659.0,2123263,3390.232470703125,3315.103002929688,0.0126757581775318,0.0108851168964791,94.20273282761951,102.45968058045446,71.3459435340656,31.113737046388863,-0.1544628517474725
3660.0,3687.60009765625,3647.89990234375,3671.85009765625,1902533,3413.934973144532,3323.2850048828127,0.0035119151834517,0.0109014557540642,94.24042163250054,107.76107324526038,78.62896947630455,29.13210376895583,-0.1039579176013523
3666.0,3729.5,3651.10009765625,3720.14990234375,3944728,3440.1524658203125,3332.2010009765627,0.0131540785715436,0.0108299400597039,94.52099207423446,114.53951547058978,85.8110786751616,28.72843679542818,1.0734084507338375
3715.0,3740.35009765625,3687.60009765625,3701.300048828125,2033114,3466.844970703125,3339.872001953125,-0.0050669607436381,0.0105538382926854,90.55272665652726,117.04127516188782,92.05711797250684,24.98415718938098,-0.4845996986357488
3709.39990234375,3804.10009765625,3703.449951171875,3786.449951171875,3207480,3495.197473144531,3349.655,0.0230054038366085,0.0109313614862913,91.8446836012824,124.4601243928978,98.53771925658504,25.92240513631276,0.5776193563174519
3796.0,3816.699951171875,3707.0,3714.949951171875,2643336,3516.6999755859374,3358.4919970703127,-0.0188831229573948,0.0120950051700085,80.79576214336065,123.15056040701757,103.46028748667156,19.69027292034602,-0.1758838714504844
3734.0,3859.14990234375,3722.0,3836.75,3403717,3544.839978027344,3369.202998046875,0.0327864575375242,0.0132334872464088,83.85927104120123,130.4373667587056,108.85570334107835,21.581663417627222,0.2876596089184273
3825.0,3856.89990234375,3804.550048828125,3842.050048828125,1746812,3572.744982910156,3380.8160009765625,0.0013813901943375,0.013271927606667,81.04453861073803,135.08273327399593,114.10110932766187,20.98162394633404,-0.486792820907261
3849.699951171875,3877.60009765625,3814.0,3852.0,1723693,3599.85498046875,3390.3839990234374,0.0025897505356313,0.0133262523823543,81.0569603009782,137.97658937491133,118.87620533711178,19.100384037799543,-0.0132349674721721
3864.0,3869.949951171875,3808.25,3815.89990234375,1585039,3624.514978027344,3399.08599609375,-0.0093717802845924,0.0138455921503659,73.20971009662583,135.79169289592846,122.25930284887512,13.53239004705334,-0.0804400783666232
3810.0,3815.0,3756.0,3774.14990234375,4147175,3646.527478027344,3407.833994140625,-0.0109410626768162,0.0144034928497162,67.78517405139843,129.20191140503448,123.647824560107,5.5540868449274825,1.616449816061308
3789.699951171875,3808.699951171875,3765.0,3791.39990234375,1441148,3668.8874755859374,3416.844990234375,0.0045705656760712,0.014389818618839,68.80168740959033,123.94265910983177,123.70679147005195,0.2358676397797978,-0.6524988697125151
3767.0,3852.39990234375,3767.0,3845.35009765625,1691473,3693.56748046875,3426.8369921875,0.0142296240708212,0.0144576104562798,67.54113836461408,122.71342962587188,123.50811910121595,-0.7946894753440858,0.173698329387405
3849.949951171875,3896.5,3825.0,3885.89990234375,1991188,3714.69248046875,3437.724990234375,0.0105451528879556,0.0131096832179449,72.38548815911672,123.5866567046678,123.52382662190632,0.0628300827614793,0.1771917139676482
3882.10009765625,3980.0,3866.0,3954.550048828125,2461369,3738.7724853515615,3450.3069921875,0.0176664732004467,0.0133461581850231,73.3839759208829,128.33877898789524,124.48681709510412,3.851961892791124,0.2361308927132948
3930.0,3981.75,3892.10009765625,3903.300048828125,2946666,3756.284985351562,3461.9529931640627,-0.0129597550586537,0.0134375557183663,67.26337001179641,126.51108244070385,124.89167016422408,1.619412276479764,0.197165479861004
3920.0,3945.0,3805.0,3827.85009765625,6477148,3769.6499877929687,3473.263994140625,-0.0193297851120943,0.0144781058334156,57.72044410842294,117.61860519553876,123.437057170487,-5.81845197494826,1.1981276466352142
3809.0,3871.0,3807.85009765625,3823.5,2002008,3782.849987792969,3484.2349951171877,-0.0011364336495082,0.0144916200054944,58.945820460549854,108.96416531640034,120.54247879966968,-11.57831348326934,-0.6909121113181296
3858.0,3871.550048828125,3821.64990234375,3862.949951171875,1568129,3794.127490234375,3496.323994140625,0.0103177589046357,0.0139475486137836,56.00188018458601,104.08886903373332,117.2517568464824,-13.16288781274909,-0.216721911201154
3862.5,3896.85009765625,3852.449951171875,3862.14990234375,1744067,3806.574987792969,3509.403994140625,-0.000207108256187,0.0137837151580061,62.9897513567549,99.01917296234978,113.60524006965588,-14.586067107306109,0.1121961267217173
3870.0,3879.0,3835.0,3869.25,2003869,3817.0874877929687,3522.9269921875,0.0018383796164775,0.0136129489344324,53.59592519438309,94.48515479395974,109.78122301451668,-15.296068220556933,0.1489633139093853
3890.0,3944.39990234375,3855.0,3871.300048828125,2320754,3827.0599853515614,3536.6019921875,0.0005298310597983,0.0136220499127773,53.2597764998324,90.01964411505423,105.8289072346242,-15.809263119569962,0.1581365847767493
3900.0,3904.0,3802.89990234375,3836.949951171875,1673362,3832.8999877929687,3549.049990234375,-0.0088730135156142,0.0136258564388882,48.409255708693415,82.75498101666653,101.21412199103268,-18.459140974366136,-0.2789576146373118
3850.0,3850.0,3751.25,3779.14990234375,2253075,3836.79248046875,3560.5739892578126,-0.015064061184971,0.0140610554811069,46.2860066972679,71.50938659127951,95.27317491108204,-23.763788319802543,0.3464360969114872
3759.800048828125,3806.0,3722.14990234375,3791.89990234375,2489161,3837.064978027344,3572.515986328125,0.0033737746131987,0.0131067868604256,51.90552671941392,62.90090792077672,88.79872151302098,-25.897813592244265,0.1047839064389779
3805.0,3805.0,3750.10009765625,3775.550048828125,2252412,3840.094982910157,3584.3349853515624,-0.0043117840493414,0.0123776306602937,48.29516598241516,54.13529206747535,81.86603562391186,-27.730743556436508,-0.0951119674460591
3781.75,3810.0,3725.0,3730.199951171875,1578374,3834.76748046875,3594.8229833984374,-0.0120115207240666,0.0101537895350257,37.38081261728777,43.033046305928565,74.0994377603152,-31.066391454386636,-0.2992516466792043
3724.800048828125,3783.64990234375,3707.449951171875,3773.300048828125,1356860,3831.32998046875,3605.961982421875,0.0115543665809951,0.0105454992700958,37.72888821959008,37.28248495187108,66.73604719862638,-29.453562246755297,-0.1403431632806926
3754.0,3840.0,3741.60009765625,3833.300048828125,1877966,3830.394982910156,3618.370981445312,0.0159012003348724,0.0111752597050832,36.53227870893842,37.13851255251711,60.81654026940453,-23.678027716887414,0.3840528868121988
3836.0,3857.449951171875,3795.0,3810.89990234375,1678154,3830.144982910156,3630.637978515625,-0.0058435672133787,0.0110497317185437,39.03393915441571,34.815576479596984,55.616347511443024,-20.80077103184604,-0.1063980924042288
3830.0,3899.0,3820.050048828125,3892.89990234375,1647233,3836.082482910156,3644.8369775390624,0.0215172274531716,0.0117225200492322,57.60193006922776,39.14016415489277,52.32111084013298,-13.180946685240208,-0.0184256033713234
3925.0,3989.89990234375,3900.0,3935.64990234375,2934339,3843.294982910156,3659.593974609375,0.0109815307540432,0.0118939809182471,62.02678658387799,45.49258852550929,50.95540637720825,-5.462817851698958,0.7813745839234645
3755.0,3757.5,3660.0,3685.60009765625,11845402,3835.307482910156,3669.3899755859375,-0.0635345650380616,0.0185255922636687,36.89888720120878,30.00413216245488,46.765151534257576,-16.761019371802696,3.0368212398090337
3706.0,3707.0,3630.60009765625,3652.85009765625,5752877,3823.654992675781,3679.097978515625,-0.0088859342121317,0.0183443159137242,35.235629361066884,14.91483863399344,40.39508895420475,-25.48025032021131,-0.5143367021228997
3650.0,3675.449951171875,3645.0,3655.199951171875,3545655,3808.687487792969,3687.813979492188,0.0006432931691153,0.0177230719286423,34.79866245415319,3.110225595744396,32.93811628251268,-29.827890686768285,-0.383672725837872
3625.0,3670.0,3608.199951171875,3611.449951171875,6442299,3794.094982910157,3694.34498046875,-0.0119692494485762,0.0176974206461879,32.577935121941,-9.663875509387708,24.417717924132603,-34.08159343352031,0.8169559644127813
3603.449951171875,3652.699951171875,3601.449951171875,3647.14990234375,3590107,3785.0599731445313,3701.808979492188,0.0098852127689852,0.0175467139563364,37.29754477028849,-16.714085392753532,16.191357260755378,-32.90544265350891,-0.442728907801392
3669.0,3690.10009765625,3625.199951171875,3634.14990234375,3135441,3775.592468261719,3708.812978515625,-0.003564427113798,0.0175468960066594,39.67677343549026,-23.084317234219725,8.336222361760358,-31.42053959598008,-0.1266441362332654
3612.0,3630.0,3578.300048828125,3608.85009765625,2933693,3762.8874755859374,3714.793979492188,-0.0069616844014011,0.0173122948108381,37.19662133916936,-29.8303885126129,0.7029001868857065,-30.533288699498605,-0.0643443777127363
3604.10009765625,3607.449951171875,3511.25,3532.5,4871211,3746.40498046875,3718.98998046875,-0.0211563505244607,0.0177467947369128,34.31631317181221,-40.86643062623898,-7.610965975739232,-33.255464650499746,0.6604365214765144
3560.0,3561.60009765625,3485.0,3498.85009765625,2691670,3727.8849853515626,3722.288984375,-0.0095258039189667,0.0177219060562369,34.84243221307665,-51.7315107526415,-16.435074931119686,-35.29643582152181,-0.4474330920996853
3503.0,3514.550048828125,3450.0,3492.949951171875,2595594,3708.96748046875,3725.263984375,-0.0016863101646815,0.0176932993462909,30.690804408287903,-60.12517198715023,-25.1730943423258,-34.95207764482443,-0.03569382576616
3494.5,3529.0,3475.0,3482.60009765625,3878763,3691.249987792969,3727.880986328125,-0.002963069514395,0.0176741406263636,24.072144088908686,-66.84184449421218,-33.50684437270307,-33.33500012150911,0.4943642958028105
3483.0,3511.25,3483.0,3489.75,2510813,3676.779992675781,3728.40798828125,0.0020530357041457,0.0175589565764313,25.70908142756581,-70.77210174731863,-40.959895847626186,-29.812205899692444,-0.3526768714664958
3518.0,3518.0,3415.0,3421.64990234375,2424942,3658.267492675781,3727.3819873046873,-0.0195143198384555,0.0178091501275847,13.590324756557068,-78.4773298726459,-48.46338265263013,-30.01394722001577,-0.0342004761007689
3400.050048828125,3461.0,3385.949951171875,3397.75,3960501,3639.377490234375,3724.275986328125,-0.0069849058278519,0.0178139832738209,7.193976795929615,-85.52640588574968,-55.87598729925405,-29.650418586495636,0.6332353516084097
3437.949951171875,3487.0,3412.949951171875,3476.39990234375,2020718,3626.687487792969,3722.592983398437,0.0231476425115886,0.0188037025250387,27.10653714212434,-83.80046005793065,-61.460881850989374,-22.33957820694128,-0.4897822270465277
3494.0,3513.60009765625,3469.75,3484.199951171875,3087414,3612.232482910156,3721.086982421875,0.002243714488332,0.0185286510994723,30.478023359982814,-80.87100618308887,-65.34290671740928,-15.528099465679588,0.5278796942472923
3504.199951171875,3519.89990234375,3466.050048828125,3492.25,1537639,3595.17998046875,3718.183984375,0.0023104439874115,0.0180096125648531,31.383516687650925,-77.01207396798509,-67.67674016752444,-9.335333800460646,-0.5019653988742683
3512.949951171875,3513.25,3505.0,3508.64990234375,328991,3580.06748046875,3716.092983398437,0.0046960848575416,0.0181217854794033,37.472561670416354,-71.80280923678765,-68.50195398137708,-3.300855255410568,-0.7860414570650198
3548.0,3548.0,3481.199951171875,3502.75,2526082,3560.5599853515623,3712.967983398437,-0.0016815306479591,0.0171197293021328,31.024955631154057,-67.37385831826532,-68.27633484875474,0.9024765304894232,6.6782708341565575
3508.0,3535.0,3496.0,3505.699951171875,1782692,3539.062487792969,3709.64498046875,0.0008421814779457,0.0167641493460273,32.66295891353474,-62.90076553000517,-67.20122098500482,4.30045545499965,-0.294285775362795
3498.0,3519.699951171875,3480.199951171875,3484.300048828125,1516489,3528.9974853515623,3704.927983398437,-0.0061043165820841,0.009792880291778,33.01047631290267,-60.38650252924526,-65.83827729385291,5.451774764607649,-0.1493264119657237
3480.0,3510.050048828125,3436.0,3488.199951171875,1284514,3520.764978027344,3700.665981445312,0.0011192785607145,0.0097186808252903,42.46852355617612,-57.417369763003535,-64.15409578768303,6.736726024679498,-0.1529684686140157
3506.0,3534.14990234375,3485.699951171875,3526.050048828125,1747259,3514.307482910156,3695.4579833984376,0.0108508967909175,0.010138072088138,54.559167154321166,-51.41741613296517,-61.606759856739465,10.189343723774291,0.3602490903174273
3528.0,3569.60009765625,3528.0,3553.300048828125,1809157,3511.3999877929687,3692.224985351562,0.0077281943315172,0.010049250588039,59.44004509334873,-43.95685512785849,-58.07677891096328,14.119923783104788,0.03542577259582
3569.0,3575.550048828125,3542.0,3556.39990234375,2013204,3506.8624877929688,3686.617983398437,0.0008723872099254,0.0097440518365674,61.81177066368237,-37.36347166531368,-53.93411746183337,16.570645796519685,0.1127856786337504
3550.60009765625,3562.85009765625,3506.39990234375,3521.89990234375,1632914,3501.249987792969,3680.21498046875,-0.0097008213213771,0.0099170346265779,54.73141258998544,-34.524057594484475,-50.0521054883636,15.52804789387912,-0.1888978960900137
3515.14990234375,3520.85009765625,3451.60009765625,3475.699951171875,2136598,3494.59248046875,3672.688979492188,-0.0131179058045147,0.010186676248293,58.502462917972125,-35.591475067295505,-47.15997940414998,11.568504336854474,0.3084571508358675
3478.39990234375,3515.949951171875,3440.300048828125,3458.39990234375,3167936,3490.8874755859374,3665.538979492188,-0.0049774287398692,0.0091618877125988,59.74297148433027,-37.40223082781176,-45.20842968888234,7.806198861070577,0.4827010041196331
3445.0,3480.949951171875,3407.800048828125,3464.25,2153461,3489.157470703125,3659.340981445313,0.0016915619423552,0.0089547623070006,47.45231342595911,-37.9280034103067,-43.75234443316722,5.824341022860516,-0.3202321637810864
3472.199951171875,3493.050048828125,3424.0,3443.300048828125,2161746,3486.6749755859373,3652.378984375,-0.0060474709307569,0.0090389316487807,41.87202586574962,-39.57892671331911,-42.9176608891976,3.3387341758784927,0.003847295121667
3443.89990234375,3463.0,3434.050048828125,3445.89990234375,1849619,3484.8399658203125,3644.38998046875,0.0007550470417208,0.0090276635927818,40.58496689240926,-40.2139475196941,-42.3769182152969,2.1629706956028016,-0.144386528297034
3425.0,3490.0,3411.89990234375,3446.85009765625,1941251,3482.694970703125,3635.608984375,0.0002757466378677,0.0090100343135796,36.60600711575053,-40.17739328301195,-41.93701322883992,1.7596199458279642,0.049541013581716
3447.14990234375,3529.35009765625,3406.449951171875,3502.0,2981745,3486.7124755859377,3626.5579833984375,0.0160000872626431,0.0085708960031558,49.866047368301714,-35.29146948288417,-40.60790447964877,5.316434996764599,0.5359914817815934
3491.0,3563.75,3491.0,3529.14990234375,5588446,3493.282470703125,3619.07498046875,0.0077526848497286,0.0084633874476073,53.85500205892292,-28.895480341597704,-38.26541965203855,9.369939310440849,0.8742199618008917
3535.0,3590.0,3535.0,3577.800048828125,2102118,3498.352478027344,3614.0739794921874,0.0137852309566295,0.0074232135948259,64.1068237103787,-19.674161148484476,-34.54716795132774,14.873006802843264,-0.623845698786389
3589.199951171875,3648.0,3574.10009765625,3642.89990234375,3152938,3506.287475585937,3610.4619775390624,0.0181954979672349,0.0083147540482768,69.70198788748633,-7.03212319652539,-29.04415900036727,22.01203580384188,0.4998863051455722
3646.449951171875,3665.949951171875,3630.85009765625,3640.449951171875,2486263,3513.697473144531,3606.011977539063,-0.0006725277217468,0.0083405588222955,66.01343731417752,2.757307848381515,-22.683865630617515,25.44117347899903,-0.2114456421280722
3640.449951171875,3658.0,3522.0,3536.39990234375,1849642,3515.0849731445314,3599.4969775390623,-0.0285816451877414,0.0107651035530707,48.0529774203547,2.095378899003663,-17.72801672469328,19.823395623696943,-0.2560553730639116
3562.5,3598.0,3524.300048828125,3584.5,1484458,3519.172473144531,3593.8019775390626,0.0136014305464637,0.0111417247817707,52.93320434825157,5.389939462251277,-13.104425487304368,18.49436494955565,-0.1974349630901547
3601.0,3646.449951171875,3601.0,3626.89990234375,1428660,3525.232470703125,3588.913974609375,0.0118286796885898,0.0113905170013486,60.78250370297572,11.29205246130914,-8.225129897581667,19.517182358890807,-0.0375881298089942
3610.0,3634.75,3566.0,3601.75,1567957,3531.1049682617186,3584.2099755859376,-0.006934269767825,0.0114221544104495,63.52904244542144,13.781270692849375,-3.823849779495458,17.605120472344833,0.097501854884997
3585.0,3642.0,3575.10009765625,3636.800048828125,1510718,3538.5349731445312,3581.362978515625,0.0097313941356631,0.0115597726406879,68.44501659662009,18.37047667031265,0.6150155104661645,17.75546115984649,-0.0365054653922269
3650.0,3662.0,3601.699951171875,3609.64990234375,1883864,3542.7149658203125,3577.717978515625,-0.0074653943356395,0.0115598710441993,64.39888398361758,19.590834606377484,4.410179329648429,15.180655276729055,0.2469991090329233
3605.0,3635.0,3576.699951171875,3623.800048828125,1747007,3546.2399658203126,3574.682978515625,0.0039200883374277,0.0114783837903455,68.11884808388123,21.45248473616266,7.818640410951276,13.633844325211385,-0.0726469638997294
3620.0,3623.0,3558.14990234375,3570.35009765625,1603233,3546.9374755859376,3571.4859814453125,-0.0147496965758803,0.0120100223340628,61.33529019346231,18.40275600093173,9.935463528947368,8.467292471984363,-0.0822973233650465
3582.0,3608.449951171875,3570.0,3581.60009765625,2072320,3549.9224853515625,3567.651982421875,0.0031509515011944,0.0117905789586736,62.04738489047832,16.70108527103912,11.288587877365718,5.4124973936734015,0.2925881640410346
3602.5,3651.35009765625,3573.699951171875,3584.35009765625,4333992,3555.354992675781,3562.6729833984373,0.000767813246878,0.0113207196138184,58.12371330666099,15.396914924017436,12.110253286696064,3.286661637321375,1.091371988882026
3589.0,3606.0,3510.14990234375,3556.89990234375,2312310,3560.279992675781,3557.5929833984374,-0.007658346580165,0.0114181703144943,52.735874852211154,12.00990645143338,12.090183919643527,-0.0802774682101468,-0.4664710963933481
3582.64990234375,3641.199951171875,3566.39990234375,3608.300048828125,2340989,3567.482495117188,3551.900986328125,0.0144508273765324,0.0117820074670957,52.99078021519215,13.31969888959884,12.336086913634592,0.983611975964248,0.0124027487663851
3624.0,3636.800048828125,3606.25,3630.75,1224328,3576.854992675781,3545.80298828125,0.0062217528664685,0.011653887897146,48.69985129513266,15.984977401706146,13.065865011248905,2.919112390457244,-0.477003950039919
3648.0,3670.5,3630.0,3662.699951171875,1792861,3587.694995117188,3545.3449853515626,0.008799821296392,0.011721182029163,52.23955491991409,20.439707641122368,14.540633537223597,5.899074103898773,0.4643633078717468
3685.0,3705.0,3644.800048828125,3670.89990234375,2209923,3598.8974853515624,3545.7059814453123,0.002238772293988,0.011704309183433,66.77474045239963,24.35107692342308,16.502722214463493,7.848354708959587,0.2326237226421903
3671.0,3700.0,3653.10009765625,3696.10009765625,1534135,3608.602490234375,3546.523984375,0.0068648549355461,0.0113522372903857,64.76189861072538,29.148306876953484,19.03183914696149,10.116467729991992,-0.305797079807758
3710.0,3725.0,3693.85009765625,3706.550048828125,1456218,3617.4724975585937,3548.425986328125,0.0028272911706317,0.0112915450245751,61.508455838518216,33.40826027446201,21.9071233724616,11.501136902000413,-0.0507888810306785
3692.25,3719.949951171875,3685.0,3694.699951171875,1456923,3623.317492675781,3549.376987304688,-0.0031970693772221,0.0110351322957435,63.96690406890363,35.41980274979505,24.60965924792829,10.810143501866762,0.0004841308100846
3681.35009765625,3740.0,3680.0,3733.75,1966475,3627.859997558594,3551.3689892578127,0.0105692070653096,0.0105552654683907,64.39491318617503,39.70725670109096,27.629178738560825,12.07807796253013,0.3497453194163316
3742.800048828125,3760.0,3731.300048828125,3738.35009765625,1207141,3632.755004882813,3553.9589892578124,0.0012320315115501,0.01054525541268,70.48057213632683,42.98082805202239,30.699508601253136,12.281319450769251,-0.3861396661539048
3750.0,3830.0,3745.0,3817.75,2346158,3646.822509765625,3559.6639892578123,0.0212392901332407,0.0088417032935901,75.5566908093981,51.38967726832789,34.837542334668086,16.5521349336598,0.943565830337964
3831.10009765625,3889.14990234375,3811.699951171875,3884.75,2488606,3661.835009765625,3567.3819873046878,0.0175496038242419,0.0091103598483558,89.99993787778075,62.73689899314468,40.41741366636341,22.31948532678127,0.0607154334874291
3865.0,3870.0,3812.39990234375,3860.949951171875,1733031,3673.5375122070313,3574.7419873046874,-0.0061265329372868,0.0091898253395053,84.44081907852161,69.01364261469598,46.136659456029925,22.876983158666057,-0.3036137500271236
3812.0,3835.0,3772.0,3807.449951171875,1810293,3683.822509765625,3581.238984375,-0.0138566934761124,0.0097063282481192,74.44659115776453,68.87703271574401,50.68473410797274,18.192298607771264,0.0445820069000497
3820.0,3864.89990234375,3796.39990234375,3853.5,2460591,3694.657507324219,3588.513984375,0.0120947220367142,0.009808672850023,81.22761146457522,71.65858688700519,54.87950466377923,16.779082223225956,0.3592225125987893
3978.0,3978.0,3861.0,3879.85009765625,3937092,3708.167517089844,3597.67798828125,0.0068379648777086,0.0095271881246178,80.1822654778309,75.1232472400643,58.92825317903625,16.194994061028055,0.600059497901114
3856.0,3925.0,3856.0,3915.89990234375,1906106,3722.772509765625,3608.040986328125,0.0092915457505116,0.0096102892557201,80.76381294342494,79.85738723830127,63.11407999088926,16.743307247412012,-0.5158594211158896
3925.0,3929.0,3836.550048828125,3859.89990234375,3203744,3737.25,3615.710986328125,-0.0143006719774636,0.0095647767117537,70.22562588860883,78.18917912024426,66.12909981676026,12.060079303484002,0.6807795579049645
3918.0,3923.0,3857.0,3897.89990234375,6684507,3753.064990234375,3623.9849853515625,0.0098448148815792,0.0096520682496894,71.94083427802282,79.02247271298893,68.70777439600599,10.31469831698294,1.0864672707931722
3877.85009765625,3977.0,3860.050048828125,3968.14990234375,3348123,3772.25498046875,3633.5029833984377,0.0180225254008599,0.0100827217671717,74.18865096861751,84.37878566783957,71.8419766503727,12.536809017466863,-0.4991219247732106
3992.699951171875,4043.0,3962.300048828125,4019.14990234375,3442604,3795.36748046875,3643.7129833984377,0.0128523370475186,0.0097492603862051,75.92467884926334,91.68212162200734,75.81000564469963,15.872115977307717,0.0282190946987312
4033.949951171875,4041.699951171875,3980.0,3990.60009765625,2389041,3814.482482910156,3653.4699853515626,-0.0071034436090207,0.0099747521047278,73.87832605232475,94.08182068086217,79.46436865193215,14.617452028930018,-0.3060366513255663
4012.0,4012.0,3910.5,3914.64990234375,3102539,3828.677478027344,3661.648984375,-0.0190322742078583,0.0113308864548613,63.777601092440975,88.83106424129346,81.33770776980441,7.493356471489051,0.2986545647395755
3910.0,3920.0,3811.0,3826.550048828125,6176776,3836.869982910156,3668.493984375,-0.0225051679494706,0.012689372190752,55.95945812640483,76.67699536299187,80.4055652884419,-3.728569925450032,0.9908777939616552
3807.0,3851.550048828125,3771.10009765625,3833.5,3112358,3844.999987792969,3675.3999853515625,0.0018162446807676,0.0126897736566526,51.179687259992015,66.8351768724724,77.691487605248,-10.856310732775595,-0.4961193347467999
3840.0,3849.64990234375,3740.10009765625,3771.35009765625,3258414,3848.762487792969,3680.305986328125,-0.0162123131195383,0.0132830041974652,41.44409593511391,53.40486901490021,72.83416388717845,-19.429294872278238,0.0469277634513767
3769.5,3809.39990234375,3722.199951171875,3769.89990234375,3330501,3851.92998046875,3684.637983398437,-0.000384529485449,0.0132803377013009,42.89060126052615,42.15826045181802,66.69898320010637,-24.540722748288346,0.0221233397597726
3731.0,3733.39990234375,3625.10009765625,3649.25,5718297,3849.657482910157,3686.4949853515623,-0.0320034763439586,0.0151781729200223,38.81978757860382,23.241885345607443,58.00756362920659,-34.765678283599144,0.7169479907077043
3646.0,3729.800048828125,3646.0,3690.050048828125,3143862,3847.472485351562,3689.85798828125,0.0111803929103582,0.0152022470139515,38.36240598105628,11.41120349830544,48.68829160302636,-37.27708810472092,-0.4502100887729336
3749.0,3758.0,3721.39990234375,3736.25,2739393,3847.36748046875,3695.068989257813,0.0125201421554017,0.0154761590645924,40.0567666986733,5.697574754178277,40.09014823325674,-34.392573479078465,-0.1286535477702265
3770.0,3808.0,3736.39990234375,3800.64990234375,2105169,3846.5124755859374,3701.913989257812,0.0172365078203411,0.0152118330043022,42.32127090462034,6.2934695176345485,33.3308124901323,-27.037342972497758,-0.2315199024017364
3827.89990234375,3864.0,3800.64990234375,3856.199951171875,1984212,3845.084973144531,3709.75298828125,0.0146159341837481,0.015045782136714,49.75333650824757,11.119961110419354,28.88864221418972,-17.768681103770362,-0.0574571447707998
3851.0,3882.5,3816.050048828125,3824.60009765625,1960538,3843.26748046875,3717.378989257813,-0.0081945578330351,0.0150952420688905,45.071285422735166,12.253891153543918,25.56169200206056,-13.307800848516642,-0.0119311847725949
3815.300048828125,3824.699951171875,3769.0,3814.89990234375,2307366,3843.639978027344,3724.7589892578126,-0.0025362639399723,0.0147714494748131,38.78193076490864,12.22884764498258,22.89512313064497,-10.66627548566239,0.1769045027436346
3791.0,3831.800048828125,3756.14990234375,3779.0,1919149,3839.914978027344,3731.4019873046873,-0.0094104441172084,0.0146423291212875,32.023354466976755,9.20605670179384,20.157309844874742,-10.9512531430809,-0.1682511573803202
3791.550048828125,3799.699951171875,3721.0,3743.449951171875,2946443,3833.094970703125,3736.230986328125,-0.0094072635163072,0.0146426375487651,31.691224211864665,3.896959541190881,16.90523978413797,-13.008280242947087,0.5352862127953588
3750.0,3777.949951171875,3746.10009765625,3760.550048828125,1638721,3825.327478027344,3740.858989257813,0.0045680048830081,0.0144936012552861,37.49392224034048,1.0571110427422354,13.735614035858822,-12.678502993116586,-0.4438307477863987
3789.800048828125,3789.800048828125,3758.0,3770.35009765625,2112459,3820.849987792969,3744.709990234375,0.0026060147321211,0.0142241338254014,44.77501431114263,-0.3981180571345248,10.908867617260151,-11.306985674394678,0.2890900891609982
3752.5,3752.5,3690.0,3694.949951171875,3851488,3810.702490234375,3745.7509912109376,-0.0199981817421267,0.0145790546966891,38.57319645087127,-7.548544358559866,7.21738522209615,-14.765929580656016,0.8232249714669018
3724.0,3793.25,3710.0,3733.75,5951745,3798.982495117188,3747.6169921875,0.0105008320385555,0.0141093778851732,46.77474073949973,-9.969546319442998,3.779998913788321,-13.749545233231318,0.545310539718675
3786.0,3835.0,3748.0,3817.800048828125,3931683,3788.915002441406,3753.244995117188,0.0225108935595914,0.0148256364214323,53.59880758167335,-5.047882464108625,2.014422638208932,-7.0623051023175565,-0.3394066782094999
3844.0,3854.10009765625,3806.0,3813.10009765625,3256906,3780.040002441406,3757.816997070313,-0.0012310626831589,0.0147869683648712,64.90765265278162,-1.5092771727677246,1.3096826760136004,-2.8189598487813248,-0.1716254845571222
3825.0,3835.0,3779.0,3784.199951171875,3134372,3773.517504882812,3760.962998046875,-0.0075791733089143,0.0143136910197492,58.755680641680925,-1.025090670638292,0.8427280066832219,-1.867818677321514,-0.0376228236246302
3769.0,3815.949951171875,3757.60009765625,3793.89990234375,3688883,3771.8849975585936,3764.80599609375,0.0025632765966479,0.013458330965859,55.75175670040415,0.1397249520987316,0.7021273957663239,-0.5624024436675923,0.1769129509834826
3810.0,3827.800048828125,3705.550048828125,3719.39990234375,7465922,3766.179992675781,3766.4579931640624,-0.0196367858714396,0.0141161124588098,42.05379732025776,-4.892282465439166,-0.4167545764747741,-4.475527888964392,1.0238977489933947
3650.0,3667.89990234375,3570.0,3586.39990234375,5408531,3756.932482910156,3765.992993164063,-0.0357584566037632,0.0157738181989357,27.085115727214628,-19.388672522308752,-4.21113816564157,-15.177534356667184,-0.2755709207784383
3611.0,3622.89990234375,3555.64990234375,3563.800048828125,2426203,3746.627490234375,3764.7929931640624,-0.0063015430880576,0.0157896677988703,27.50561918892477,-32.32812686415309,-9.834535905343875,-22.49359095880921,-0.5514118343779484
3474.0,3483.85009765625,3391.10009765625,3401.64990234375,5039136,3734.2474853515614,3761.418989257813,-0.0454992267418858,0.0173224257705442,21.778339171052732,-55.032518710628665,-18.874132466400837,-36.15838624422783,1.0769638814229476
3468.0,3530.0,3462.0,3520.75,2549723,3725.782482910157,3760.201987304688,0.0350124501566695,0.0191036056997047,34.16325415998439,-62.692846199413,-27.63787521300327,-35.05497098640973,-0.4940158392232319
3490.0,3563.75,3455.89990234375,3554.199951171875,3288942,3716.67998046875,3759.598984375,0.0095008027187033,0.0189930085410027,38.364593521488864,-65.311706717378,-35.17264151387822,-30.139065203499783,0.2899212973330829
3552.5,3571.949951171875,3506.0,3546.14990234375,2761341,3703.95498046875,3759.383984375,-0.0022649397723025,0.0184282523759657,36.66998076809234,-67.26139669674603,-41.59039255045178,-25.67100414629425,-0.1604166324611379
3562.85009765625,3578.60009765625,3530.10009765625,3544.39990234375,1928039,3688.364978027344,3758.105981445312,-0.000493492956641,0.0179589904125505,35.80982952635853,-68.16202107719937,-46.904718255801306,-21.257302821398063,-0.3017743915003615
3501.5,3561.199951171875,3487.050048828125,3524.35009765625,2370257,3673.352478027344,3755.9779833984376,-0.0056567557950337,0.0179371360498772,38.48543181216729,-69.69027791926737,-51.46183018849453,-18.22844773077285,0.2293615429978335
3450.0,3548.0,3431.550048828125,3484.89990234375,3054130,3656.852478027344,3752.421982421875,-0.0111936085290548,0.0180061728434936,33.21869093639076,-73.24046307209301,-55.81755676521422,-17.422906306878787,0.2885227213757833
3460.0,3609.0,3460.0,3599.949951171875,3300992,3647.8999755859377,3751.0029833984377,0.0330138747315951,0.0197902133927289,35.89876091829342,-66.0095163414694,-57.85594868046526,-8.153567661004146,0.0808289103607247
3605.0,3654.0,3597.050048828125,3632.60009765625,2719654,3642.357482910156,3749.7329833984377,0.0090696112243855,0.0198689965194492,38.724393309012825,-56.9874293960288,-57.682244823577975,0.6948154275491731,-0.1761100905424794
3684.0,3684.0,3615.0,3620.949951171875,2005441,3635.377478027344,3748.020981445312,-0.0032071095554645,0.0198238777318298,39.57735308861195,-50.19876977774402,-56.18554981441119,5.98678003666717,-0.2626117145783986
3603.25,3639.85009765625,3592.85009765625,3599.14990234375,1623423,3626.817468261719,3746.10998046875,-0.0060205330430125,0.0198190552674268,37.75543034114276,-46.04698884625759,-54.15783762078047,8.110848774522879,-0.1904907698605942
3580.0,3648.35009765625,3580.0,3643.0,1765688,3624.219970703125,3744.29498046875,0.0121834596629872,0.0195974580200984,45.00393383493986,-38.771403530249245,-51.08055080267423,12.30914727242498,0.0876327365079834
3659.0,3659.0,3585.39990234375,3593.89990234375,3651133,3617.227465820312,3741.4059765625,-0.0134779296338869,0.0196209303169287,50.55090292846511,-36.546136175126776,-48.17366787716474,11.627531702037963,1.0678245533752282
3640.5,3668.0,3616.25,3655.89990234375,3090475,3609.132458496094,3738.168974609375,0.0172514543211308,0.0193118441590125,56.39492760379356,-29.44034396042844,-44.42700309381748,14.986659133389049,-0.1535572656487726
3696.60009765625,3710.0,3660.300048828125,3672.75,3600452,3602.114953613281,3733.928974609375,0.0046090150459119,0.0193679353317238,73.58209196120939,-22.193458008124253,-39.98029407667884,17.786836068554585,0.1650157338273243
3696.0,3713.949951171875,3615.0,3626.699951171875,2413831,3594.239953613281,3729.243974609375,-0.0125383020429173,0.0194786693766402,60.558026558373975,-19.936289627130463,-35.971493186769166,16.035203559638703,-0.3295755644013585
3640.0,3711.0,3625.0,3700.949951171875,2907611,3589.592456054688,3727.113974609375,0.0204731576914731,0.0200985266884644,63.52407968724126,-12.017581754532785,-31.18071090032189,19.163129145789107,0.2045627883642227
3708.0,3729.800048828125,3690.0,3712.39990234375,1596195,3589.2424560546874,3724.29197265625,0.0030937870878933,0.0196291741382194,65.22573420969549,-4.763126983037182,-25.897194116864952,21.13406713382777,-0.4510286967548272
3700.0,3758.199951171875,3695.0,3749.85009765625,1879046,3597.4149658203123,3721.69197265625,0.0100878666893771,0.0178156583180721,67.66095460036382,3.9623232700782864,-19.925290639476305,23.88761390955459,0.1772032865658643
3759.89990234375,3779.5,3672.0,3707.449951171875,1690133,3604.5974609375,3717.522973632813,-0.0113071577210183,0.0179784860827219,65.1572420087559,7.370999694476723,-14.4660325726857,21.83703226716242,-0.100536655302744
3695.0,3713.0,3661.199951171875,3707.699951171875,1760990,3619.899963378906,3714.478974609375,6.743179362977969e-05,0.0140918457830298,69.72376454823475,9.977558150122604,-9.57731442812404,19.554872578246645,0.0419239195968601
3694.75,3722.0,3691.0,3705.35009765625,2689063,3629.129968261719,3710.627978515625,-0.0006337766126092,0.0121361362816649,61.65670791471024,11.718576509851118,-5.318136240529009,17.036712750380126,0.52701775705711
3738.0,3738.0,3706.199951171875,3731.550048828125,1583455,3637.9974731445313,3705.895981445312,0.00707084363997,0.0120757210012281,61.10174018083856,15.03910179674176,-1.2466886330748546,16.285790429816615,-0.4111499061197153
3740.0,3754.64990234375,3720.199951171875,3739.949951171875,2168110,3647.6874755859376,3700.311982421875,0.0022510490905482,0.0120239192048429,63.44935521325864,18.139344851820624,2.6305180639042414,15.508826787916384,0.369227417261621
3748.0,3763.0,3728.050048828125,3758.75,1387014,3658.40498046875,3695.67498046875,0.0050268182926442,0.0120093277991397,68.16112377929795,21.86131302255308,6.476677055634009,15.384635966919069,-0.3602658536697861
3762.0,3780.0,3737.10009765625,3770.35009765625,1472994,3670.70498046875,3692.788984375,0.0030861583388759,0.0118351806589862,65.63919630050705,25.45361709445069,10.272065063397346,15.181552031053346,0.0619892805696264
3772.0,3835.60009765625,3772.0,3814.800048828125,2314947,3687.199987792969,3692.553984375,0.0117893431698838,0.011448449399825,77.44099534101117,31.523895681933936,14.522431187104663,17.00146449482927,0.5715929596454568
3809.300048828125,3809.300048828125,3731.14990234375,3755.35009765625,2051729,3694.9699951171874,3690.990986328125,-0.0155840281039467,0.0101869179528986,62.43282244615418,31.17811903241136,17.853568756166005,13.324550276245354,-0.1137036830648822
3745.5,3745.5,3679.0,3684.14990234375,2494829,3697.5474853515625,3689.246982421875,-0.0189596691283022,0.0110762045376164,51.25466596876421,24.87211754096279,19.257278513125364,5.6148390278374265,0.2159641941016576
3690.0,3705.0,3642.5,3685.64990234375,2296773,3700.782482910157,3687.561982421875,0.0004071495568205,0.0110374359849582,57.19340037191578,19.767733266569397,19.35936946381417,0.4083638027552254,-0.0793866032501626
3690.0,3712.35009765625,3656.10009765625,3696.39990234375,2291660,3705.644982910156,3688.50498046875,0.0029167176169293,0.010920939550435,49.34295370109876,16.400848341998426,18.76766523945102,-2.366816897452594,-0.0022261668871934
3683.0,3739.0,3648.35009765625,3691.10009765625,4483476,3708.0499877929688,3688.525981445313,-0.0014337747071521,0.0106333467596507,46.868597681346685,13.153294840930355,17.644791159746887,-4.49149631881653,0.9564315823464212
3707.0,3709.85009765625,3655.550048828125,3661.949951171875,1621672,3711.452490234375,3687.03998046875,-0.0078974142432183,0.0103097513217666,36.75404859118813,8.133652408679609,15.742563409533432,-7.608911000853824,-0.6383002830839286
3610.0,3610.0,3522.5,3528.050048828125,3820792,3705.0599975585938,3681.5879833984377,-0.0365651918046832,0.0126085787074393,28.809356824982288,-6.5732807654767385,11.2793945745314,-17.85267534000814,1.356081871056539
3550.0,3563.550048828125,3439.14990234375,3471.89990234375,3170014,3695.017492675781,3673.901982421875,-0.0159153486223999,0.0128997691225875,25.39648655519683,-22.50011153867763,4.523493351889594,-27.023604890567224,-0.170325419441833
3500.0,3569.14990234375,3480.0,3556.800048828125,2640370,3691.522497558594,3668.545981445313,0.0244535121611835,0.0140222862853719,36.77792752405659,-27.94932497147829,-1.9710703127839837,-25.978254658694308,-0.1670793882929223
3580.0,3644.0,3567.39990234375,3628.64990234375,2280996,3687.9074951171874,3664.820981445313,0.0202007007785827,0.0140005664914403,41.52945985608006,-26.1685286629222,-6.810561982811627,-19.35796668011057,-0.1361074394876475
3581.10009765625,3617.0,3571.5,3612.550048828125,1581465,3682.915002441406,3661.491982421875,-0.004436871549726,0.0139889838272086,39.64396991406854,-25.759419827973037,-10.600333551843908,-15.159086276129123,-0.3066778722978909
3558.0,3584.0,3533.10009765625,3548.199951171875,1960694,3672.832495117188,3657.586982421875,-0.0178129290353014,0.0141866399523248,34.06493588561516,-30.27867944464515,-14.536002730404157,-15.742676714240991,0.2397960119256512
3575.14990234375,3587.89990234375,3518.14990234375,3546.300048828125,1943469,3664.775,3653.301982421875,-0.0005354552646117,0.0140449944639387,32.79053186617665,-33.62591289886541,-18.35398476409641,-15.271928134769,-0.0087851546442229
3546.0,3568.449951171875,3506.300048828125,3561.199951171875,1727648,3657.45,3649.118979492188,0.0042015345962262,0.0141092377731076,29.594453048693765,-34.676591766928595,-21.618506164662847,-13.058085602265749,-0.1110493658504457
3588.0,3604.39990234375,3538.050048828125,3584.300048828125,1703660,3651.397497558594,3646.9059814453126,0.0064866050693526,0.014232656953919,35.381588364043054,-33.26185554833728,-23.947176041397736,-9.314679506939544,-0.0138847728240938
3597.0,3623.25,3536.85009765625,3546.699951171875,2051115,3642.154992675781,3643.16498046875,-0.0104902204458422,0.014213691578463,37.53740472006726,-34.77382948585637,-26.112506730289464,-8.661322755566903,0.2039462099245155
3519.89990234375,3547.949951171875,3492.75,3542.39990234375,1324161,3632.277490234375,3637.656977539063,-0.0012124084042418,0.0141745674425675,37.07713125845738,-35.9051653321867,-28.07103845066891,-7.834126881517786,-0.3544189379922627
3538.5,3545.449951171875,3465.300048828125,3479.75,2305825,3618.327490234375,3630.9899755859374,-0.0176857226939,0.0144376016762944,32.12901614715703,-41.38007690494169,-30.732846141523467,-10.64723076341822,0.7413479176625803
3512.10009765625,3533.0,3485.35009765625,3513.39990234375,1612262,3605.47998046875,3625.573974609375,0.0096702068665133,0.0146747824416561,35.99683252068557,-42.51364701680177,-33.08900631657913,-9.42464070022264,-0.3007873537670898
3459.0,3474.5,3424.5,3432.60009765625,2010812,3586.369982910156,3618.347978515625,-0.0229976111269313,0.0148378540221839,33.287184452132365,-49.3628542075262,-36.34377589476854,-13.019078312757657,0.2471992765443829
3398.0,3456.0,3346.85009765625,3445.10009765625,2481830,3570.857482910156,3612.861982421875,0.0036415544031869,0.0147494573834529,42.65604364488385,-53.16935153122768,-39.70889102206037,-13.460460509167303,0.2342426840500255
3434.0,3464.800048828125,3422.0,3438.75,1622685,3558.5874877929687,3609.908984375,-0.0018432258791464,0.0143387233491686,46.78124854805109,-56.052291965039785,-42.97757121065625,-13.074720754383534,-0.3461739925780573
3435.0,3448.449951171875,3382.14990234375,3412.0,1841769,3544.904992675781,3606.8729833984376,-0.0077789894583787,0.0143428951073897,34.15059236760516,-59.80613655603111,-46.34328427973122,-13.462852276299884,0.1350132650514426
3378.0,3449.699951171875,3350.10009765625,3408.64990234375,2807195,3530.5174926757813,3607.012983398437,-0.0009818574608001,0.0142738227860686,21.671373852859148,-62.33287573173902,-49.54120257013279,-12.791673161606234,0.5241840860607383
3435.0,3439.89990234375,3382.14990234375,3414.89990234375,2187823,3516.707482910156,3604.895981445312,0.0018335705276457,0.0143227109332212,23.886884398802422,-63.103593026305134,-52.25368066136726,-10.849912364937872,-0.22063732658401
3415.0,3430.0,3366.60009765625,3376.800048828125,1195813,3502.449987792969,3601.347983398437,-0.0111569459150108,0.0143903742585025,25.667228148979973,-66.02760665119968,-55.00846585933376,-11.019140791865922,-0.4534233345202056
3370.0,3467.0,3350.39990234375,3451.60009765625,1754076,3498.627490234375,3599.456987304688,0.0221511631563982,0.0133362864599143,38.86144627095312,-61.59909369693651,-56.32659142685431,-5.2725022700822,0.4668480774167867
3465.0,3495.0,3443.050048828125,3448.800048828125,1866781,3497.4724975585937,3597.544990234375,-0.0008112321094284,0.0128672386254477,36.39226363877119,-57.650842785191344,-56.59144169852172,-1.0594010866696235,0.0642532022557744
3397.0,3405.0,3230.0,3261.949951171875,4642963,3482.729992675781,3592.296987304688,-0.0541782924526865,0.0164377250410747,22.05460791883398,-68.80591504303857,-59.0343363674251,-9.771578675613467,1.4871492692501156
3310.0,3313.89990234375,3270.050048828125,3293.0,3065125,3465.9474975585936,3588.4589892578124,0.0095188612004821,0.0157633263594904,27.75342222930125,-74.28460405599662,-62.0843899051394,-12.20021415085722,-0.3398342825475887
3304.800048828125,3338.89990234375,3267.0,3321.75,2293690,3451.4074951171874,3582.894990234375,0.0087306407531126,0.0160482187207713,31.44707486925654,-75.43702873502662,-64.75491767111684,-10.682111063909772,-0.2516814159292035
3315.14990234375,3324.85009765625,3275.60009765625,3288.0,1711510,3438.397497558594,3576.00298828125,-0.010160307067058,0.0157923075145783,33.05346884666372,-78.17255201648868,-67.43844454019121,-10.734107476297469,-0.2538180835248006
3292.85009765625,3292.85009765625,3154.050048828125,3167.64990234375,3548046,3419.464990234375,3566.936987304688,-0.0366028277543339,0.0173925739633583,23.503724691629657,-89.0254905598249,-71.75585374411796,-17.269636815706946,1.0730501136423394
3191.0,3241.5,3180.550048828125,3226.949951171875,2813186,3402.752490234375,3559.49298828125,0.0187205185725383,0.0181064382269184,33.70314579203544,-91.78348135751912,-75.76137926679819,-16.022102090720935,-0.2071168186658234
3253.199951171875,3278.89990234375,3229.199951171875,3261.300048828125,3103153,3386.602490234375,3551.8589892578125,0.0106447568682543,0.0182655163449413,35.92218921556051,-90.15815602863267,-78.64073461916509,-11.517421409467588,0.1030742368261465
3297.0,3386.60009765625,3286.35009765625,3375.25,2094624,3378.029992675781,3547.4859912109373,0.0349400390843586,0.0202092753078713,45.82456816284595,-78.7672850247277,-78.66604470027761,-0.1012403244500887,-0.3250013776310739
3354.14990234375,3383.39990234375,3325.0,3364.35009765625,4840965,3369.1275024414062,3541.654995117188,-0.0032293614824827,0.0202087109156591,46.80008840277564,-69.81468844197025,-76.89577344861614,7.081085006645893,1.311137941702186
3388.0,3388.0,3340.050048828125,3355.199951171875,1493835,3362.9,3535.303994140625,-0.002719736715495,0.0198866020163731,46.438333655990775,-62.73486305033566,-74.06359136896005,11.328728318624384,-0.6914179301027791
3355.0,3432.0,3346.300048828125,3423.0,2657939,3358.3800048828125,3531.229995117188,0.020207454045904,0.0203362516134999,50.49883567921519,-51.06451318683594,-69.46377573253523,18.399262545699287,0.7792721418362805
3459.39990234375,3477.300048828125,3431.199951171875,3440.14990234375,1913622,3358.757495117188,3526.013994140625,0.005010196419442,0.0197037371606884,54.00466643393144,-39.9710615320364,-63.56523289243546,23.59417136039906,-0.2800353958461801
3418.0,3453.0,3377.14990234375,3430.949951171875,1084210,3358.0499877929688,3520.3849951171874,-0.0026742878749577,0.0196979205132522,48.576539825347055,-31.557999371393635,-57.1637861882271,25.605786816833465,-0.4334252010062593
3401.050048828125,3418.85009765625,3356.0,3362.699951171875,2308256,3354.2474853515623,3512.6419921875,-0.0198924498961835,0.0201931347257786,44.55614151753657,-30.05137802762647,-51.741304556106975,21.689926528480505,1.1289750140655408
3380.14990234375,3413.949951171875,3346.5,3404.14990234375,2185707,3353.85498046875,3506.575991210937,0.0123263900359085,0.0203337409391371,61.01641764000728,-25.221962032017014,-46.43743605128898,21.21547401927197,-0.0530915981589563
3385.0,3437.0,3353.10009765625,3427.10009765625,1279197,3354.777490234375,3500.963994140625,0.0067418286417701,0.0203857149659127,60.5209505735176,-19.320016973126258,-41.01395223565644,21.693935262530182,-0.4147445197366344
3382.0,3393.0,3352.0,3359.89990234375,1527582,3352.027490234375,3494.054990234375,-0.0196084717100785,0.0208683438357934,52.82278022771268,-19.836514151651954,-36.77846461885554,16.94195046720359,0.1941725942134011
3290.0,3293.0,3192.449951171875,3219.60009765625,3030921,3344.167492675781,3483.8159912109377,-0.0417571382378479,0.0227223299973217,45.62828347640141,-31.20712725346948,-35.66419714577833,4.457069892308851,0.9841298208541344
3190.0,3238.89990234375,3174.699951171875,3210.550048828125,2611493,3332.114990234375,3473.2279931640624,-0.00281092326799,0.0219921150138629,53.19673106373595,-40.4820317012568,-36.62776405687403,-3.854267644382773,-0.138383019550823
3218.5,3234.0,3201.0,3206.300048828125,1404536,3319.989990234375,3462.178994140625,-0.0013237607062226,0.0219892623647466,48.323736034106346,-47.62639237458052,-38.82748972041533,-8.79890265416519,-0.4621712560592733
3240.0,3244.85009765625,3133.050048828125,3142.0,2032028,3313.992492675781,3449.6119921875,-0.0200542830829654,0.0189571984660682,40.76482259080809,-57.81042366476095,-42.62407650928445,-15.186347155476495,0.4467610655761049
3092.0,3118.75,3023.85009765625,3088.89990234375,5240434,3303.787487792969,3435.0939892578126,-0.0169000947346434,0.0190545379717479,25.527736581139948,-69.36646253802382,-47.972553715032326,-21.3939088229915,1.5789182038830174
3094.0,3138.75,3069.0,3112.39990234375,1502769,3293.3199829101563,3422.2349853515625,0.0076078865430921,0.0190197168991453,28.92160707457916,-75.75519427590189,-53.52908182720624,-22.226112448695645,-0.7132357739836052
3130.0,3237.75,3125.39990234375,3211.949951171875,2964461,3289.51748046875,3412.790986328125,0.0319849800641491,0.0204728036005608,39.59015049743565,-71.95598938594549,-57.2144633389541,-14.741526046991387,0.9726657922807832
3199.89990234375,3250.550048828125,3183.0,3222.949951171875,3336315,3292.2824829101564,3403.5369873046875,0.0034247108974991,0.0186844151872425,34.15445770635145,-67.28190020565535,-59.22795071229435,-8.053949493360996,0.1254373054663224
3222.949951171875,3318.0,3222.949951171875,3308.800048828125,3692578,3296.374987792969,3395.784990234375,0.0266371178444873,0.0191567580117523,40.61720329668988,-56.00467838292752,-58.583296246420986,2.578617863493463,0.1067833822645643
3339.0,3345.0,3277.5,3293.10009765625,2132118,3297.964990234375,3387.824990234375,-0.0047449078034906,0.0190759594448306,40.24348731226377,-47.78343598415495,-56.42332419396779,8.639888209812838,-0.4225936459568356
3350.0,3362.89990234375,3306.5,3314.699951171875,2037686,3294.937487792969,3380.879990234375,0.0065591244951825,0.0173709653720113,46.36253571637369,-39.07468583590253,-52.95359652235474,13.878910686452215,-0.0442902315913096
3307.0,3330.0,3272.60009765625,3318.14990234375,1400046,3292.627478027344,3376.6819873046875,0.0010408034581397,0.017365268525323,43.08459637503562,-31.531085645231546,-48.66909434693011,17.138008701698567,-0.3129235809638973
3271.0,3333.0,3271.0,3290.5,2133994,3289.39248046875,3373.0539892578126,-0.0083329274317051,0.0174473943643346,39.098156611632085,-27.467219179731728,-44.42871931349043,16.961500133758705,0.5242313466843231
3272.0,3310.89990234375,3255.0,3267.10009765625,2719603,3281.5974853515627,3367.259990234375,-0.0071113515708098,0.0167701137107881,42.037081573260245,-25.836920350368477,-40.71035952086604,14.87343917049757,0.2744192345433023
3260.0,3333.0,3252.050048828125,3315.10009765625,1502879,3275.3449951171874,3360.988994140625,0.0146919281825599,0.0171249933188823,59.73695136801418,-20.436123029922783,-36.6555122226774,16.219389192754612,-0.4473902992458826
3312.0,3317.949951171875,3225.050048828125,3235.050048828125,2622535,3265.55,3353.438994140625,-0.0241470985701818,0.0178465549541057,52.18204526735013,-22.35759770782988,-33.795929319707895,11.438331611878011,0.7450074157666717
3255.0,3272.0,3206.949951171875,3216.300048828125,2170627,3258.2300048828124,3346.80099609375,-0.0057958917843611,0.017408273470843,50.86820643303661,-25.103965643992524,-32.05753658456482,6.953570940572298,-0.1723172426678767
3218.5,3268.5,3202.25,3260.75,2182144,3251.060009765625,3341.0899951171878,0.0138202128212727,0.0174764031393688,60.67800033368752,-23.42372828517864,-30.33077492468759,6.907046639508948,0.0053058402019323
3271.0,3319.39990234375,3265.050048828125,3287.85009765625,1989921,3244.097509765625,3335.622998046875,0.0083110013512994,0.0175211977067934,68.76712278290476,-19.678534777516237,-28.20032689525332,8.521792117737085,-0.0880890537013139
3300.0,3305.0,3250.0,3265.449951171875,2136916,3239.3750122070314,3329.24599609375,-0.0068130072293572,0.017069313621002,64.46734690957496,-18.30691582550844,-26.221644681304348,7.914728855795907,0.0738697666892302
3206.14990234375,3225.0,3106.0,3113.800048828125,6974600,3234.085009765625,3320.587998046875,-0.0464407369922565,0.0176751554877021,41.55408868982093,-29.12108787827401,-26.801533320698283,-2.319554557575728,2.26386250091253
3114.89990234375,3136.199951171875,3080.25,3084.699951171875,3734815,3227.7925048828124,3311.433999023437,-0.0093455254672507,0.0177604682869695,38.46282045117635,-39.58324086224138,-29.357874829006903,-10.22536603323448,-0.4645119433372523
3104.0,3110.0,3035.0,3038.75,3863530,3219.415002441406,3302.6139990234374,-0.0148960845136392,0.0179971576305996,25.856042313943377,-50.99451647464775,-33.685203158135074,-17.30931331651268,0.0344635544196967
3056.0,3057.0,2967.0,2998.75,4764908,3212.2525024414062,3292.3210009765626,-0.0131633072809543,0.0177075398260771,24.779350854733025,-62.5447236755399,-39.457107261616045,-23.08761641392385,0.2333042580231032
3018.550048828125,3028.89990234375,2953.0,2994.60009765625,4574806,3207.537512207032,3283.5610009765624,-0.0013838773968319,0.0173652977767833,21.727615585154894,-71.21231726861151,-45.80814926301514,-25.40416800559637,-0.0398962582278608
3023.0,3076.949951171875,3014.300048828125,3063.5,3202795,3205.092517089844,3275.9289990234374,0.0230080478517566,0.0181113799749574,29.839285797122955,-71.69534206460958,-50.98558782333403,-20.709754241275547,-0.2999058320724419
3030.050048828125,3078.949951171875,3030.050048828125,3074.25,1865074,3198.20751953125,3268.638999023437,0.0035090582666883,0.0164556740561078,32.40868507621923,-70.39918950233323,-54.86830815913388,-15.530881343199354,-0.4176730012379812
3107.800048828125,3171.949951171875,3098.050048828125,3164.800048828125,3402251,3195.3000244140626,3263.695,0.0294543543394729,0.0178798906308735,42.4977968977886,-61.358049673777714,-56.16625646206265,-5.191793211715066,0.8241908900129431
3167.0,3184.0,3144.050048828125,3177.300048828125,2420640,3188.7250244140623,3259.0680029296877,0.0039496966023584,0.0167333447085349,39.33931313497617,-52.578147532616185,-55.44863467617336,2.870487143557177,-0.2885181016920856
3185.0,3197.0,3143.5,3171.0,2075886,3182.62001953125,3254.1900048828124,-0.001982830935482,0.0167199483195325,44.40659825641266,-45.60269365295108,-53.4794464715289,7.8767528185778275,-0.1424226650803093
3165.0,3186.449951171875,3149.10009765625,3166.75,1797504,3175.222521972656,3249.98900390625,-0.0013402712078208,0.0166061640875354,45.560429666462944,-39.95693698195464,-50.77494457361405,10.81800759165941,-0.1341027397458242
3164.699951171875,3168.89990234375,3096.5,3115.89990234375,2639367,3165.1100219726563,3243.275,-0.0160575030097892,0.0168713458127072,37.16892129197903,-39.13469168828851,-48.446893996548944,9.312202308260431,0.4683511135441145
3115.0,3194.10009765625,3110.0,3188.85009765625,1389808,3160.0275268554688,3238.0760009765627,0.0234122396735618,0.0178106890863478,41.88923869605046,-32.225114220307205,-45.2025380413006,12.977423820993394,-0.4734313189488237
3216.0,3264.0,3201.64990234375,3260.5,2106333,3159.6975219726564,3238.047001953125,0.0224688838137645,0.0185266468104657,49.62474787313942,-20.72872810577473,-40.30777605419542,19.579047948420687,0.5155568251154117
3290.0,3317.300048828125,3275.0,3301.89990234375,2430257,3159.037512207032,3238.225,0.0126974090917804,0.0184489621799906,67.12177651512289,-8.182806853510556,-33.88278221405845,25.699975360547896,0.1537857499265311
3327.0,3327.0,3271.0,3298.800048828125,1306913,3162.225012207032,3237.7660009765623,-0.0009388090515477,0.0175611623030105,70.45673395426782,1.4925882272559647,-26.80770812579557,28.300296353051536,-0.4622325951535166
3290.0,3312.89990234375,3271.64990234375,3291.800048828125,1269114,3166.0000122070314,3237.842001953125,-0.0021219837202581,0.017504094536457,76.122651528784,8.497611857745596,-19.74664412908734,28.244255986832936,-0.0289223536685303
3280.0,3349.0,3277.050048828125,3339.5,2895824,3169.9375122070314,3241.27900390625,0.0144905372332246,0.0175299374160415,84.62555992847206,17.694163663347354,-12.2584825706004,29.952646233947757,1.2817682257070682
3350.0,3387.89990234375,3307.35009765625,3354.949951171875,2150567,3173.2925048828124,3243.83900390625,0.0046264264626065,0.017472096123455,85.79516821141173,25.930271141124194,-4.620731828255482,30.55100296937968,-0.2573557647149826
3361.199951171875,3377.0,3355.0,3365.050048828125,1106933,3178.272509765625,3245.91400390625,0.0030105062082139,0.01737406607886,83.91632164061603,32.89326603057998,2.8820677435116107,30.011198287068368,-0.4852831834581299
3365.0,3378.89990234375,3336.0,3374.449951171875,1068836,3191.3050048828127,3245.898002929688,0.0027933915416871,0.0131847383009252,83.86732674249055,38.723601632013015,10.050374521211891,28.67322711080112,-0.0344167171816179
3385.0,3385.0,3335.0,3354.25,1878359,3204.782507324219,3245.6960009765626,-0.0059861463243394,0.0130247317979256,75.40566254559836,41.238841663504445,16.288067949670406,24.95077371383404,0.757387475721252
3400.0,3428.699951171875,3375.050048828125,3422.5,1449248,3223.970007324219,3247.042001953125,0.0203473205634643,0.0126735073119794,78.60476376282008,48.18395745269527,22.66724585027538,25.51671160241989,-0.2284499395482971
3419.0,3419.0,3381.25,3401.550048828125,1472354,3244.110009765625,3246.613002929688,-0.006121242124726,0.012200931928374,76.00678802192833,51.40496138262233,28.41478895674477,22.99017242587756,0.0159434410121663
3411.0,3414.85009765625,3387.5,3392.699951171875,839942,3264.015002441406,3245.66400390625,-0.0026017837542325,0.0122447436348751,75.22608296041251,52.63673773824712,33.259178713045245,19.37755902520188,-0.4295244214366925
3385.10009765625,3417.949951171875,3371.10009765625,3401.10009765625,1622326,3280.8950073242186,3245.0670068359377,0.0024759473591153,0.0116175792268016,85.17516823063646,53.6720529758727,37.34175356561074,16.330299410261965,0.9314738398603712
3390.0,3392.0,3362.0,3381.25,1430659,3296.245007324219,3245.4380078125,-0.0058363756097413,0.0118785940854669,77.30627434131196,52.28806649173657,40.33101615083591,11.957050340900665,-0.1181433324744841
3387.0,3421.5,3371.25,3385.75,1398410,3307.2925048828124,3245.070009765625,0.0013308687615527,0.0103812852773388,71.96213271870778,50.96684555411776,42.45818203149228,8.508663522625476,-0.0225413603101787
3365.0,3384.10009765625,3347.39990234375,3354.550048828125,1536532,3316.1550048828126,3243.6190087890627,-0.0092150782461418,0.0107572114977938,59.57449642379872,46.86199719835077,43.33894506486398,3.523052133486786,0.0987707467766962
3319.949951171875,3341.89990234375,3270.0,3284.60009765625,1849256,3321.835009765625,3242.1130126953126,-0.0208522604086086,0.0119568315458198,47.92276928857089,37.53185497771892,42.17752704743496,-4.645672069716042,0.2035258621362914
3292.0,3308.0,3250.199951171875,3255.35009765625,1691923,3326.265014648437,3242.8280126953123,-0.0089051936705694,0.0121799433804906,44.99382690797498,27.46086771109549,39.23419518016707,-11.773327469071582,-0.0850790804518141
3276.0,3278.14990234375,3214.75,3218.199951171875,1946930,3331.380017089844,3242.981010742188,-0.0114120280061803,0.0118688036597636,32.84300352846843,16.294004261727423,34.64615699647914,-18.35215273475172,0.1507202159909169
3234.300048828125,3257.0,3216.800048828125,3222.199951171875,1457962,3333.047509765625,3243.2990087890626,0.0012429308497576,0.0107114479521837,30.59495888048717,7.678438832601387,29.252613363703592,-21.574174531102205,-0.2511482179636658
3125.0,3142.699951171875,3081.0,3132.550048828125,2539173,3326.650012207031,3243.110009765625,-0.0278225757874354,0.0111934009090492,22.42647697515858,-6.310710779834153,22.139948534996044,-28.4506593148302,0.7415906587414487
3155.0,3226.5,3142.10009765625,3211.14990234375,3431525,3322.112512207031,3245.555009765625,0.0250913320746555,0.0123316209926129,33.36389236125447,-10.928880015910636,15.526182824814708,-26.455062840725343,0.3514341086645141
3190.0,3190.0,3121.0,3131.699951171875,3546935,3313.7575073242188,3245.941010742188,-0.0247419004369389,0.013395618629392,29.770018264495636,-20.76044597793316,8.268857064265134,-29.029303042198293,0.0336322771945418
3163.0,3163.0,3120.300048828125,3130.39990234375,2052900,3305.6875,3244.310009765625,-0.0004151256021952,0.0134036579687134,19.768159945178297,-28.3303611426968,0.9490134228727474,-29.279374565569547,-0.4212186014122052
3123.64990234375,3147.949951171875,3112.25,3133.39990234375,2147912,3295.382495117188,3242.5190087890624,0.0009583440114964,0.01283428362785,21.17595807385364,-33.69903699950373,-5.980596661602549,-27.718440337901185,0.0462818451946027
3135.5,3140.85009765625,3106.35009765625,3127.050048828125,1936453,3283.9875,3238.8840087890626,-0.0020265059403605,0.0127090473784869,21.29039679917932,-38.02777093415125,-12.390031516112291,-25.63773941803896,-0.0984486329048862
3102.0,3161.89990234375,3102.0,3149.60009765625,1291534,3273.2150024414063,3236.0140087890627,0.007211284909423,0.0128550384660229,23.62624758573088,-39.1869999401456,-17.749425200918953,-21.437574739226644,-0.3330413906250242
3170.0,3183.5,3160.10009765625,3169.64990234375,1346113,3262.975,3233.1130078125,0.0063658255225544,0.0129673834087838,27.819673557547134,-38.049237677005294,-21.80938769613622,-16.239849980869074,0.0422590500908222
3195.0,3233.5,3168.5,3217.64990234375,1561185,3256.144995117188,3231.1030078125,0.0151436283119177,0.0135623050102442,33.852040792395385,-32.89515912124625,-24.026541981158225,-8.868617140088027,0.1597726193863369
3239.89990234375,3269.800048828125,3225.0,3242.949951171875,1785928,3247.167492675781,3230.1520068359373,0.0078628967090845,0.0127426730384496,39.15660878641236,-26.463952265103217,-24.514024037947223,-1.9499282271559932,0.1439566739367852
3263.449951171875,3263.449951171875,3225.0,3229.35009765625,1972678,3238.5574951171875,3229.3970068359376,-0.0041936674078829,0.01272201764866,43.971624782231125,-22.20856253273223,-24.052931736904227,1.844369204171997,0.1045674853633518
3135.0,3141.39990234375,3113.800048828125,3120.39990234375,5090269,3224.942492675781,3225.503002929688,-0.0337374988830019,0.0145120411116973,37.45698774916698,-27.31266236810825,-24.704877863145036,-2.6077845049632167,1.580385141416896
3130.0,3137.75,3100.0,3104.35009765625,2138023,3210.104992675781,3222.88900390625,-0.005143508905844,0.0144308338286817,38.98616684340925,-32.280671873823394,-26.22003666528071,-6.060635208542685,-0.5799783862110235
3076.0,3094.35009765625,3000.0,3008.699951171875,5322221,3191.477490234375,3218.737001953125,-0.0308116492906486,0.0155906860701029,32.45684705670888,-43.43532722464624,-29.66309477715382,-13.772232447492424,1.4893188707511564
3036.0,3042.0,2987.800048828125,3028.800048828125,2072220,3173.629992675781,3214.0980029296875,0.0066806587504417,0.0157626712914442,40.37479762522775,-50.076313487331845,-33.74573851918943,-16.330574968142415,-0.6106475097520377
3050.0,3079.949951171875,3030.0,3040.300048828125,1544295,3157.917492675781,3209.147001953125,0.0037968831928834,0.015866670761841,31.895739477010626,-53.7913162459904,-37.754854064549626,-16.036462181440776,-0.2547630077887483
3028.0,3041.39990234375,2998.14990234375,3001.199951171875,2253818,3143.7474853515623,3203.862001953125,-0.0128606048838242,0.0155379760362368,34.87833140208575,-59.208020599330666,-42.04548737150584,-17.16253322782483,0.4594478386577694
2990.0,3029.949951171875,2979.300048828125,3007.39990234375,2017983,3131.349975585937,3201.7339990234377,0.0020658240946105,0.0155636658177998,35.907421227707616,-62.282559009468514,-46.09290169909838,-16.189657310370137,-0.1046379965019358
3004.0,3022.5,2979.0,2982.050048828125,2652374,3119.54248046875,3199.6810009765627,-0.0084291595194471,0.0155014257617249,33.504094380159216,-66.00382318379297,-50.0750859960373,-15.928737187755672,0.3143688524630783
2959.85009765625,3025.85009765625,2926.10009765625,2994.39990234375,2925489,3108.152478027344,3198.7939990234377,0.0041413971306343,0.0155633778763414,35.72886324177945,-67.18198972728624,-53.4964667422871,-13.68552298499914,0.1029700185569606
3009.39990234375,3025.0,2976.0,3017.449951171875,2227447,3102.3974731445314,3199.167998046875,0.0076977189352975,0.014646612548383,35.79793489195099,-65.50069762860903,-55.89731291955149,-9.603384709057543,-0.2386069474197305
2980.0,3049.949951171875,2980.0,3035.64990234375,2739767,3093.622473144532,3199.988994140625,0.0060315668748065,0.0133716482078514,35.54164563670983,-61.98515133099272,-57.114880601839744,-4.870270729152978,0.2300032279106978
3054.0,3055.85009765625,2990.0,2997.300048828125,2493902,3086.902478027344,3198.664995117188,-0.012633160854951,0.0125723139239423,25.719011341582373,-61.58367002406703,-58.0086384862852,-3.5750315377818325,-0.089739382947528
2990.85009765625,3019.699951171875,2950.10009765625,3004.550048828125,2817353,3080.6099853515625,3197.27099609375,0.0024188435865253,0.0126083965498011,22.64171876908664,-59.98896335882228,-58.40470346079262,-1.5842598980296572,0.1296967563280353
2995.0,3020.699951171875,2974.0,2984.949951171875,1763331,3073.187487792969,3193.673994140625,-0.0065234718469391,0.0126278224241416,22.3341438191292,-59.61945494855854,-58.64765375834581,-0.9718011902127373,-0.3741178332995546
3029.949951171875,3098.0,3023.0,3091.14990234375,2145875,3071.39248046875,3191.950991210937,0.0355784696256571,0.0152130796501152,46.66818321877618,-50.17873909263472,-56.95387082520359,6.775131732568873,0.2169439543681814
3111.0,3124.0,3092.449951171875,3101.949951171875,1790816,3069.009973144531,3190.569990234375,0.0034938612391253,0.0151368499523984,49.72329412559424,-41.34878700164654,-53.83285406049218,12.48406705884564,-0.1654611755111551
3097.39990234375,3105.0,3058.10009765625,3064.89990234375,1939879,3063.7724731445314,3188.53298828125,-0.011944115608354,0.0152433451753844,57.49133206066874,-36.91508157190037,-50.44929956277382,13.534217990873444,0.0832374738666619
3010.0,3127.0,3005.0,3118.550048828125,3064063,3058.81748046875,3188.5859912109377,0.0175046977695252,0.0153880398173632,60.98128244803833,-28.740912281215515,-46.10762210646216,17.366709825246645,0.5795124335074506
3100.0,3145.0,3053.35009765625,3069.550048828125,4730645,3050.1474853515624,3186.199990234375,-0.0157124302104476,0.0155393070559571,53.27804621791258,-25.917948736875587,-42.069687432544846,16.15173869566926,0.5439124456644657
3084.89990234375,3109.89990234375,3062.050048828125,3100.75,1665247,3043.71748046875,3183.004990234375,0.0101643402699318,0.0157928098647165,61.35768445927766,-20.921978929316538,-37.84014573189919,16.918166802582647,-0.6479873251956129
3100.75,3110.0,3052.35009765625,3103.300048828125,2054781,3042.8624877929688,3179.032993164062,0.0008223974290493,0.0139050819178472,61.03315448781291,-16.565907761271774,-33.585298137773705,17.01939037650193,0.2339196527602212
3145.0,3150.0,3071.0,3099.14990234375,2245977,3042.602478027344,3175.039990234375,-0.0013373332965151,0.0138595906310582,64.1630154840851,-13.295312032796572,-29.52730091677828,16.231988883981707,0.0930493322646062
3072.64990234375,3128.39990234375,3071.449951171875,3111.75,1517005,3047.75498046875,3171.4389892578124,0.0040656625375625,0.0118221971006435,64.18469561686396,-9.576229959187458,-25.53708672526012,15.96085676607266,-0.3245678829302348
3150.0,3155.35009765625,3128.550048828125,3144.699951171875,1793722,3053.5499755859373,3167.54298828125,0.0105888812314212,0.0119396831511427,65.02182882557805,-3.9248022586407383,-21.214629831936243,17.289827573295504,0.1824100777518862
3159.0,3159.0,3112.0,3121.85009765625,1194289,3057.627478027344,3162.8809912109373,-0.00726614744504,0.0121045758203877,60.0654082198154,-1.2750987593603895,-17.226723617421072,15.951624858060685,-0.3341838924872415
3105.0,3160.0,3105.0,3157.300048828125,1587601,3065.432482910156,3158.725991210937,0.0113554302938789,0.0118113254792124,68.81023862964473,3.643327138508539,-13.05271346623515,16.69604060474369,0.3293273236209997
3157.800048828125,3160.39990234375,3127.0,3137.39990234375,1021913,3071.932482910156,3153.984990234375,-0.0063029000020955,0.0119784564895704,65.16722459298322,5.867799251891938,-9.268610922609732,15.136410174501671,-0.3563162280698991
3170.10009765625,3178.0,3155.0,3161.699951171875,260949,3080.914978027344,3150.1339892578126,0.0077452825857398,0.0117682382038582,69.96496600290331,9.482215210182858,-5.518445696051215,15.000660906234073,-0.7446465599322056
3180.5,3184.25,3151.14990234375,3162.10009765625,2069643,3089.2999877929688,3144.9259912109374,0.0001265605498796,0.0117818784371656,60.53140446750837,12.237883669589792,-1.9671798229230133,14.205063492512805,6.931216444592621
3160.699951171875,3174.0,3134.35009765625,3157.39990234375,2438421,3096.2974853515625,3140.04298828125,-0.0014864157260497,0.0117596393701836,58.382438153023976,13.882475757648535,1.2027512931912965,12.67972446445724,0.1781843535334355
3150.0,3178.5,3145.0,3163.25,1355739,3102.677490234375,3135.4539892578123,0.0018528212571069,0.0117275740465907,66.41626458890266,15.47944343730842,4.058089722014721,11.421353715293698,-0.4440094635011755
3199.0,3199.0,3177.800048828125,3193.14990234375,1919414,3112.4699829101564,3131.2949853515624,0.0094522729293449,0.0112966139945043,63.5242400717372,18.939402422442527,7.034352262100283,11.905050160342244,0.4157695544643918
3214.5,3262.60009765625,3203.449951171875,3259.699951171875,2991060,3125.227478027344,3128.863984375,0.0208415047409074,0.0119587002806756,82.41000895499532,26.743198657227826,10.976121541125792,15.76707711610203,0.558319362055294
3270.0,3270.0,3222.050048828125,3241.699951171875,1405955,3138.064978027344,3125.9829833984377,-0.0055219806330729,0.011913662777632,75.15610062597113,31.11662079380085,15.004221391660804,16.112399402140046,-0.5299475771131305
3228.050048828125,3228.050048828125,3195.0,3206.75,1422652,3143.8449829101564,3123.026982421875,-0.0107813652399385,0.0098120221459002,66.54931585282694,31.400455470638008,18.283468207456245,13.116987263181764,0.0118759135249706
3217.0,3220.050048828125,3166.14990234375,3217.39990234375,1464013,3149.61748046875,3121.682978515625,0.0033210890601855,0.0098106052837749,68.53156110588218,32.11455797739791,21.04968616144458,11.064871815953328,0.0290731675771727
3229.0,3242.800048828125,3195.10009765625,3233.699951171875,1474498,3158.057482910156,3121.2499755859376,0.0050662178538176,0.009272142404214,68.89230967068461,33.60835092508114,23.56141911417189,10.046931810909246,0.0071618216504907
3249.800048828125,3249.800048828125,3201.64990234375,3216.050048828125,1162267,3162.932482910156,3121.2069775390623,-0.0054581138047002,0.0087528520858076,61.603521276629536,32.98773095723982,25.44668148278548,7.54104947445434,-0.2117541020740618
3170.0,3225.0,3170.0,3205.64990234375,1573092,3169.7374755859373,3120.8759765625,-0.0032338260681498,0.0078541813150243,64.20333321747017,31.29592036878421,26.616529259985228,4.679391108798981,0.353468695230958
3269.60009765625,3341.60009765625,3255.050048828125,3315.949951171875,3265394,3180.497473144532,3124.543974609375,0.0344080146579579,0.0105545649004365,71.44783709637812,38.41264337131133,28.97575208225045,9.43689128906088,1.0757806917840789
3324.0,3349.0,3309.0,3335.5,1342074,3192.107470703125,3127.0309765625,0.0058957611290892,0.0105499934709976,76.80647305470725,45.11022063455175,32.20264579271071,12.90757484184104,-0.5890008985133188
3321.0,3339.949951171875,3292.0,3332.60009765625,1400708,3203.77998046875,3131.0489794921878,-0.0008694055894917,0.0105388253621827,74.54754074675678,49.61220239873364,35.684557113915304,13.92764528481834,0.0436890961303177
3338.89990234375,3367.89990234375,3321.449951171875,3355.35009765625,1748235,3215.9599853515624,3135.5479833984373,0.0068265016303634,0.0105620610772972,76.08312837262517,54.38882967951713,39.42541162703567,14.963418052481458,0.248108099618193
3340.0,3360.0,3317.75,3349.0,1417986,3226.1749877929688,3139.8599853515625,-0.0018925290868113,0.0105101741098419,75.74577363229453,57.00482526106271,42.94129435384108,14.063530907221626,-0.1889042377025972
3350.0,3362.75,3321.0,3343.449951171875,1164540,3237.25498046875,3144.1879833984376,-0.0016572256877053,0.0102885901346797,74.23344909983827,57.96202787272432,45.94544105761773,12.016586815106592,-0.1787366024770343
3322.5,3333.699951171875,3273.0,3283.5,1304194,3243.564978027344,3146.8659814453126,-0.0179305663453591,0.0111568009570178,61.24176629335265,53.26910472145255,47.41017379038469,5.85893093106786,0.1199220292991223
3280.0,3318.949951171875,3255.25,3314.949951171875,1149739,3252.44248046875,3149.771982421875,0.0095781791295492,0.0110982507415965,57.53237900477165,51.4940857679685,48.22695618590146,3.2671295820670423,-0.1184294667817824
3330.0,3330.0,3291.0,3308.300048828125,1150011,3259.7724853515624,3151.5849853515624,-0.0020060340100758,0.0110844027457472,59.36974056788471,48.98609767422158,48.37878448356548,0.6073131906561002,0.0002365754314674
3316.25,3392.949951171875,3308.300048828125,3380.14990234375,1296591,3270.6749755859373,3154.328984375,0.0217180583547964,0.0118816437578213,72.10043189823631,52.19451585644447,49.14193075814128,3.05258509830319,0.1274596503859528
3383.0,3403.35009765625,3348.0,3389.64990234375,1588981,3282.287475585937,3157.53498046875,0.0028105262412807,0.0118272435502517,72.01841275785662,54.87125926580484,50.287796459674,4.583462806130839,0.2255067326550932
3366.0,3417.0,3365.550048828125,3395.25,2195437,3293.8874755859374,3163.031982421875,0.00165211683141,0.0118289078080537,71.2314455988906,56.789840846675816,51.58820533707437,5.201635509601445,0.3816634686003168
3383.0,3429.0,3383.0,3397.35009765625,1576028,3304.0974853515627,3168.891982421875,0.0006185399178999,0.011764062211287,74.84241929947927,57.81335453820839,52.83323517730118,4.98011936090721,-0.2821347185093446
3383.0,3414.89990234375,3375.0,3390.800048828125,3410702,3310.652490234375,3176.533984375,-0.0019279875902821,0.0110435068879433,75.64050982479083,57.43390006479285,53.75336815479951,3.680531909993341,1.1641125665280057
3425.0,3480.0,3420.0,3475.64990234375,2180856,3322.349987792969,3185.4709814453126,0.025023549691451,0.0120135723785146,73.79320930848374,63.25073857758207,55.65284223935602,7.59789633822605,-0.3605844192779082
3458.10009765625,3468.89990234375,3413.0,3439.14990234375,2411749,3333.9699829101564,3193.447978515625,-0.0105016330831787,0.0119961494634468,64.70003684098268,64.17560363942403,57.35739451936963,6.818209120054398,0.1058726481711769
3433.0,3439.14990234375,3407.0,3425.89990234375,1475065,3344.394982910156,3201.9419775390625,-0.0038526962697875,0.0121107505967845,62.85475748063491,63.11188705095992,58.50829302568769,4.60359402527223,-0.3883836999621436
3400.050048828125,3407.949951171875,3368.0,3385.35009765625,1166999,3351.977490234375,3209.5009814453124,-0.011836249115089,0.0125562077793317,53.94011335521429,58.32452482508643,58.47153938556744,-0.1470145604810113,-0.2088491015650158
3368.300048828125,3393.699951171875,3354.0,3380.60009765625,1167505,3360.2049926757813,3217.471982421875,-0.0014031045129685,0.0124555160457019,54.1677829355123,53.53015812589683,57.48326313363332,-3.9531050077364815,0.0004335907742851
3360.0,3380.60009765625,3339.449951171875,3350.550048828125,1285619,3367.45,3224.5949853515626,-0.0088889688102885,0.0126567925621855,50.87959669575064,46.76670273567424,55.33995105404151,-8.573248318367263,0.1011678750840467
3374.10009765625,3374.10009765625,3276.35009765625,3292.75,1797896,3366.290002441406,3230.100986328125,-0.0172509134278835,0.0109071684699945,51.15207457347577,36.32391524153945,51.5367438915411,-15.212828650001647,0.3984671975134157
3255.5,3296.0,3236.10009765625,3286.449951171875,1527610,3363.8375,3235.1169873046874,-0.0019133091877989,0.0108132693859074,46.21312585802856,27.225728378175063,46.67454078886789,-19.44881241069283,-0.1503346133480468
3277.199951171875,3336.449951171875,3267.800048828125,3332.10009765625,1378016,3363.8125,3241.81298828125,0.013890412804886,0.0112930574695302,52.86540404886574,23.428861713287915,42.025404973751904,-18.59654326046399,-0.0979268268733511
3348.800048828125,3377.0,3340.89990234375,3365.35009765625,1213311,3364.3125,3249.028989257813,0.0099786918236302,0.0114139182403673,48.035599015920006,22.839534705604365,38.1882309201224,-15.348696214518036,-0.1195232856512551
3358.800048828125,3364.75,3298.949951171875,3305.10009765625,1415694,3362.1175048828127,3255.4319921875,-0.0179030407689114,0.0121094396346869,40.10998174586312,17.31126386248252,34.01283750859442,-16.701573646111903,0.1668022460852989
3275.0,3292.0,3225.199951171875,3240.25,2703680,3356.9575073242186,3258.413994140625,-0.019621220459325,0.0128371217299488,34.07643951113707,7.609491008684017,28.732168208612343,-21.12267719992833,0.9097912401973872
3227.0,3245.5,3194.5,3202.050048828125,2120965,3352.885009765625,3260.41599609375,-0.0117891987259856,0.0124919269685561,31.321726225361203,-3.125620477474968,22.36061047139488,-25.48623094886985,-0.2155266155758077
3198.89990234375,3249.0,3163.64990234375,3243.949951171875,1529971,3349.335009765625,3263.9969970703123,0.013085336489067,0.0126741997847261,36.84492310760911,-8.158258401004332,16.256836696915038,-24.41509509791937,-0.2786439191594392
3249.0,3283.050048828125,3240.0,3268.550048828125,1432566,3347.347509765625,3266.9969970703123,0.0075833776804612,0.0128149752150158,29.20267196365204,-10.045835782746964,10.996302200982637,-21.0421379837296,-0.0636646054075534
3294.0,3294.0,3245.10009765625,3259.699951171875,1384101,3341.3250122070312,3270.799995117188,-0.0027076524832235,0.0116987630386242,30.91973864895945,-12.11621518794118,6.373798723197874,-18.49001391113905,-0.0338309020317388
3217.0,3266.85009765625,3217.0,3228.35009765625,1360281,3333.2600219726564,3273.3519970703123,-0.0096174046646086,0.0117737284371047,29.773751900981964,-16.10107380365116,1.878824217828067,-17.97989802147923,-0.0172097267468197
3228.35009765625,3272.0,3225.050048828125,3252.89990234375,870157,3326.142517089844,3276.343994140625,0.0076044431195125,0.0119545684472492,35.97965831173704,-17.08123703116007,-1.9131880319695609,-15.16804899919051,-0.3603108475381189
3269.199951171875,3273.800048828125,3231.5,3259.5,835883,3319.2500122070314,3279.55099609375,0.0020289888574482,0.0119754145452542,37.23112106939934,-17.128009695163655,-4.95615236460838,-12.171857330555277,-0.0393882942963166
3249.800048828125,3266.10009765625,3226.0,3257.10009765625,910795,3312.5650146484377,3282.457998046875,-0.0007362792893849,0.0119787608684522,39.53645269806662,-17.16090915227278,-7.39710372214126,-9.76380543013152,0.0896201980420705
3231.10009765625,3271.5,3228.0,3268.75,1037927,3302.22001953125,3284.9389990234376,0.0035767713593244,0.0102768760304222,47.0029962720376,-16.06178222483959,-9.130039422680928,-6.931742802158663,0.1395835506343359
3286.050048828125,3299.0,3246.199951171875,3256.699951171875,1163131,3293.097521972656,3287.63599609375,-0.0036864394120459,0.0101274257437963,46.33755913416167,-15.978860097329743,-10.49980355761069,-5.479056539719053,0.1206289074279789
3261.0,3266.85009765625,3235.199951171875,3261.449951171875,709547,3284.8750244140624,3289.718994140625,0.001458531664328,0.0101644294235845,40.32851557721834,-15.352879967829267,-11.470418839654403,-3.882461128174862,-0.3899681119323619
3252.0,3320.0,3245.300048828125,3311.35009765625,1245178,3281.1750244140626,3293.197998046875,0.0152999884197042,0.0106396092795199,42.9300846021958,-10.706839634363403,-11.317702998596204,0.6108633642328005,0.7548915011972428
3306.699951171875,3327.35009765625,3286.199951171875,3314.64990234375,1231668,3277.8775146484377,3296.2569970703125,0.0009965133828149,0.0106489502566131,51.469428111621845,-6.681531994789566,-10.390468797834878,3.708936803045312,-0.0108498543983269
3330.199951171875,3337.300048828125,3281.949951171875,3311.10009765625,1826057,3275.905017089844,3299.236997070313,-0.0010709440791891,0.010483646877854,63.4364223619049,-3.7348334260946094,-9.059341723486824,5.324508297392214,0.482588652136777
3300.0,3301.550048828125,3200.0,3211.550048828125,2488376,3271.84501953125,3300.32,-0.0300655509927323,0.0118599979987476,51.46154065736277,-9.324918688465004,-9.11245711648246,-0.2124615719825442,0.3627044500801453
3229.0,3327.0,3221.14990234375,3319.949951171875,2885060,3273.52001953125,3303.453999023437,0.0337531412232869,0.0141955178339992,59.70627008784085,-4.951062582405029,-8.280178209666975,3.3291156272619453,0.1594148151244023
3285.0,3298.0,3230.10009765625,3286.39990234375,3864655,3271.235009765625,3305.3189990234373,-0.0101055887352405,0.0140264154046663,52.2287273638447,-4.144187048762433,-7.452979977486066,3.308792928723633,0.339540598809037
3290.10009765625,3349.5,3271.14990234375,3328.699951171875,2720512,3269.4025024414063,3306.6989990234374,0.0128712421144967,0.0141555187041463,57.951151553071824,-0.0904295355589965,-5.980469889100653,5.890040353541656,-0.2960530758890509
3329.0,3350.0,3315.550048828125,3334.35009765625,2250391,3270.8650024414064,3308.552001953125,0.0016974033608483,0.0135492813903063,62.98384077378638,3.537345780211581,-4.076906755238206,7.614252535449787,-0.1728060747388726
3342.89990234375,3379.0,3305.0,3374.550048828125,1742837,3277.5800048828123,3311.9080029296874,0.0120563078244639,0.0129061988151236,64.35061796947045,9.546141966902724,-1.3522970108100203,10.898438977712743,-0.2255403616527083
3317.0,3353.0,3298.050048828125,3334.050048828125,1843607,3284.1800048828127,3314.241005859375,-0.0120016000397044,0.0129183210670682,58.1431008836002,10.914331093605142,1.1010286100730122,9.81330248353213,0.0578195207010179
3330.0,3381.800048828125,3321.0,3378.39990234375,1688475,3290.9025024414063,3317.1350048828126,0.013302095909212,0.0129281087153811,62.13726994239705,15.399774352596978,3.9607777585778057,11.438996594019171,-0.0841459161307155
3380.0,3408.949951171875,3372.25,3390.0,2421189,3296.975,3320.61400390625,0.0034336070304177,0.0128688371946441,62.13349581689523,19.663878435751485,7.101397894012542,12.562480541738942,0.433950162128548
3380.0,3387.0,3361.0,3373.10009765625,1585044,3302.6450073242186,3323.9630078125,-0.0049852219303097,0.0129217663028286,61.53619453056985,21.43247058247425,9.967612431704884,11.464858150769368,-0.3453447872099204
3365.0,3394.64990234375,3355.60009765625,3363.10009765625,1529349,3309.3825073242188,3324.9060107421874,-0.002964631855114,0.0126963046026983,59.97059295428258,21.77615422355393,12.329320790074693,9.446833433479238,-0.0351378258269171
3388.0,3419.0,3355.60009765625,3414.89990234375,1067916,3317.4825073242187,3326.4940087890627,0.0154023975449315,0.0129898350346671,60.1192146264093,25.92943888353284,15.049344408766324,10.880094474766516,-0.3017185743738022
3425.0,3451.949951171875,3417.300048828125,3436.300048828125,1387863,3326.322509765625,3328.5680078125,0.006266698028158,0.013016059378458,61.481850169711805,30.59507884798495,18.15849129661005,12.4365875513749,0.2995994066949086
3425.300048828125,3435.0,3405.0,3429.75,874110,3334.9550048828123,3330.056005859375,-0.001906134137023,0.0130350470329366,61.13560791588456,33.37932188970808,21.20265741522966,12.176664474478422,-0.3701755864952089
3426.0,3446.0,3382.300048828125,3411.050048828125,1785879,3342.0700073242188,3331.2970068359373,-0.0054522782044974,0.0131576375150236,72.07347235143291,33.6885837589457,23.699842683972868,9.988741074972827,1.0430826783814395
3420.0,3458.449951171875,3385.550048828125,3433.64990234375,1953798,3350.9175048828124,3333.101005859375,0.0066254828255567,0.0131161895471301,65.528543658243,35.34980477729914,26.029835102638124,9.319969674661015,0.0940259670447998
3449.0,3449.0,3351.0,3358.699951171875,2820375,3355.7800048828126,3334.6050048828124,-0.0218280702178504,0.0142220172363809,58.87117695023542,30.269570954294977,26.877782272969498,3.39178868132548,0.443534592624212
3363.0,3419.0,3355.0,3408.35009765625,2205161,3360.6300048828125,3336.4730078125,0.0147825489642359,0.0141961657238905,59.59987641424767,29.90507385007595,27.48324058839079,2.421833261685162,-0.2181319859947702
3427.0,3469.0,3420.10009765625,3460.39990234375,1813847,3367.9175048828124,3339.5150048828127,0.0152712612249814,0.0145224770446566,63.66394993219632,33.43082180503188,28.67275683171901,4.758064973312873,-0.1774537097291308
3504.0,3504.0,3452.89990234375,3482.300048828125,1804469,3376.477502441406,3341.5580078125,0.0063287906318405,0.014527566735683,62.16278036643991,37.55920215248307,30.450045895871824,7.109156256611243,-0.0051702265957381
3473.14990234375,3473.14990234375,3436.85009765625,3459.949951171875,1138714,3388.897497558594,3342.9640087890625,-0.006418199851495,0.0125554433337609,64.81873354866147,38.58274931078586,32.07658657885463,6.5061627319312265,-0.3689478733078817
3468.89990234375,3493.0,3461.39990234375,3472.550048828125,1455647,3396.5275024414063,3344.510009765625,0.0036416993985657,0.0103949193760997,61.97686487574328,39.950120267096736,33.65129331650306,6.298826950593679,0.2783253740623195
3478.050048828125,3539.89990234375,3478.050048828125,3520.10009765625,1986946,3408.212512207031,3346.965009765625,0.0136931212392954,0.0102612605476979,65.16318154501748,44.35931656084176,35.7928979653708,8.566418595470964,0.3649916497612402
3515.0,3547.60009765625,3505.300048828125,3540.85009765625,1655427,3418.82001953125,3349.966010742188,0.0058947187364972,0.0100418303854569,69.37737809328387,48.96356645980632,38.4270316642579,10.536534795548413,-0.1668485202919455
3520.0,3542.35009765625,3508.14990234375,3537.550048828125,1187821,3428.980017089844,3351.204013671875,-0.000931993373656,0.0100788827377632,70.46813225468073,51.749643636982,41.09155405880273,10.658089578179272,-0.2824685111454628
3549.0,3549.0,3473.39990234375,3482.39990234375,1087939,3434.372509765625,3352.069013671875,-0.0155899268485669,0.01065247401667,57.8579654554198,48.94328622277317,42.66190049159682,6.28138573117635,-0.084088427465081
3505.0,3524.85009765625,3495.0,3500.10009765625,1579818,3442.675012207031,3353.553017578125,0.0050827578132504,0.01017633214746,57.491776461960725,47.59879629385932,43.64927965204932,3.949516641810007,0.4521200177583486
3487.0,3526.0,3460.14990234375,3520.64990234375,1429449,3449.787512207032,3356.259013671875,0.0058712048553299,0.0098921946700691,60.3342248512564,47.64228522725989,44.44788076709143,3.1944044601684567,-0.0951812170769037
3527.199951171875,3575.0,3527.0,3558.050048828125,1618931,3458.1900146484377,3359.8080126953123,0.0106230802612543,0.0100717900618212,66.0305172793871,50.11691319688498,45.58168725305015,4.535225943834831,0.1325559708670962
3526.14990234375,3538.89990234375,3490.0,3501.14990234375,1061369,3464.5925048828126,3362.820009765625,-0.0159919466290575,0.0107766607618435,56.84860927257306,46.94554834587871,45.85445947161587,1.0910888742628373,-0.3444013364374393
3502.0,3522.0,3475.050048828125,3487.300048828125,1296082,3470.8025024414064,3366.711010742188,-0.0039558013515369,0.0108025539772184,64.89459045856742,42.821037161127606,45.24777500951822,-2.426737848390616,0.2211417518318323
3494.0,3508.89990234375,3444.75,3451.0,1139541,3472.6075073242187,3370.00201171875,-0.0104092129498072,0.0106414628317592,55.09738766687442,36.20586311087527,43.43939262978964,-7.2335295189143665,-0.1207801666869843
3414.949951171875,3447.0,3395.0,3401.550048828125,1218430,3470.870007324219,3371.3910107421875,-0.0143291657988626,0.0110508503425509,42.922459429859984,26.66570656080285,40.08465541599228,-13.418948855189434,0.0692287508742555
3421.0,3452.39990234375,3408.0,3413.800048828125,1441570,3470.072509765625,3372.360009765625,0.0036012993559275,0.0110812302534626,41.56612888874995,19.86455021461188,36.0406343757162,-16.17608416110432,0.1831373160542666
3422.5,3433.949951171875,3382.300048828125,3400.449951171875,977592,3469.5425048828124,3374.267006835937,-0.0039106267107918,0.0110478971024572,42.50819539090723,13.244667221916645,31.48144094495629,-18.236773723039647,-0.3218560319651491
3390.0,3390.0,3316.0,3331.85009765625,1128022,3464.452514648437,3376.0990087890623,-0.020173757738144,0.0117898595524043,34.47364323166293,2.434859842097921,25.67212472438462,-23.2372648822867,0.1538781004754539
3328.5,3392.0,3299.89990234375,3312.85009765625,4116217,3462.160021972656,3378.315009765625,-0.0057025374621041,0.0108347046093813,25.591819928945952,-7.577779670205928,19.022143845466516,-26.59992351567244,2.6490573765405285
3323.0,3389.0,3315.0,3385.699951171875,1669307,3461.0275146484373,3381.150009765625,0.0219900844795737,0.0114752964290095,33.72494505365047,-9.524699467257506,13.312775182921708,-22.83747465017921,-0.5944560260064035
3361.0,3369.89990234375,3318.0,3321.449951171875,1556538,3454.080017089844,3382.2080078125,-0.0189768735938226,0.0115887509622169,29.90140825881808,-16.066876522300845,7.436844841877199,-23.503721364178045,-0.0675543803506485
3354.0,3358.0,3331.10009765625,3342.14990234375,1043190,3447.072509765625,3383.8570068359377,0.0062322032474315,0.0115851243800427,36.06280162763684,-19.358137352030557,2.0778484030956488,-21.435985755126204,-0.329801135597075
3361.89990234375,3404.949951171875,3359.0,3371.85009765625,1334132,3442.667517089844,3386.7270068359376,0.0088865539189826,0.0117809040722741,37.55216691136814,-19.346908605642057,-2.207102998651892,-17.139805606990166,0.2788964618142429
3364.0,3396.0,3330.85009765625,3390.39990234375,1844590,3438.560009765625,3389.4770068359376,0.0055013728814319,0.0118285612816932,37.308776694188296,-17.637877064532404,-5.293257811827995,-12.344619252704408,0.3826143140258984
3385.0,3385.0,3330.85009765625,3336.85009765625,1648500,3429.397509765625,3391.0240087890625,-0.0157945393552192,0.0117209742105006,29.104464875870093,-20.369670082158336,-8.308540265894063,-12.061129816264271,-0.1063054662553738
3312.89990234375,3337.25,3290.0,3331.0,1024404,3418.9050048828126,3392.5020068359377,-0.001753179640991,0.0115526535444078,32.21117866568653,-22.74450522145617,-11.195733257006484,-11.54877196444968,-0.3785841674249317
3333.0,3369.800048828125,3272.0,3281.949951171875,1901233,3406.125,3392.766005859375,-0.0147253223740994,0.011831886101593,30.00290049403497,-28.2587588100846,-14.608338367622109,-13.650420442462494,0.8559406249877979
3280.0,3304.39990234375,3209.39990234375,3214.949951171875,2670334,3392.7525024414062,3391.931005859375,-0.0204146927883761,0.0121329330419589,28.310190471532906,-37.6017351680116,-19.20701772770001,-18.394717440311595,0.4045274829544827
3250.0,3260.35009765625,3192.0,3198.89990234375,1780522,3377.692492675781,3390.6800048828127,-0.0049923168546603,0.0119473171643385,30.16150334292369,-45.773566863013,-24.52032755476261,-21.2532393082504,-0.3332212374931376
3208.0,3219.800048828125,3172.0,3185.0,1901060,3360.9099975585937,3388.153002929688,-0.004345213282093,0.0116999383699668,27.673672770345192,-52.76318713166938,-30.168899470143963,-22.59428766152542,0.0676981244825956
3150.5,3221.39990234375,3144.0,3179.300048828125,6739966,3341.9724975585937,3385.446005859375,-0.0017896236018445,0.0111475560471991,28.09310388526177,-58.09279242559023,-35.75367806123322,-22.339114364357016,2.545372581612364
3169.64990234375,3169.64990234375,3095.050048828125,3143.300048828125,2289468,3324.0800048828123,3382.0900048828125,-0.0113232470817812,0.0109648320307543,30.03280892485489,-64.4781778561487,-41.49857802021632,-22.97959983593239,-0.6603146069282841
3143.300048828125,3156.75,3097.449951171875,3106.10009765625,1815297,3305.0200073242186,3379.981005859375,-0.0118346803022332,0.0110544385195681,28.918102916047616,-71.71369613190745,-47.54160164255454,-24.172094489352915,-0.207109686617153
3130.050048828125,3143.5,3106.10009765625,3130.800048828125,1123939,3289.010009765625,3376.1980078125,0.007952078296032,0.0114009258358494,21.178191856452727,-74.5949329082423,-52.952267895692096,-21.642665012550204,-0.3808511775208134
3114.89990234375,3146.35009765625,3101.0,3124.64990234375,1372218,3275.165002441406,3372.9630078125,-0.0019644009162057,0.011190012916848,24.38165531347707,-76.49283741941508,-57.660381800436696,-18.832455618978383,0.2209007784230283
3148.89990234375,3170.0,3106.0,3120.5,1329577,3260.5,3368.7990087890626,-0.0013281175406681,0.0110632437838086,19.847637038985468,-77.43913273713542,-61.61613198777644,-15.823000749358982,-0.0310745085693381
3135.0,3152.75,3106.0,3122.300048828125,1524217,3246.5925048828126,3364.5580078125,0.0005768462836484,0.0111195513705963,13.263609604623326,-77.15444132470566,-64.72379385516228,-12.430647469543374,0.1463924240566736
3127.0,3149.550048828125,3110.14990234375,3115.89990234375,1303530,3235.794995117188,3359.3850048828126,-0.0020498178856247,0.010468612526672,8.091603053435108,-76.5626926006189,-67.09157360425361,-9.471118996365291,-0.1447871267673828
3129.0,3150.0,3104.10009765625,3138.89990234375,1740616,3227.0974853515627,3355.482001953125,0.0073814951445325,0.0107159951989453,16.669462011266887,-73.39180465324989,-68.35161981405287,-5.040184839197025,0.3353095057267574
3189.949951171875,3213.0,3152.0,3205.89990234375,2382581,3218.107482910156,3352.032001953125,0.0213450578497174,0.0106386620892784,32.53280319175772,-64.72638754743957,-67.62657336073022,2.900185813290648,0.3688148333693359
3224.949951171875,3224.949951171875,3173.75,3200.0,1521830,3212.0349853515627,3348.232001953125,-0.0018403264367164,0.0099222259637299,36.9900041471743,-57.67026792162005,-65.6353122729082,7.965044351288142,-0.3612683052538402
3185.5,3264.35009765625,3185.5,3239.800048828125,2655065,3206.917492675781,3345.5660009765625,0.012437515258789,0.0102777217387615,54.31800133036489,-48.30982536898682,-62.17021489212392,13.8603895231371,0.7446528193030759
3225.0,3257.35009765625,3215.0,3220.699951171875,1703464,3199.3599853515625,3342.717998046875,-0.0058954556973843,0.010019464331649,53.74828837133548,-41.94926049982678,-58.12602401366449,16.176763513837713,-0.358409681118918
3220.0,3272.0,3215.0,3263.39990234375,2203187,3193.0099853515626,3339.687998046875,0.0132579724343269,0.010474775655408,62.26531263893324,-33.08159379375593,-53.11713796968278,20.03554417592685,0.2933569479601565
3264.0,3272.949951171875,3192.14990234375,3213.800048828125,2348779,3186.857482910156,3335.237998046875,-0.0151988279095071,0.0104338185368816,54.7455295735901,-29.713676925075102,-48.436445760761245,18.72276883568614,0.0660824523746737
3227.949951171875,3260.949951171875,3199.0,3241.64990234375,2417727,3182.389978027344,3331.47599609375,0.0086657082246857,0.010694448611539,63.83845420824135,-24.51473748055969,-43.65210410472093,19.137366624161245,0.0293548264864424
3210.0,3230.0,3180.0,3188.85009765625,4174070,3177.7349853515625,3327.0319970703126,-0.016287941720457,0.010802819023524,61.15380312094826,-24.374074329807627,-39.79649814973828,15.42242381993065,0.7264438871717114
3134.10009765625,3163.39990234375,3070.25,3139.5,5505048,3173.9624877929687,3321.1489990234377,-0.0154758286356958,0.0103935557350883,51.09958978682121,-27.922860855730505,-37.421770690936725,9.49890983520622,0.3188681550620857
3154.949951171875,3156.85009765625,3110.60009765625,3130.75,2617302,3170.554992675781,3316.59,-0.0027870680044592,0.0103621357962796,50.7659595861746,-31.083045617000607,-36.1540256761495,5.070980059148894,-0.5245632735627374
3130.75,3140.0,3071.5,3089.60009765625,3298034,3165.7849975585937,3310.215,-0.0131437841870957,0.0106920291719929,46.44991691808156,-36.48736439907043,-36.22069342073369,-0.2666709783367409,0.2600892063659448
3090.0,3113.0,3078.0,3104.800048828125,2419999,3162.0599975585938,3303.103002929688,0.0049197147499462,0.0107861518204224,48.04948559536404,-39.0931751530884,-36.79518976720463,-2.297985385883763,-0.2662298205536996
3110.0,3164.449951171875,3100.800048828125,3160.85009765625,1929184,3162.9375,3296.67400390625,0.018052708047747,0.0113122820306364,54.51081177756108,-36.21802953928545,-36.6797577216208,0.4617281823353494,-0.2028161995108262
3151.10009765625,3180.949951171875,3126.14990234375,3174.800048828125,1640676,3166.3724975585938,3290.971005859375,0.0044133542372726,0.0109702566375975,53.66927492849697,-32.43986488183373,-35.83177915366339,3.3919142718296627,-0.1495492394711961
3183.0,3191.199951171875,3147.5,3176.0,2024090,3168.632495117188,3285.0400048828124,0.000377961179734,0.0108532480842094,46.46906663652865,-29.014356696252435,-34.4682946621812,5.453937965928766,0.2336926974003399
3181.0,3208.39990234375,3181.0,3198.14990234375,2000029,3172.3074951171875,3278.6010009765623,0.006974150612012,0.0109184435887786,49.78959398135499,-24.232962270482854,-32.421228183841535,8.188265913358677,-0.0118873172635604
3185.0,3199.199951171875,3170.64990234375,3187.949951171875,2434446,3175.679992675781,3271.542998046875,-0.0031893286691784,0.0109491912626208,43.67757784469999,-21.02436773100726,-30.14185609327468,9.11748836226742,0.2172053505224174
3200.39990234375,3227.25,3196.25,3219.25,2931312,3180.527490234375,3265.1769970703126,0.0098182372080901,0.0111184560043736,49.82830625376908,-15.774047684091784,-27.2682944114381,11.494246727346315,0.2040981808592181
3235.0,3235.0,3210.0,3219.39990234375,2321159,3185.702490234375,3259.9169970703124,4.656436864181046e-05,0.0110921986095949,44.20594014588028,-11.468829822943462,-24.108401493739173,12.63957167079571,-0.2081501389139061
3216.0,3216.0,3173.14990234375,3179.89990234375,2468285,3187.752490234375,3253.5129931640627,-0.0122693673349632,0.0114271255677457,45.41393334606003,-11.116094121782226,-21.509940019347784,10.39384589756556,0.0633847142742052
3180.14990234375,3224.449951171875,3178.0,3220.699951171875,1953253,3188.492492675781,3247.513994140625,0.0128306079062592,0.0107568861674014,47.26179908010796,-7.458350356841947,-18.699622086846617,11.24127173000467,-0.2086598589709049
3220.0,3244.0,3210.050048828125,3230.699951171875,1710027,3190.027490234375,3240.9669921875,0.0031049151276452,0.0107622886717917,56.15892326541464,-3.7098804514694166,-15.701673759771175,11.99179330830176,-0.1245235512245469
3245.0,3254.85009765625,3231.300048828125,3250.60009765625,928235,3190.567492675781,3235.95599609375,0.0061597012366179,0.0104847681102018,67.9020572971578,0.8567088572085595,-12.38999723637523,13.24670609358379,-0.4571810854448497
3252.60009765625,3298.0,3246.0,3283.25,1107375,3193.694995117188,3231.874995117188,0.01004426916965,0.0106007250576835,72.81569923485004,7.029308544053038,-8.506136080289576,15.535444624342611,0.1929899217331818
3290.0,3306.5,3266.050048828125,3286.800048828125,1559987,3194.8650024414064,3228.59099609375,0.0010812605887839,0.0102028096443975,83.2434336757834,12.068479617823868,-4.391212940666887,16.459692558490755,0.4087251382774579
3309.0,3309.699951171875,3272.0,3282.14990234375,1719623,3198.2824951171874,3226.2029931640627,-0.0014147944551823,0.009536992757315,80.99979430910477,15.508063735354426,-0.4113576054626242,15.91942134081705,0.1023316219942858
3279.14990234375,3290.0,3260.0,3274.300048828125,1027479,3199.915002441406,3223.4129931640623,-0.0023916803769442,0.0093945159687656,73.84906895988946,17.399965384762254,3.1509069925823514,14.249058392179904,-0.4024975241666342
3284.0,3292.0,3248.35009765625,3255.050048828125,1150390,3203.225,3220.504995117188,-0.005879119113378,0.0086736858869821,66.50216578877084,17.148321772363488,5.950389948538579,11.19793182382491,0.1196238560593452
3256.199951171875,3285.0,3250.449951171875,3258.14990234375,986306,3209.1574951171874,3219.0309912109374,0.0009523213066235,0.0077540767211503,66.76187876348479,17.003024387572168,8.160916836345297,8.84210755122687,-0.1426333678143934
3255.949951171875,3280.0,3198.25,3208.699951171875,1588815,3213.054992675781,3216.94798828125,-0.0151773100237969,0.0085962276972916,51.93685597622687,12.750695295890637,9.078872528254363,3.671822767636272,0.6108743128400314
3225.949951171875,3228.949951171875,3195.0,3199.85009765625,1369364,3218.567492675781,3213.2309912109376,-0.0027580807337229,0.0079709197609651,52.195600960347385,8.567820139669493,8.976662050537392,-0.4088419108678991,-0.1381224371622876
3210.0,3234.5,3203.050048828125,3222.85009765625,1152449,3224.4699951171874,3211.258994140625,0.0071878367104905,0.008033756255677,50.68521158567979,7.027757608274442,8.586881162084802,-1.5591235538103607,-0.1584056540116434
3230.0,3308.449951171875,3217.050048828125,3298.699951171875,1333243,3231.3624877929688,3210.3899951171875,0.0235350237266032,0.0086813916538658,61.71692212238066,11.791768069445425,9.227858543556929,2.563909525888498,0.1568780917854064
3306.0,3327.949951171875,3290.10009765625,3297.050048828125,1687418,3237.474987792969,3208.893994140625,-0.0005001674502598,0.0086841584149218,69.4893225382214,15.258259633318175,10.433938761509175,4.824320871808999,0.2656492477365342
3276.0,3317.199951171875,3276.0,3303.35009765625,1016555,3243.842492675781,3207.152998046875,0.0019108138289753,0.0086765317829885,65.53284777364121,18.30285652425573,12.007722314058489,6.295134210197242,-0.3975677632927941
3294.0,3306.0,3267.10009765625,3293.5,1374917,3248.609997558594,3206.28599609375,-0.0029818509588913,0.0086619190836793,61.808975094686105,19.69388212122385,13.54495427549156,6.14892784573229,0.3525259331762669
3293.5,3338.64990234375,3291.0,3328.89990234375,1791115,3255.6574951171874,3206.243994140625,0.0107484142534537,0.0088234890521026,63.91257422272196,23.383209119248026,15.512605244242852,7.87060387500517,0.3027077270846168
3360.800048828125,3372.0,3312.0,3320.35009765625,1210372,3260.7125,3207.0119970703126,-0.0025683573968325,0.0086945611668168,57.209521225014186,25.325196460357347,17.47512348746575,7.850072972891596,-0.3242354622679169
3315.0,3326.949951171875,3301.35009765625,3316.199951171875,1344224,3265.5525024414064,3209.0369970703123,-0.0012499123171693,0.0087114363086733,55.69987769274753,26.22702447004758,19.22550368398212,7.001520786065463,0.1105874888050946
3309.0,3327.699951171875,3265.14990234375,3289.5,5815424,3271.032507324219,3210.848999023437,-0.0080513695087776,0.0084057723901698,51.31275552206733,24.504790771962234,20.281361101578145,4.223429670384093,3.3262313423953147
3314.0,3340.0,3297.5,3324.0,1177314,3276.197509765625,3213.6289990234377,0.0104879160966713,0.0082579539761895,58.1050316483667,25.62834225326924,21.350757331916363,4.277584921352876,-0.7975531964651245
3326.25,3335.89990234375,3297.449951171875,3305.60009765625,2030661,3279.942517089844,3216.155,-0.0055354700191786,0.0084005226835196,58.26658543265496,24.7487582724184,22.03035752001677,2.718400752401628,0.7248253227261376
3315.0,3327.0,3285.050048828125,3288.89990234375,1861468,3281.8575073242187,3219.0669970703125,-0.0050520918499309,0.0084247834650786,54.81447277486591,22.445379079900704,22.11336183199356,0.3320172479071459,-0.0833191753818092
3280.0,3288.85009765625,3220.60009765625,3232.300048828125,2022849,3279.310009765625,3221.59099609375,-0.0172093572915644,0.0090042680590836,53.61410918074807,15.869861436882276,20.8646617529713,-4.994800316089027,0.0866955542614753
3253.0,3278.85009765625,3241.0,3274.89990234375,1567196,3278.7150024414063,3224.4729931640627,0.0131794242094169,0.0095246354868002,60.4163645259972,13.935528390899435,19.47883508055693,-5.543306689657495,-0.2252530960046943
3261.0,3270.0,3233.0,3236.449951171875,1759366,3276.4300048828127,3226.708994140625,-0.0117408019537811,0.0098710378153971,51.80993784380047,9.19398327972749,17.421864720391042,-8.227881440663552,0.1226202721293316
3245.0,3250.0,3205.35009765625,3209.300048828125,1775689,3273.1800048828127,3228.4849951171877,-0.008388791037513,0.0100165948323411,36.33026974966216,3.20851859506638,14.57919549532611,-11.37067690025973,0.0092777739253799
3215.0,3254.39990234375,3211.0,3246.89990234375,2324605,3272.772497558594,3230.9769921875,0.0117159046968371,0.0103291130275781,43.09130449113135,1.4819061613775375,11.959737628536397,-10.477831467158856,0.3091284566159953
3260.0,3265.0,3239.0,3243.699951171875,1371928,3272.05,3233.532993164062,-0.0009855404441526,0.0103280600553584,41.711789397554725,-0.1430074475183573,9.539188613325445,-9.682196060843802,-0.4098231742597129
3243.699951171875,3255.85009765625,3225.85009765625,3251.050048828125,1658544,3274.1675048828124,3235.77599609375,0.0022659610219479,0.0097123571149747,44.06044122339027,-0.8281256192599358,7.46572576680837,-8.293851386068305,0.2089147535439177
3245.300048828125,3247.449951171875,3210.0,3216.300048828125,2273810,3274.9900024414064,3235.9839990234377,-0.0106888542095886,0.0100180838864771,34.216425137966695,-4.1275415587242605,5.147072301701844,-9.274613860426104,0.3709675474391996
3197.0,3199.39990234375,3156.0,3174.89990234375,4156189,3272.592492675781,3235.4819970703124,-0.0128719789372447,0.0102930097534248,31.3309885459728,-9.968092324194911,2.124039376522492,-12.092131700717406,0.8278523711303936
3190.0,3214.89990234375,3175.0,3210.39990234375,1468186,3268.177490234375,3234.893994140625,0.0111814548779296,0.0090588728642067,37.43167798237244,-11.598517085470576,-0.6204719158761216,-10.978045169594454,-0.6467470560169424
3214.0,3232.5,3201.050048828125,3227.699951171875,1528452,3264.7099853515624,3235.033994140625,0.0053887519793078,0.0091816841461448,42.49087661072095,-11.363677694648686,-2.7691130716306347,-8.594564623018051,0.0410479326188915
3250.0,3261.39990234375,3223.949951171875,3258.199951171875,1645987,3262.452478027344,3234.9299951171874,0.0094494533139384,0.0094589858644621,41.92636953985906,-8.617137685375383,-3.938717994379585,-4.678419690995798,0.0768980641852017
3260.0,3267.64990234375,3230.10009765625,3238.5,1529603,3259.702478027344,3235.423994140625,-0.0060462683282496,0.0095234253518338,41.79303697227259,-7.938595176888157,-4.738693430881299,-3.1999017460068577,-0.0707077273392803
3237.300048828125,3249.39990234375,3209.14990234375,3216.35009765625,1119505,3254.074987792969,3234.917998046875,-0.0068395560734135,0.0092078645221733,41.24322387412289,-9.083449009034666,-5.607644546511973,-3.475804462522693,-0.2681074762536423
3205.0,3213.89990234375,3173.0,3189.64990234375,1978803,3247.539978027344,3234.933994140625,-0.0083013958374607,0.0093255285106405,44.45165048272341,-12.00682928411743,-6.887481494033064,-5.119347790084365,0.7675695954908643
3202.0,3209.64990234375,3182.300048828125,3197.35009765625,863542,3241.5974853515627,3236.09099609375,0.0024141192758622,0.0093761609717915,38.9040261348044,-13.546136377454786,-8.219212470717409,-5.3269239067373775,-0.5636038554621152
3208.0,3230.949951171875,3193.39990234375,3215.449951171875,1575872,3237.894982910156,3237.7849951171875,0.0056608919770446,0.009394875577492,46.80948134783983,-13.153911325376155,-9.20615224164916,-3.9477590837269982,0.824893288340347
3220.0,3310.0,3214.10009765625,3302.25,2672406,3236.807482910156,3242.0379931640623,0.0269946819718001,0.0110460268286021,61.954970134790656,-5.77248995269656,-8.51941978385864,2.74692983116208,0.6958268184218008
3314.300048828125,3318.800048828125,3268.75,3272.300048828125,1687264,3235.14248046875,3245.3879931640627,-0.0090695589891361,0.0111623396333533,53.3324749020972,-2.312711592339838,-7.278078145554879,4.965366553215041,-0.3686348556319661
3290.0,3315.0,3277.300048828125,3308.85009765625,1656681,3236.139990234375,3248.3479931640627,0.0111695285526198,0.0113970085485891,57.85982354975204,3.339970067646391,-5.154468502914625,8.494438570561016,-0.0181257941851423
3320.0,3329.0,3305.0,3319.949951171875,1453008,3240.5224853515624,3251.2509912109376,0.0033545954600624,0.0106299606666317,58.2376697949967,8.61610532309669,-2.4003537377123623,11.016459060809051,-0.1229403850228257
3306.550048828125,3328.449951171875,3302.0,3322.89990234375,1848238,3242.9224853515625,3254.1889892578124,0.0008885529044899,0.0102615391016368,63.7939716748963,12.886964031839852,0.6571098161980808,12.229854215641772,0.2720081376014447
3302.0,3356.89990234375,3302.0,3329.25,1789326,3247.562487792969,3256.8109912109376,0.0019110108167179,0.0098299791268798,71.96528458165697,16.59277891261445,3.8442436354813543,12.748535277133094,-0.0318746828060022
3324.75,3324.75,3265.199951171875,3271.949951171875,1407431,3250.6949829101563,3258.4909912109374,-0.017211098243786,0.010472177390369,58.24735691624635,14.736159566105016,6.022626821606087,8.713532744498929,-0.213429525977938
3295.0,3295.0,3260.800048828125,3272.39990234375,1110172,3251.9699829101564,3259.5539892578126,0.0001375177428106,0.0101652517885281,56.27279610526208,13.14950336740958,7.448002130766786,5.701501236642793,-0.2112068016122993
3280.949951171875,3289.14990234375,3250.10009765625,3259.89990234375,1515240,3252.77998046875,3260.3639892578126,-0.0038198265410799,0.0102058483629144,50.25124902845323,10.759393771652412,8.110280458943912,2.6491133127085007,0.3648695877755878
3284.0,3367.449951171875,3272.75,3340.550048828125,4585146,3257.25498046875,3263.5769921875,0.0247400683764524,0.0115787852642396,62.78021119909205,15.197816528469048,9.52778767284894,5.670028855620108,2.026019640452997
3365.0,3524.85009765625,3352.0,3514.64990234375,6306101,3272.172473144531,3269.4559912109376,0.0521171217227234,0.0158502482379016,77.05911638133406,32.39032618786541,14.100295375852234,18.29003081201318,0.3753326502580287
3510.0,3549.89990234375,3477.050048828125,3491.699951171875,2743228,3288.0124755859374,3274.6759912109374,-0.0065297972229242,0.0155435637041035,77.58700116618466,43.660355301170966,20.012307360915983,23.648047940254983,-0.5649882550247768
3476.0,3524.0,3465.0,3496.85009765625,2600090,3302.3349853515624,3279.600991210937,0.0014749682264785,0.0154878742509796,77.48211173389608,52.40343418013572,26.49053272475993,25.91290145537579,-0.0521786741750959
3500.0,3516.85009765625,3445.64990234375,3470.050048828125,2405370,3314.452490234375,3283.3369921875,-0.0076640542430136,0.0157170775203826,72.99494696028216,56.51833898870382,32.49609397754871,24.022245011155107,-0.0748897153560068
3453.10009765625,3478.89990234375,3436.050048828125,3463.300048828125,1715404,3324.707495117188,3286.8669921875,-0.0019452169003382,0.0157058004211186,67.00454357746018,58.55972208386447,37.70881959881186,20.850902485052607,-0.2868440198389437
3404.050048828125,3434.89990234375,3359.050048828125,3368.300048828125,3770223,3331.1974975585936,3288.5899951171878,-0.0274304849884852,0.0170377824815637,58.91199244279287,51.91340146515677,40.549735972080846,11.36366549307592,1.1978630106960226
3381.0,3413.449951171875,3372.10009765625,3394.75,1680132,3340.117492675781,3290.998994140625,0.0078526113435402,0.016948438822753,58.1267646493614,48.22453211133188,42.08469519993106,6.13983691140082,-0.5543680042268057
3397.5,3406.800048828125,3380.199951171875,3399.14990234375,1272980,3350.592492675781,3293.8809912109373,0.0012960902404448,0.0167511867312899,57.58910921431924,45.13581434745083,42.69491902943502,2.440895318015812,-0.2423333404756292
3400.35009765625,3420.85009765625,3385.0,3388.300048828125,1066803,3360.139990234375,3296.483994140625,-0.0031919314614938,0.0168138781199544,56.17332004087294,41.33599514262278,42.42313425207258,-1.0871391094498009,-0.1619640528523621
3394.949951171875,3411.64990234375,3385.050048828125,3396.89990234375,1701769,3369.2124877929687,3300.2479931640623,0.0025381027039206,0.01680272314717,56.35867465002437,38.57389154301927,41.65328571026192,-3.079394167242647,0.5952045504183996
3385.0,3393.699951171875,3331.0,3355.39990234375,2599831,3371.869982910156,3303.3589892578125,-0.0122170217530891,0.0161145135665693,58.08389096511173,32.659720443125025,39.85457265683454,-7.194852213709517,0.5277226227531469
3364.39990234375,3426.64990234375,3360.89990234375,3421.449951171875,2743678,3379.327478027344,3307.330986328125,0.0196847024946233,0.0164554460813242,62.8104951765682,32.922869824731606,38.46823209041396,-5.54536226568235,0.0553293656395357
3415.0,3460.0,3415.0,3452.050048828125,1956167,3386.4874755859373,3310.39798828125,0.0089436052237938,0.0164001457274919,66.01652024737635,35.19488502421291,37.81356267717375,-2.618677652960841,-0.2870274864616037
3434.949951171875,3446.39990234375,3413.60009765625,3440.64990234375,1914899,3392.5224731445314,3313.2699853515624,-0.0033024279263405,0.0164439677358821,59.43270647856269,35.66445920711385,37.38374198316177,-1.719282776047919,-0.0210963583375038
3420.0,3433.25,3368.0,3399.949951171875,2026351,3396.3749755859376,3315.201982421875,-0.0118291463319619,0.0167291164565909,35.561434381667084,32.379206872802115,36.38283496108984,-4.003628088287726,0.0582025474972831
3401.25,3471.0,3401.25,3443.550048828125,2248493,3402.089978027344,3318.202983398437,0.0128237469028689,0.0169276452046402,44.2383760810604,32.91436788405008,35.68914154568189,-2.774773661631812,0.1096266145401265
3453.949951171875,3488.0,3441.25,3484.050048828125,1853889,3412.6949829101563,3321.305986328125,0.0117611184462913,0.0164458222056403,48.58781440785388,36.18933029589334,35.78917929572418,0.4001510001691599,-0.1754970996129408
3484.050048828125,3489.949951171875,3456.60009765625,3470.60009765625,1634225,3422.604992675781,3324.310986328125,-0.003860435695061,0.0165100984554815,50.06252688545063,37.26983943908681,36.08531132439671,1.184528114690103,-0.1184882158532684
3464.89990234375,3467.0,3425.050048828125,3462.5,1794589,3432.734997558594,3327.236987304688,-0.0023339184660658,0.0164807697956177,49.90933262503769,37.04550303523183,36.27734966656374,0.768153368668095,0.0981284706818217
3450.0,3464.89990234375,3430.050048828125,3442.10009765625,1096701,3437.8125,3330.2889892578123,-0.0058916685469314,0.015776704637226,60.06547712995465,34.82022728359061,35.98592518996912,-1.1656979063785045,-0.3888845858299589
3438.10009765625,3466.64990234375,3414.0,3448.800048828125,1679974,3434.5200073242186,3332.784990234375,0.0019464719159205,0.0103947213197607,57.79156287371621,33.21443495304038,35.431627142583366,-2.2171921895429847,0.5318432280083634
3440.699951171875,3455.0,3411.0,3449.85009765625,1190425,3432.4275146484374,3335.669990234375,0.0003044678767276,0.0103116937177184,57.37994109352256,31.661588048407797,34.67761932374825,-3.01603127534046,-0.2914027240897776
3450.0,3466.0,3435.199951171875,3458.39990234375,1328445,3430.5050048828125,3339.059990234375,0.0024783119397879,0.0103245069126508,60.27254741316084,30.7661899865343,33.895333456305465,-3.129143469771165,0.1159417854967763
3455.0,3460.800048828125,3413.199951171875,3435.75,1843241,3428.790002441406,3343.1289892578125,-0.0065492432868738,0.0102867443603824,55.46799404028853,27.90722562019164,32.6977118890827,-4.790486268891058,0.3875177369029203
3410.0,3410.0,3356.5,3367.10009765625,2526749,3423.9800048828124,3344.9729931640627,-0.0199810528541802,0.011177107863255,51.52983764388914,19.8729197260318,30.13275345647252,-10.259833730440722,0.3708185744566228
3375.0,3409.75,3372.0,3401.64990234375,1375579,3425.647497558594,3348.2769921875,0.0102609972039586,0.0096164888875395,47.17867367988951,16.107873376892258,27.327777440556467,-11.21990406366421,-0.4555933335681541
3400.0,3411.0,3365.050048828125,3382.14990234375,1222012,3425.0174926757813,3351.7339892578125,-0.0057325123277867,0.0095521068351348,39.71450310708505,11.41892967455351,24.14600788735588,-12.727078212802368,-0.1116380811280195
3388.0,3402.0,3376.0,3398.25,1330046,3424.9724975585937,3354.7609912109374,0.0047603146286014,0.0096107964666279,43.84615929755434,8.899463855560953,21.096699080996896,-12.197235225435945,0.0884066604910589
3408.0,3413.050048828125,3378.10009765625,3387.75,1152881,3424.944995117188,3357.6419921875,-0.0030898256455528,0.0096090214922642,48.059184182337496,5.986498169961578,18.07465889878983,-12.088160728828251,-0.1332021599252958
3375.0,3385.800048828125,3350.25,3381.300048828125,1158046,3424.165002441406,3360.2469921875,-0.0019039041168548,0.0095994690666497,38.76959559691474,3.1215118764230283,15.084029494316471,-11.962517617893443,0.0044800807715628
3394.0,3394.0,3360.10009765625,3375.550048828125,1037485,3425.172509765625,3363.4319921875,-0.0017005293576335,0.0091848634307192,27.61958286499312,0.3826022518396712,12.143744045821112,-11.76114179398144,-0.1041072634420394
3381.050048828125,3389.550048828125,3365.0,3376.14990234375,944517,3422.907507324219,3367.4569921875,0.0001777054130283,0.0079790316311704,29.427036248423263,-1.71977568927241,9.371040098802409,-11.090815788074815,-0.0896090063952731
3398.0,3408.10009765625,3383.050048828125,3390.949951171875,1188200,3419.852502441406,3371.0679931640625,0.0043837060723668,0.0077528395294747,34.85708557710889,-2.166708634746101,7.063490352092706,-9.230198986838808,0.2579974738411272
3401.0,3417.39990234375,3343.64990234375,3356.800048828125,3417652,3415.660009765625,3373.649995117188,-0.0100708954232568,0.0080084026671631,32.93994025373121,-5.216386672042972,4.60751494726557,-9.823901619308543,1.876327217640128
3366.0,3389.0,3356.800048828125,3379.199951171875,1277950,3414.622509765625,3376.069995117188,0.006672992736511,0.007781659297909,36.902464752495625,-5.759402763050275,2.534131405202401,-8.293534168252677,-0.6260736903581757
3378.0,3432.85009765625,3370.050048828125,3418.5,1828332,3413.370007324219,3379.669995117188,0.0116299862085686,0.0076797930665481,44.84287247304366,-2.984161870705975,1.430472750020726,-4.4146346207267015,0.4306756915372276
3420.0,3447.0,3405.14990234375,3429.35009765625,1501842,3410.635009765625,3383.9299951171874,0.0031739352512065,0.0071924017359602,45.2571671829834,0.0897145602125419,1.162321112059089,-1.072606551846547,-0.178572600599891
3434.0,3443.89990234375,3398.10009765625,3429.89990234375,1314818,3408.6,3388.7349951171877,0.0001603232892073,0.0071574711738721,48.97059480563222,2.5408589804737858,1.4380286857420286,1.1028302947317572,-0.1245297441408617
3430.800048828125,3460.0,3422.300048828125,3455.25,1885092,3408.2375,3393.8929931640623,0.0073909147141371,0.0073584952123279,68.29978104853424,6.454545630117991,2.441332074617221,4.01321355550077,0.433728470404269
3455.25,3465.0,3435.050048828125,3441.89990234375,1518917,3408.227490234375,3398.4219921875,-0.0038637139588307,0.0072878153451911,59.16230773847764,8.382303213470095,3.629526302387796,4.752776911082299,-0.194247813899799
3462.0,3485.699951171875,3445.0,3480.64990234375,1783604,3409.8199829101563,3401.989990234375,0.0112583169468738,0.0077028382749784,70.61532864468685,12.888297864660217,5.48128061484228,7.407017249817937,0.1742603447061295
3492.0,3589.89990234375,3483.0,3580.800048828125,4476016,3416.36748046875,3408.159990234375,0.0287734041901017,0.009965324567612,78.26290082499057,24.26094583953545,9.237213659780917,15.023732179754536,1.5095346276415618
3571.10009765625,3588.85009765625,3545.0,3567.85009765625,1754929,3421.839990234375,3413.339990234375,-0.0036164965916243,0.0100399880706014,77.673655763116,31.861617568652942,13.76209444155532,18.099523127097623,-0.607926111077351
3570.050048828125,3597.699951171875,3545.60009765625,3560.050048828125,2604721,3428.054992675781,3418.1419921875,-0.002186204188693,0.0098998686059307,77.35271614384085,36.83123833231457,18.37592321970717,18.4553151126074,0.4842315558065311
3567.85009765625,3607.35009765625,3562.449951171875,3598.300048828125,2952897,3439.614990234375,3423.649995117188,0.0107442309729861,0.0086419873266607,81.00208768267223,43.35636869321979,23.372012314409695,19.98435637881009,0.1336711302285349
3580.050048828125,3619.300048828125,3575.25,3606.14990234375,1395753,3449.839990234375,3429.1879931640624,0.0021815450098947,0.0084899769016856,81.37789904502046,48.600759784141246,28.41776180835601,20.18299797578524,-0.5273275701793865
3580.0,3625.0,3580.0,3606.050048828125,1649396,3461.0349975585937,3435.8699951171875,-2.768978504197328e-05,0.0082757924332617,80.57137820859808,52.14779286798512,33.16376802028184,18.98402484770328,0.1817248467314776
3588.550048828125,3605.0,3528.0,3585.300048828125,2004073,3470.3875,3442.127998046875,-0.005754218526929,0.0085050867121698,83.76183007403581,52.677259895293446,37.06646639528416,15.610793500009288,0.2150344732253504
3584.0,3633.75,3565.050048828125,3603.64990234375,1989083,3481.1824951171875,3449.002998046875,0.0051180802905528,0.0084076288758939,83.5651337680915,53.95557981371485,40.4442890789703,13.511290734744549,-0.0074797674535808
3602.5,3620.0,3558.64990234375,3577.14990234375,1238778,3490.974987792969,3453.7349951171877,-0.0073536555209663,0.00866367555683,74.66956907312303,52.22827399693779,42.8010860625638,9.42718793437399,-0.3772115090219965
3567.60009765625,3594.949951171875,3536.0,3585.699951171875,1726062,3501.482482910156,3455.15599609375,0.002390184661404,0.0085985191420597,74.48707487571187,50.96183289034525,44.433235428120085,6.528597462225164,0.3933586163138189
3590.0,3614.0,3555.699951171875,3589.300048828125,1541134,3512.139990234375,3457.107998046875,0.0010040153122887,0.0085859213369048,74.72853278551307,49.67603260117357,45.48179486273079,4.194237738442787,-0.1071386775214331
3600.0,3602.800048828125,3527.35009765625,3536.75,1755753,3519.429992675781,3457.90599609375,-0.0146407511529391,0.0094469415240157,61.659513590844064,43.91050389144584,45.1675366684738,-1.257032777027959,0.1392604406884801
3537.199951171875,3568.449951171875,3505.550048828125,3528.60009765625,2243791,3528.019995117188,3459.0769970703127,-0.0023043478741076,0.0090703001053927,62.5907993748635,38.24281250578815,43.78259183593667,-5.539779330148519,0.2779650668402673
3534.199951171875,3534.199951171875,3480.10009765625,3513.85009765625,1948148,3534.7525024414062,3460.087998046875,-0.004180127980441,0.009134296777444,55.18267492309146,32.189859853141115,41.46404543937757,-9.274185586236449,-0.1317604892790816
3486.300048828125,3548.0,3477.300048828125,3537.75,1788138,3540.7150024414063,3463.4769970703123,0.0068016283220764,0.0089277100969195,41.18006016244059,28.98722693785476,38.968681739073006,-9.981454801218248,-0.0821344168923511
3554.0,3624.0,3551.199951171875,3589.35009765625,2990768,3548.7150024414063,3467.368999023437,0.0145855692618896,0.0093766506047062,53.80262155659456,30.26394994332486,37.227735379923374,-6.9637854365985135,0.6725599478340039
3591.0,3634.949951171875,3575.050048828125,3621.39990234375,2075691,3558.290002441406,3471.8139990234376,0.0089291386505951,0.0094746499029095,59.99347790640796,33.47602275808458,36.477392855555614,-3.001370097471032,-0.3059672298219053
3645.050048828125,3679.0,3631.0,3638.35009765625,4233074,3567.4450073242188,3476.815,0.0046805643589733,0.0094242135648384,57.01034425877826,36.96326321898732,36.57456692824196,0.388696290745365,1.0393565323547675
3640.050048828125,3648.0,3601.35009765625,3628.89990234375,1848148,3576.7950073242187,3481.455,-0.0025973848197257,0.0093824722961841,53.95996518711924,38.52033616805329,36.96372077620423,1.5566153918490642,-0.5634028604271979
3650.0,3650.0,3605.0,3609.89990234375,2426417,3583.2575073242188,3486.545,-0.0052357465103208,0.0093143726134288,50.62875251895748,37.78561741113299,37.12810010318998,0.6575173079430101,0.3128910671656166
3575.0,3588.64990234375,3538.10009765625,3542.550048828125,4241281,3581.345007324219,3488.967001953125,-0.0186569864366316,0.0080559115075207,43.94046775336641,31.406739843511787,35.98382805125434,-4.577088207742555,0.7479604701088065
3530.0,3577.0,3525.0,3570.85009765625,2890357,3581.495007324219,3491.3430029296874,0.0079886094587391,0.0082360063357166,45.47838612835045,28.308685931026048,34.448799627208686,-6.140113696182638,-0.3185179194681984
3566.0,3574.64990234375,3519.10009765625,3524.050048828125,1671104,3579.6950073242188,3493.011005859375,-0.0131061365076182,0.008740277254882,43.06790865959233,21.825492378760828,31.924138177519115,-10.098645798758287,-0.4218347422135051
3530.0,3534.14990234375,3503.35009765625,3507.050048828125,1672065,3575.1325073242188,3495.1530078125,-0.0048239950524122,0.0083744101954063,39.95403460190348,15.141218314976868,28.567554205010666,-13.426335890033798,0.0005750689364636
3511.0,3522.699951171875,3484.0,3487.25,1408245,3569.1875122070314,3496.0270068359373,-0.0056457845061952,0.0083884849261381,37.48313355113236,8.15221088481212,24.48448554097096,-16.332274656158837,-0.1577809475110118
3469.5,3476.85009765625,3451.89990234375,3455.64990234375,1514545,3561.6675048828124,3495.45900390625,-0.0090616094791741,0.0085388919413661,39.51382768365149,0.0627846135598702,19.600145355488745,-19.53736074192887,0.0754840244417698
3450.39990234375,3499.5,3444.050048828125,3494.550048828125,1481211,3557.1300048828125,3495.938002929688,0.0112569697694178,0.0089903281560377,45.92166571045754,-3.172654877853347,15.045585308820325,-18.218240186673672,-0.0220092503028962
3473.0,3478.949951171875,3401.300048828125,3410.14990234375,1106272,3547.4550048828123,3494.8910009765623,-0.0241519352434738,0.0102012315804964,39.35536126353522,-12.404162975260078,9.555635652004243,-21.959798627264323,-0.2531300402170926
3390.5,3425.0,3377.199951171875,3390.10009765625,1518537,3538.1025146484376,3493.8510009765623,-0.0058794496610603,0.0101711642680407,34.723253682692786,-21.09488265086065,3.4255319914312654,-24.52041464229192,0.3726615154320094
3368.050048828125,3373.699951171875,3330.0,3336.75,1984471,3525.655017089844,3491.61,-0.0157370272615647,0.0105023179065381,23.95877903634521,-31.919301780666046,-3.643434762988197,-28.27586701767785,0.3068308510098865
3350.0,3362.0,3337.0,3350.949951171875,1108851,3513.737512207031,3489.6319970703125,0.0042556233376414,0.0106010470410174,21.05323946444352,-38.90345967457279,-10.695439745305116,-28.20801992926767,-0.4412359767414087
3350.0,3382.85009765625,3333.75,3378.550048828125,910972,3505.827514648437,3488.035,0.0082364995175765,0.0105557570696901,22.812917875743903,-41.73031679067299,-16.90241515437869,-24.827901636294296,-0.1784540934715304
3399.0,3399.0,3350.050048828125,3368.75,999811,3497.835009765625,3486.695,-0.0029006670573147,0.0105568134322543,22.796226099104217,-44.25130199566502,-22.37219252263596,-21.87910947302906,0.0975211093205938
3355.0,3371.60009765625,3311.0,3330.64990234375,1563475,3488.675,3485.96599609375,-0.011309862012987,0.0107437159627178,21.920590669983085,-48.76146854200533,-27.650047726509836,-21.1114208154955,0.5637705526344479
3343.199951171875,3375.949951171875,3343.199951171875,3360.10009765625,1245384,3479.7925048828124,3485.135,0.0088421768051263,0.0108470751061135,30.140457007463723,-49.390085229542365,-31.99805522711634,-17.392030002426026,-0.203451286397288
3382.0,3387.89990234375,3344.300048828125,3350.89990234375,1402598,3467.8699951171875,3484.51,-0.0027380717970031,0.0100736293038877,25.019908299820106,-50.053659921577946,-35.609176166008666,-14.44448375556928,0.1262373693575635
3375.0,3392.300048828125,3359.0,3380.25,1099852,3455.8125,3484.15,0.0087588703069647,0.0100627427212087,32.994359025587926,-47.66182421288386,-38.019705775383706,-9.642118437500152,-0.2158465932505251
3378.0,3404.14990234375,3366.0,3370.449951171875,1191144,3442.417492675781,3483.8039990234374,-0.0028992082917314,0.0098838838543753,33.56595950659754,-46.02649444207236,-39.62106350872144,-6.405430933350921,0.0830038950695184
3371.449951171875,3401.949951171875,3369.550048828125,3381.550048828125,992899,3430.05,3483.808999023437,0.0032933578059484,0.0100076707657668,37.01159259768148,-43.33525683775224,-40.3639021745276,-2.9713546632246377,-0.1664324380595461
3390.10009765625,3391.5,3342.050048828125,3347.449951171875,2112352,3416.9275024414064,3483.2469970703123,-0.0100841617494519,0.0101107407055069,36.785582026910255,-43.45312397688576,-40.98174653499924,-2.471377441886524,1.127459086976621
3338.0,3347.449951171875,3322.35009765625,3333.449951171875,1338557,3406.4724975585937,3482.392998046875,-0.004182288071282,0.009483739306148,29.050755722844897,-44.16708684684045,-41.61881459736748,-2.5482722494729657,-0.3663191551408098
3356.0,3356.0,3327.0,3331.550048828125,1030990,3394.507495117188,3481.205,-0.0005699507631972,0.0091492704518719,36.98681077934833,-44.37469000204101,-42.16998967830219,-2.20470032373882,-0.2297750488025538
3383.10009765625,3413.0,3356.050048828125,3404.300048828125,2059802,3388.519995117188,3482.155,0.0218366823051598,0.0104470232110204,52.00167945183794,-38.22822877033696,-41.381637496709146,3.1534087263721915,0.9978874673857164
3430.050048828125,3529.35009765625,3414.199951171875,3497.85009765625,3951984,3388.0599975585938,3484.528002929688,0.0274799657745585,0.0122723405879959,70.39753597186794,-25.514293952709068,-38.20816878790914,12.69387483520007,0.918623246312024
3497.85009765625,3524.5,3492.550048828125,3502.449951171875,2021292,3388.819995117188,3486.207001953125,0.0013150516423523,0.0122041053334767,69.65996532741264,-14.895532844173433,-33.545641599162,18.650108754988565,-0.4885374029854372
3491.25,3533.89990234375,3491.25,3519.60009765625,1475621,3392.0175048828123,3488.012001953125,0.0048966142909869,0.0120392881682353,68.81415719404008,-5.038138149624956,-27.844140909254588,22.80600275962963,-0.2699614899776974
3519.60009765625,3539.050048828125,3501.0,3510.199951171875,1807236,3392.8,3489.6180029296875,-0.00267079958619,0.0118146292655492,68.88764864700985,1.9924373262638253,-21.87682526215091,23.86926258841473,0.2247291140475773
3500.0,3532.64990234375,3481.10009765625,3530.14990234375,1798051,3398.8,3491.116000976562,0.0056834230099098,0.0103601534484834,77.9960093407738,9.069466213376472,-15.687566967045434,24.757033180421907,-0.0050823467438674
3530.0,3544.0,3500.0,3508.25,2729804,3404.707495117188,3492.4430029296877,-0.0062036749003803,0.0103730174211717,71.24009963023686,12.76379046829834,-9.99729547997668,22.761085948275017,0.5182016527896038
3494.25,3504.550048828125,3453.0,3457.10009765625,1989733,3410.725,3491.972006835937,-0.014579890926744,0.0102730039050857,63.59100873081932,11.432413666604134,-5.7113536506605165,17.14376731726465,-0.2711077425338962
3457.10009765625,3481.25,3433.0,3470.14990234375,1689195,3416.6849975585938,3489.75900390625,0.0037747835812873,0.0102675723647,62.00586615821412,11.300038327908169,-2.30907525494678,13.609113582854947,-0.1510443863573655
3481.0,3518.0,3475.800048828125,3513.75,1441634,3423.444995117188,3488.677001953125,0.0125643268686468,0.010454293146948,67.55267834020242,14.545620558455084,1.0618639077335934,13.48375665072149,-0.146555607848709
3499.449951171875,3516.64990234375,3481.0,3487.60009765625,3266235,3429.3875,3487.228002929688,-0.0074421635983635,0.0106147826228435,62.52806969879981,14.836661485924653,3.816823423371805,11.019838062552846,1.265647869015298
3500.0,3516.949951171875,3490.050048828125,3511.64990234375,1172141,3438.4375,3485.495,0.0068958034218606,0.0102051393514444,69.86933260067417,16.814109179258594,6.4162805745491625,10.397828604709431,-0.6411339049394793
3544.64990234375,3547.800048828125,3498.0,3512.449951171875,1625213,3446.054992675781,3483.6210009765623,0.0002278270472211,0.0101135717893188,72.37502731326576,18.235599339193413,8.780144327478013,9.4554550117154,0.3865337020034278
3538.0,3538.0,3502.800048828125,3531.60009765625,1377656,3455.0900024414063,3482.132001953125,0.0054520766845334,0.0100659114284685,73.97245846388793,20.66913637106745,11.1579427361959,9.511193634871551,-0.1523228032264079
3532.60009765625,3612.85009765625,3525.14990234375,3604.10009765625,1896572,3466.282507324219,3482.508002929688,0.0205289381569886,0.0107602995665211,73.95685441306394,28.12368377357825,14.55109094367237,13.57259282990588,0.376665873048134
3605.0,3630.550048828125,3591.699951171875,3614.89990234375,1967653,3478.5050048828125,3482.733002929688,0.0029965329471628,0.0106628317991055,67.50934565104018,34.50516620049075,18.541905995036046,15.963260205454702,0.037478672046197
3633.0,3645.0,3602.050048828125,3626.699951171875,1641155,3490.7625,3483.72400390625,0.0032642809336087,0.0106628721399606,68.19448039365699,40.052996313842414,22.84412405879732,17.208872255045094,-0.1659327127293277
3622.89990234375,3653.0,3615.0,3642.89990234375,1102503,3505.5349975585937,3484.8680029296875,0.0044668573055348,0.0101678979450532,68.1057241558315,45.23544625324075,27.322388497686006,17.913057755554746,-0.3282151899119827
3638.949951171875,3698.39990234375,3631.0,3672.10009765625,2236866,3522.4675048828126,3486.52400390625,0.0080156458028708,0.0099975737554554,72.46743601888349,51.10962692865769,32.079836183880346,19.029790744777344,1.028897880549985
3643.550048828125,3650.0,3563.0,3593.550048828125,3850968,3535.5675048828125,3487.6600048828127,-0.0213910423842368,0.0115589106618215,57.567462188478586,48.86335858346592,35.43654066379746,13.426817919668466,0.7215908328885146
3630.0,3678.0,3627.60009765625,3667.25,3290396,3548.7150024414063,3490.4330029296875,0.0205089535891975,0.0114535366146358,66.88974919942365,52.425812724636216,38.83439507596521,13.591417648671005,-0.1455665173016239
3666.699951171875,3895.949951171875,3666.699951171875,3861.0,8531230,3566.8724975585938,3497.3760009765624,0.0528325039198309,0.0150513917500834,82.92842254772546,70.07530457057192,45.08257697488656,24.99272759568536,1.5927669496315944
3858.10009765625,3929.0,3830.14990234375,3859.199951171875,2521612,3584.709997558594,3503.805,-0.0004662131126974,0.0150799410773931,82.31044076695957,82.96108141433979,52.6582778627772,30.302803551562583,-0.7044257393130885
3845.0,3855.10009765625,3790.0,3816.199951171875,2004435,3599.539990234375,3508.3419970703126,-0.0111422057794499,0.0155044151853575,75.14340142372416,88.68115066328164,59.86285242287809,28.81829824040355,-0.2050977707910654
3827.25,3898.800048828125,3766.550048828125,3780.050048828125,2586083,3613.0324951171874,3511.515,-0.0094727484949128,0.015735157542865,73.91446353142885,89.26832210254452,65.74394635881139,23.52437574373313,0.2901805246865077
3756.25,3806.699951171875,3743.35009765625,3787.5,1517562,3625.9,3514.497998046875,0.0019708604583648,0.0157339870465011,73.18652201143769,89.30535198915231,70.45622748487958,18.849124504272737,-0.4131812474696288
3800.0,3845.949951171875,3762.0,3824.0,2413058,3641.6875,3518.4,0.0096369636963695,0.0156105997497357,74.70462490702678,91.22832011126228,74.61064601015612,16.617674101106175,0.590088576282221
3819.85009765625,3834.0,3790.14990234375,3795.550048828125,1285231,3658.609997558594,3522.113002929688,-0.0074398407876241,0.0152299285779596,70.62592885827937,89.42576831731003,77.5736704715869,11.852097845723137,-0.467384953034697
3799.0,3818.199951171875,3768.0,3811.199951171875,1293976,3675.6625,3527.4860009765625,0.0041232238127335,0.015228906452754,67.76157291955877,88.24284082163695,79.7075045415969,8.535336280040042,0.006804224298978
3824.0,3838.0,3792.10009765625,3799.89990234375,1682889,3689.9699951171874,3532.0669970703125,-0.0029649582737453,0.0152084237318954,65.85261353898886,85.40900095900406,80.84780382507834,4.561197133925717,0.3005565791019309
3792.0,3822.60009765625,3765.39990234375,3793.39990234375,1574996,3705.2599853515626,3537.453994140625,-0.0017105713747856,0.0150338691625559,64.41542418276009,81.69691558561362,81.0176261771854,0.6792894084282182,-0.0641117744545243
3790.0,3832.0,3773.0,3811.10009765625,825907,3720.232495117188,3543.5349951171875,0.0046660504476641,0.0150219990457046,64.50751583944421,79.26954900078545,80.66801074190542,-1.3984617411199736,-0.4756132713987845
3811.10009765625,3811.10009765625,3767.25,3783.199951171875,1344068,3733.769995117188,3549.453994140625,-0.0073207593003219,0.0152207047046034,59.60406512609919,74.23875666918048,79.38215992736043,-5.143403258179959,0.6273841970100751
3767.0,3771.85009765625,3687.050048828125,3691.75,1803075,3741.777490234375,3554.17599609375,-0.0241726454726632,0.016446449537478,58.30373271290047,62.15607418860873,75.93694277961009,-13.780868591001363,0.341505786909591
3701.75,3719.0,3651.0,3666.800048828125,3598144,3744.912487792969,3557.62099609375,-0.0067582992271618,0.0159840290623683,49.95853367142378,49.99094424067653,70.74774307182338,-20.756798831146853,0.9955598075509892
3675.0,3747.75,3674.85009765625,3737.89990234375,1963127,3751.062487792969,3564.17599609375,0.0193901637855458,0.0165046323111429,35.34173299765686,45.56194533980306,65.71058352541931,-20.14863818561625,-0.4544056602515074
3737.89990234375,3739.75,3672.39990234375,3678.300048828125,1067805,3753.642492675781,3569.939995117188,-0.0159447430569915,0.0169674718185867,31.06552090349973,36.81830323855775,59.932127468047,-23.113824229489254,-0.4560693220560871
3709.949951171875,3752.35009765625,3682.75,3689.89990234375,1370944,3755.992492675781,3577.0029931640624,0.0031535908875406,0.016955239595884,35.85030549062577,30.47363402955807,54.04042878034922,-23.566794750791143,0.2838898488019816
3690.0,3729.25,3688.0,3713.050048828125,1292227,3758.039990234375,3584.2449951171875,0.0062739226258334,0.0169205337569999,42.26863256396791,27.00219680155033,48.63278238458944,-21.630585583039117,-0.0574181002287474
3724.0,3773.0,3707.0,3735.550048828125,1777909,3765.139990234375,3591.3849951171874,0.0060597082463516,0.01613013726393,44.20653862552622,25.7695642519534,44.06013875806224,-18.29057450610884,0.3758488253224858
3848.0,3905.25,3821.60009765625,3882.800048828125,6813450,3775.917492675781,3601.66599609375,0.0394185590007538,0.0177420422608687,55.25845682648544,36.25659499797348,42.49943000604448,-6.242835008071005,2.832282754629174
3960.0,3965.0,3885.0,3903.800048828125,2801505,3778.057495117188,3613.1289990234377,0.0054084680477786,0.0133604289703181,59.81147640379224,45.73496273348246,43.14653655153209,2.588426181950375,-0.5888272461087996
3899.0,3899.0,3855.550048828125,3861.300048828125,1432672,3778.1625,3623.152998046875,-0.0108868280824879,0.0136065763107851,54.330172658275714,49.249524774311794,44.36713419608803,4.882390578223763,-0.488606302683736
3819.0,3909.949951171875,3812.550048828125,3884.60009765625,3458696,3781.5825073242186,3633.827001953125,0.006034249743217,0.0133991781519635,57.17190476820491,53.300544231059575,46.15381620308234,7.1467280279772325,1.4141576020191642
3898.0,3908.800048828125,3862.0,3902.60009765625,2239110,3787.710009765625,3644.27400390625,0.0046336816010636,0.0131900136220494,59.0697836638289,57.30290370023704,48.38363370251328,8.91926999772376,-0.3526143957144542
3945.0,3963.550048828125,3915.050048828125,3943.050048828125,2941975,3795.487512207031,3655.726005859375,0.0103648721774407,0.0133325811339259,60.56022430856105,63.01240760916926,51.30938848384448,11.70301912532478,0.3139037385389731
3900.0,3933.89990234375,3842.75,3858.25,2618854,3797.2000122070312,3665.2600048828126,-0.0215062065604081,0.0141964402328139,55.50503091470493,60.00289928248094,53.048090643571776,6.954808638909164,-0.1098313207964037
3880.0,3883.64990234375,3805.60009765625,3841.800048828125,2657709,3799.5125122070312,3675.1470068359376,-0.0042635783507742,0.0141200204848205,62.36710898944277,55.64898184720505,53.56826888429843,2.080712962906617,0.014836642287046
3839.89990234375,3861.0,3778.699951171875,3810.300048828125,2205154,3799.467517089844,3684.6840087890623,-0.0081992814825457,0.0142311898885711,61.70091883236067,49.09079602928614,52.67277431329597,-3.5819782840098355,-0.170280117198685
3800.800048828125,3820.0,3780.85009765625,3801.0,1646747,3799.522521972656,3694.0730078125,-0.002440765480132,0.0142257611837561,55.721808925612805,42.65129274942137,50.668478000521056,-8.017185251099683,-0.2532281192152567
3807.449951171875,3847.800048828125,3787.0,3800.550048828125,1411621,3799.880029296875,3701.9980078125,-0.0001183770512693,0.0142194905735739,62.417470797359066,37.084149713031366,47.95161234302312,-10.86746262999175,-0.1427821031403123
3811.199951171875,3834.0,3796.449951171875,3815.949951171875,2459358,3800.122521972656,3708.360004882813,0.0040520193513826,0.0142099763710276,62.70537611334857,33.52829880638046,45.06694963569459,-11.538650829314127,0.7422225937415212
3820.0,3904.89990234375,3805.050048828125,3854.14990234375,2363107,3803.67001953125,3715.39400390625,0.0100106006789066,0.0142582154947011,63.80355057285409,33.4075764082545,42.73507499020658,-9.327498581952078,-0.0391366364717946
3875.050048828125,3984.39990234375,3872.0,3966.300048828125,2826510,3817.397521972656,3724.328002929688,0.0290985429539663,0.0142789879417364,69.20516021639617,41.8787306431409,42.56380612079344,-0.6850754776525463,0.1960990340259667
3983.0,4022.0,3962.10009765625,3973.300048828125,1691523,3832.722521972656,3733.590004882813,0.0017648689997793,0.0140765280179572,59.82627578718784,48.59682891100783,43.77041067883633,4.8264182321715055,-0.4015506755681034
3997.0,4149.89990234375,3990.0,4136.0,4474396,3852.6275268554687,3745.7070068359376,0.0409483173111633,0.0160015486744273,69.27930670867843,66.28539968260793,48.27340847959065,18.01199120301728,1.6451877982149816
4153.0,4155.0,4073.949951171875,4083.39990234375,2124267,3872.88251953125,3757.210004882813,-0.0127176251586678,0.0157920811499057,68.13652097045393,75.1925581700284,53.6572384176782,21.535319752350205,-0.5252393842654963
4090.0,4158.0,4086.050048828125,4134.10009765625,2345173,3895.092529296875,3770.750004882813,0.0124161719461763,0.0158598156901849,69.50132279372815,85.35866591963122,59.99752391806881,25.361142001562413,0.1039916357030448
4136.5498046875,4184.75,4100.0,4133.7001953125,2100596,3916.125036621094,3784.021010742188,-9.673262240961213e-05,0.0159140499419559,68.57418914792933,92.31891578241492,66.46180229093804,25.85711349147689,-0.1042895342902208
4130.0,4159.60009765625,4105.5498046875,4120.7001953125,1013716,3935.3825439453126,3796.1600146484375,-0.0031448821602354,0.0160296590546108,64.93736674704098,95.68299854348652,72.30604154144774,23.37695700203878,-0.5174150574408406
4125.4501953125,4170.0,4081.5,4149.5,1257415,3948.7175415039055,3809.398012695312,0.0069890560638847,0.0138626755567422,77.03518544538166,99.52569169553908,77.74997157226602,21.77572012327306,0.2404016509554944
4107.0,4114.89990234375,4049.5,4100.10009765625,1391283,3958.5325439453127,3821.1670166015615,-0.0119050252665984,0.0142664932018412,72.59448171998737,97.461419856244,81.69226122906161,15.769158627182378,0.1064628623008314
4128.0,4146.2998046875,4083.0,4103.2001953125,1091582,3970.627551269531,3832.982021484375,0.0007561029200291,0.0139226756536634,76.96061973611056,94.98074264582785,84.34995751241486,10.63078513341297,-0.2154133989993408
4113.25,4147.9501953125,4100.10009765625,4128.2998046875,1307556,3982.812536621094,3844.916015625,0.0061170813463291,0.0139235961505908,79.27550005197273,93.95703854056364,86.27137371804461,7.68566482251903,0.1978541236480631
4123.0498046875,4128.2998046875,4055.0,4103.7998046875,772291,3992.872521972656,3854.910009765625,-0.0059346465031878,0.0140636788891857,76.00548704426944,90.12983972828488,87.04306692009267,3.086772808192208,-0.4093629641866199
4082.10009765625,4098.0,4010.0,4030.64990234375,1193648,3997.2525146484377,3863.225009765625,-0.0178249197878014,0.0146460739420791,66.75250455763768,80.26888161456691,85.68822985898751,-5.419348244420604,0.5455935651198836
4013.0,4063.35009765625,3980.60009765625,3991.5,1885939,4003.9150146484376,3870.521010742188,-0.0097130495806606,0.0139023099428004,60.70122338608373,68.50524550814043,82.2516329888181,-13.746387480677669,0.5799791898449125
3971.0,4094.949951171875,3971.0,4087.10009765625,2982052,4016.180017089844,3879.405014648437,0.0239509201193159,0.0146662612449809,59.66092071397527,66.13425355108984,79.02815710127246,-12.893903550182614,0.5812027854559454
4130.0,4130.0,4046.39990234375,4052.10009765625,2538072,4028.27001953125,3887.005014648437,-0.0085635289480848,0.0146813806634427,56.031851930757,60.73094927076727,75.36871553517142,-14.63776626440415,-0.1488840570184557
4036.0,4050.0,3982.75,4001.050048828125,1379284,4038.272521972656,3895.155014648437,-0.0125984175113671,0.015057027053647,37.5403877130287,51.73313205891691,70.64159883992052,-18.90846678100361,-0.4565623039850721
3999.0,4124.0,3999.0,4104.39990234375,2960475,4053.465014648437,3903.898012695312,0.0258306825094316,0.0158982244843911,51.77275234145268,52.33844156587793,66.980967385112,-14.642525819234066,1.1463853709605851
4095.60009765625,4154.89990234375,4089.0,4118.9501953125,1939225,4068.615026855469,3909.057016601562,0.0035450475867231,0.0158984939725934,48.63796473027953,53.37694456096506,64.26016282028262,-10.88321825931756,-0.3449615348888269
4099.0,4138.10009765625,4064.550048828125,4095.10009765625,3772719,4080.6625366210938,3913.77501953125,-0.0057903340718691,0.0159737069775486,46.67010665363684,51.67973034737588,61.74407632570127,-10.064345978325392,0.9454777037218476
4107.2001953125,4140.0,4086.800048828125,4094.35009765625,2043265,4087.0650390625,3919.338022460937,-0.0001831457063599,0.0147671627436166,47.677790094428936,49.70123225584712,59.33550751173044,-9.634275255883324,-0.4584104991651909
4105.0,4117.89990234375,4075.89990234375,4080.699951171875,1749271,4092.435034179688,3925.351020507812,-0.0033338982155406,0.0148097946172261,43.77036808115267,46.49583053004562,56.76757211539348,-10.271741585347854,-0.143884420278329
4062.0,4064.0,3980.0,4012.10009765625,2070859,4086.2400390625,3929.8430224609374,-0.0168108055815093,0.0120794391479475,42.29961366469925,37.98225589997992,53.010508872310766,-15.028252972330847,0.1838411544008904
3994.050048828125,4072.0,3958.449951171875,4064.300048828125,1744204,4085.285046386719,3934.6490234375,0.0130106303186126,0.0121859025326539,46.86541806688551,35.04332879440881,49.41707285673038,-14.37374406232157,-0.1577388899968563
4065.0,4124.0,4037.699951171875,4108.60009765625,2688905,4084.010046386719,3940.910024414063,0.0108997978239568,0.0121079781369289,48.46023909515719,35.87530343252229,46.70871897188877,-10.833415539366475,0.5416229982272716
4089.0,4153.0,4089.0,4122.35009765625,2304068,4083.4425415039054,3947.13302734375,0.0033466386781824,0.01213457476768,51.47470285461419,37.21516614406346,44.81000840632371,-7.594842262260251,-0.1431203408078752
4122.35009765625,4229.9501953125,4121.0498046875,4192.25,4039801,4087.0200317382814,3954.980029296875,0.0169563236231418,0.0126862150982264,62.91354061153364,43.41687226008253,44.53138117707548,-1.1145089169929534,0.7533341029865439
4205.0,4241.0,4131.89990234375,4149.0,2837260,4086.995031738281,3962.09203125,-0.0103166557337944,0.012840953856894,62.50396369756969,44.330837197019264,44.49127238106424,-0.160435184044978,-0.297673325988087
4153.4501953125,4225.0,4086.0,4207.60009765625,2919608,4092.370031738281,3970.02203125,0.014123908810858,0.0128821514391093,60.16362520643628,49.21636353104941,45.43629061106128,3.780072919988136,0.0290237764603877
4192.60009765625,4239.0,4177.0,4219.25,3373143,4098.172521972656,3978.7430322265623,0.0027687760417725,0.0128849365706857,64.67642857265352,53.41252180272795,47.03153684939461,6.380984953333339,0.155341059484698
4215.25,4254.75,4117.85009765625,4152.5,1526904,4099.382531738282,3987.9580322265615,-0.0158203472181074,0.0133926232834516,62.94111879504751,50.76663416027941,47.77855631157157,2.9880778487078388,-0.5473349336212547
4051.25,4058.0,3966.60009765625,3977.300048828125,8931209,4093.057543945312,3994.1680322265615,-0.0421914391744431,0.0164066786523931,40.32725979562799,34.13904364424843,45.05065377810695,-10.911610133858517,4.849227587327036
3986.0,4018.0,3960.199951171875,3970.89990234375,1817913,4090.0700439453126,3998.8280322265614,-0.0016091686334454,0.0159484015403499,38.5913330749636,20.21212721106349,40.082948464698255,-19.87082125363477,-0.7964538731542392
3990.050048828125,4008.39990234375,3948.0,3972.949951171875,3829582,4089.142541503906,4004.7210302734375,0.0005162680698436,0.0158049869599615,40.25993645063438,9.233924473790466,33.9131436665167,-24.67921919272624,1.1065815580833624
3897.0,3938.0,3855.0,3910.89990234375,5852485,4080.3325317382814,4009.1410302734375,-0.0156181300018195,0.0150947382778986,36.67464449143496,-4.422322870461812,26.246050359121,-30.66837322958281,0.5282307572993605
3875.0,3946.699951171875,3871.449951171875,3877.5,3440925,4071.602526855469,4012.430029296875,-0.0085402089487726,0.0150942129539424,35.65174458354896,-17.73564479015613,17.449711329265575,-35.185356119421705,-0.4120574422659776
3888.5,3895.0,3829.39990234375,3840.89990234375,1968575,4063.59501953125,4014.537026367188,-0.0094390967520954,0.0149946620716736,37.3391383978513,-30.88386041160993,7.782996981090474,-38.66685739270041,-0.4278936623146392
3850.10009765625,3915.0,3840.5,3876.300048828125,4311783,4052.1900268554687,4014.4070263671874,0.0092166282341212,0.0137872114130674,35.74246045353185,-38.00927281243867,-1.3754569776153538,-36.63381583482331,1.190306693928349
3897.699951171875,3933.300048828125,3888.050048828125,3916.75,1569676,4042.080017089844,4014.666025390625,0.0104351961051374,0.0140369630985659,35.36501331235539,-39.931930037982056,-9.086751589688696,-30.84517844829336,-0.6359566332535751
3890.0,3909.85009765625,3873.0,3883.800048828125,2142666,4031.5150146484375,4015.116025390625,-0.0084125744997446,0.0140822841450103,32.32046268193838,-43.61170681771091,-15.99174263529314,-27.61996418241777,0.36503711593985
3851.0,3981.0,3851.0,3947.300048828125,3973090,4024.1625122070313,4016.3700244140623,0.0163499663220716,0.0147002425687182,31.672288688283047,-40.93219623980394,-20.9798333561953,-19.952362883608643,0.8542740679135246
3975.89990234375,4028.64990234375,3935.25,4003.300048828125,3394637,4020.292517089844,4018.3840234375,0.014186912397659,0.0151154177650761,39.30250374904504,-33.89916434839779,-23.5636995546358,-10.33546479376199,-0.1455927250578265
3978.0,4002.0,3960.5,3979.25,1636819,4018.650012207031,4019.1080224609377,-0.0060075559000792,0.0147023126382402,32.338152319231384,-29.92116132747788,-24.835191909204216,-5.08596941827366,-0.5178220823021725
3983.0,4032.64990234375,3960.0,3972.550048828125,2302538,4014.062512207032,4021.3940234375,-0.0016837221013695,0.0143650448525836,30.7716401182074,-26.99797943787553,-25.26774941493848,-1.7302300229370466,0.4067150980041165
3984.0,4015.85009765625,3925.050048828125,3946.550048828125,1876992,4005.960009765625,4023.4890234375,-0.0065449143951427,0.0141294728133525,32.85893737201164,-26.47414200940784,-25.50902793383236,-0.9651140755754852,-0.1848160594960864
3956.39990234375,3990.199951171875,3918.0,3984.64990234375,2101965,3999.075,4026.976020507812,0.0096539643598181,0.0143221477645188,50.79260769907604,-22.72272389173349,-24.951767125412587,2.229043233679093,0.1198582625818329
3971.0,4013.35009765625,3945.5,4001.39990234375,4354821,3989.5324951171874,4030.9840185546873,0.0042036315386573,0.0137239679375431,53.21729957805907,-18.18844788624256,-23.599103277578585,5.410655391336025,1.071785686250723
4001.39990234375,4064.199951171875,3919.050048828125,3941.199951171875,4200329,3979.142492675781,4033.7970166015625,-0.0150447225073939,0.0139099419567286,47.01681801874215,-19.230951988115976,-22.725473019686063,3.494521031570088,-0.035476085010153
3902.0,3928.699951171875,3862.85009765625,3872.800048828125,3051420,3962.402490234375,4034.934018554688,-0.0173550957046501,0.0137127041321451,46.46240754048044,-25.28497502426308,-23.237373420601468,-2.047601603661608,-0.2735283355184796
3876.800048828125,3936.0,3850.0,3862.0,3476284,3944.539990234375,4035.0910205078126,-0.002788692597593,0.0136233420552997,48.49777060146911,-30.601549958823853,-24.710208728245945,-5.891341230577908,0.1392348480379626
3838.0,3852.550048828125,3800.89990234375,3826.199951171875,2957749,3928.224987792969,4032.289018554688,-0.0092698210326579,0.0134094856158104,48.57309693726897,-37.27406640998197,-27.22298026459315,-10.05108614538882,-0.149163589626164
3837.0,3878.0,3812.0,3864.60009765625,1728883,3922.589990234375,4030.11501953125,0.0100361055288324,0.0103063911712717,48.870878741570415,-39.013786230113055,-29.58114145769713,-9.432644772415925,-0.41547338871554
3877.050048828125,3895.0,3860.60009765625,3874.699951171875,1807586,3917.779992675781,4024.889018554688,0.002613427847748,0.0103447527632863,45.68938289327934,-39.12652670640364,-31.490218507438435,-7.636308198965203,0.0455224558284164
3890.0,3898.0,3824.449951171875,3831.050048828125,1317312,3910.6849975585938,4019.842021484375,-0.011265363226525,0.0105762591621492,44.7085935395391,-42.25101328697156,-33.64237746334506,-8.608635823626493,-0.2712313549673432
3811.199951171875,3873.64990234375,3811.0,3852.199951171875,2856271,3907.75,4014.204018554688,0.0055206541481283,0.0101671871917634,39.57463504665493,-42.530308132792925,-35.419963597234634,-7.110344535558291,1.1682570264295775
3855.14990234375,3876.800048828125,3802.550048828125,3821.35009765625,2039178,3904.942504882813,4007.9570166015615,-0.0080083728536054,0.0101462948957573,28.889641728355755,-44.72540998039176,-37.28105287386606,-7.4443571065257,-0.2860698442129615
3838.0,3877.800048828125,3819.199951171875,3870.199951171875,1110693,3906.407507324219,4002.94701171875,0.0127834017473527,0.0103513431538584,38.03617947565527,-42.038673426918194,-38.23257698447649,-3.8060964424417065,-0.4553231743378949
3872.0,3881.75,3810.0,3820.64990234375,2203078,3903.625,3996.370009765625,-0.012802968697553,0.0105370555257607,34.76731449377479,-43.40731764707334,-39.26752511699586,-4.139792530077479,0.9835165972955624
3778.050048828125,3871.10009765625,3778.050048828125,3863.300048828125,2491044,3900.952502441406,3991.634008789063,0.0111630606243748,0.0105786048660689,41.92138972414571,-40.5826560755404,-39.53055130870477,-1.052104766835626,0.1307107601274217
3890.14990234375,3893.60009765625,3797.60009765625,3843.39990234375,2962234,3898.932495117188,3986.438002929688,-0.0051510745302869,0.0104770280577982,35.79116230728576,-39.49459779944027,-39.523360606851874,0.0287628074116028,0.1891536239424112
3853.0,3939.949951171875,3853.0,3921.050048828125,2053831,3897.619995117188,3982.2930078125,0.0202035043080015,0.0108320638918452,42.79954650530354,-31.997735922836,-38.018235670048696,6.020499747212696,-0.3066614588854223
3930.800048828125,3988.0,3913.5,3978.949951171875,2062112,3896.402490234375,3979.796010742188,0.0147664277738699,0.0108734895932263,53.39692312018496,-21.14068399866937,-34.64272533577284,13.502041337103464,0.0040319773145891
3961.0,3984.300048828125,3938.60009765625,3976.949951171875,1247685,3896.287487792969,3978.72201171875,-0.0005026451763764,0.0107893950824567,60.64383263605007,-12.553071419922162,-30.224794552602702,17.67172313268054,-0.3949479950652534
3962.0,3971.0,3910.050048828125,3960.199951171875,1726486,3895.669982910156,3978.096010742187,-0.0042117703782177,0.0108252326841793,59.91518183104501,-7.018012317827015,-25.583438105647566,18.56542578782055,0.3837515077924316
3962.60009765625,3973.60009765625,3885.050048828125,3893.89990234375,1672489,3893.0374755859375,3974.2320068359377,-0.0167415912442769,0.0113710929189131,56.439029623358365,-7.890342986887845,-22.044819081895625,14.15447609500778,-0.0312756662955853
3884.5,3955.0,3870.0,3947.800048828125,931326,3891.194982910156,3972.146005859375,0.0138422013498427,0.011606197435936,57.68661850317243,-4.184147717604446,-18.47268480903739,14.288537091432945,-0.4431497008351026
3936.0,3945.800048828125,3892.89990234375,3901.199951171875,1058317,3886.1849853515614,3970.14900390625,-0.0118040673488726,0.0118219333058799,52.29357720622417,-4.950137587837162,-15.768175364797344,10.818037776960182,0.1363550464606377
3904.5,3926.949951171875,3875.5,3880.39990234375,1115021,3883.144982910156,3965.66900390625,-0.0053317053953814,0.0114158210861401,54.447131937939,-7.153123431569384,-14.045164978151751,6.8920415465823694,0.0535794095719901
3891.10009765625,3909.5,3843.5,3900.949951171875,2599399,3884.552478027344,3961.3089990234375,0.0052958585056435,0.0107842300338796,54.39783103765731,-7.158272280893471,-12.667786438700098,5.509514157806628,1.3312556445125248
3919.0,3920.0,3830.0,3834.10009765625,2765804,3883.157482910157,3956.088999023437,-0.0171368139433685,0.0114645188263067,51.08004993245552,-12.4134823745635,-12.61692562587278,0.2034432513092792,0.0640167207881514
3830.60009765625,3844.75,3810.050048828125,3820.199951171875,1908117,3882.857482910156,3950.60599609375,-0.0036253999974784,0.0113003892429715,45.49793538130377,-17.498191627621054,-13.593178826222436,-3.905012801398618,-0.3101040420796267
3835.0,3841.25,3817.550048828125,3832.0,1311168,3881.227478027344,3945.631997070313,0.0030888563370892,0.0110796956108516,51.09652019351966,-20.341214165777277,-14.942785894133404,-5.398428271643869,-0.3128471681767941
3840.949951171875,3905.0,3825.5,3893.449951171875,2095742,3882.164978027344,3943.258994140625,0.0160359997838921,0.011660894636255,52.81065250362786,-17.434854360983536,-15.441199587503432,-1.993654773480104,0.5983779347879143
3878.25,3883.800048828125,3844.300048828125,3849.5,1309452,3883.0874755859377,3938.9629931640634,-0.0112881767386393,0.0116620871739822,50.54426243791932,-18.465083047736243,-16.045976279549997,-2.4191067681862464,-0.3751845408451995
3855.0,3908.35009765625,3841.35009765625,3847.050048828125,1841538,3882.82998046875,3933.7319921875,-0.000636433607449,0.0115982443878902,42.3742817176383,-19.257251678729062,-16.68823135938581,-2.5690203193432524,0.4063425005269379
3858.0,3870.0,3830.0,3839.89990234375,1801993,3883.757470703125,3928.08298828125,-0.0018586050073752,0.0114554825514036,33.99701827863754,-20.22882281368902,-17.396349650246453,-2.832473163442568,-0.0214738984479277
3848.89990234375,3848.89990234375,3800.0,3803.64990234375,1568095,3880.429968261719,3920.310986328125,-0.0094403502492016,0.0112574503379151,31.512706812230675,-23.651235266278945,-18.647326773452956,-5.0039084928259925,-0.1297996163137148
3777.0,3794.39990234375,3715.449951171875,3736.10009765625,2919230,3876.202478027344,3912.05298828125,-0.0177592066624945,0.0115852027659548,28.431208065518945,-31.4516712054442,-21.208195659851203,-10.243475545592997,0.8616410357790822
3740.0,3749.800048828125,3653.75,3670.949951171875,10956800,3866.584973144531,3901.3199853515625,-0.0174380088277734,0.0117615912145679,28.4942795254062,-42.40186294336763,-25.446929116554493,-16.95493382681314,2.753318512073389
3732.800048828125,3751.550048828125,3696.0,3702.85009765625,2156773,3859.557482910156,3890.991987304688,0.0086898886960284,0.0120012004085267,25.324893472913374,-47.9531198510399,-29.948167263451573,-18.004952587588328,-0.8031566698306075
3700.0,3745.0,3591.5,3715.0,3395997,3849.25498046875,3882.241987304688,0.0032812298697806,0.0109162947393078,29.84413378204312,-50.78669792676919,-34.1158733961151,-16.670824530654095,0.574573216560111
3716.0,3783.800048828125,3700.0,3746.449951171875,2799670,3837.62998046875,3877.6249853515615,0.0084656665334792,0.0104693226865825,35.82690325563854,-49.91914392764056,-37.276527502420194,-12.642616425220368,-0.1755970338018555
3781.0,3839.89990234375,3741.5,3830.39990234375,4328036,3830.302478027344,3874.8149853515615,0.0224078667180955,0.0119064045373439,43.41822415751093,-41.97369504364224,-38.21596101066461,-3.757734032977631,0.5459093393149907
3837.300048828125,3915.0,3837.300048828125,3893.949951171875,4552445,3826.989978027344,3873.2349853515625,0.0165909697285757,0.0125752527980593,55.61812044084181,-30.200775982497817,-36.61292400503125,6.412148022533437,0.0518500770326308
3895.0,3905.89990234375,3841.89990234375,3858.699951171875,1734661,3825.22998046875,3872.190986328125,-0.009052504639766,0.0121722838180161,53.474729241877256,-23.44477642197171,-33.97929448841934,10.534518066447632,-0.6189605805232133
3845.0,3879.949951171875,3841.0,3852.10009765625,1419898,3820.444982910156,3871.68298828125,-0.0017103826675148,0.0117033891073191,51.83127777056112,-18.41092147497693,-30.86561988573086,12.454698410753933,-0.1814550508716111
3874.39990234375,3893.5,3827.449951171875,3831.64990234375,2177001,3816.96748046875,3871.49798828125,-0.0053088431749067,0.0114805116190312,43.914922913975296,-15.888561567360284,-27.870208222056743,11.981646654696462,0.5332094277194559
3856.800048828125,3890.0,3852.0,3878.14990234375,1932323,3816.85498046875,3871.534985351562,0.0121357642752164,0.0117810242231643,52.80688712271467,-10.021885724442654,-24.300543722533927,14.278657998091273,-0.1123922313310834
3889.0,3889.0,3828.0,3832.050048828125,1860730,3813.409985351562,3869.840986328125,-0.0118870736501868,0.012001795642651,48.64620938628158,-8.988758940218759,-21.238186766070893,12.249427825852134,-0.0370502240049929
3826.050048828125,3842.0,3795.050048828125,3815.10009765625,1774045,3812.4599853515615,3868.4669873046873,-0.0044232071491494,0.0114145329539646,47.80065508347897,-9.429025981216457,-18.876354609100005,9.44732862788355,-0.0465865547392689
3827.64990234375,3833.85009765625,3792.949951171875,3801.699951171875,1509050,3811.534985351562,3865.554985351562,-0.0035123970908672,0.0114127690039425,49.81976602755479,-10.735468812874387,-17.248177449854882,6.512708636980495,-0.1493733248029221
3796.0,3809.949951171875,3780.050048828125,3787.25,2846526,3809.2974853515625,3861.233984375,-0.0038009183674321,0.0114128592162069,55.24237902067525,-12.789396266626229,-16.356421213209153,3.567024946582926,0.8863033034028032
3827.0,3877.800048828125,3798.050048828125,3810.75,4642195,3805.162487792969,3857.863984375,0.0062050300349858,0.0108603561335764,65.66562798370572,-12.3782067074103,-15.560778312049385,3.182571604639083,0.6308282446743856
3808.75,3857.0,3791.300048828125,3816.800048828125,1702154,3803.527490234375,3854.748984375,0.0015876268000065,0.0105979061197605,63.5541799549645,-11.43236248290441,-14.735095146220388,3.302732663315979,-0.6333299225904987
3817.0,3847.64990234375,3792.89990234375,3838.449951171875,1338808,3803.097485351562,3852.586982421875,0.0056722652658729,0.0106832012062121,64.35965956045018,-8.833975368102074,-13.554871190596726,4.7208958224946524,-0.2134624716682509
3844.5,3866.949951171875,3841.0,3855.85009765625,1639845,3803.894995117188,3850.010986328125,0.0045331179787984,0.0107220269521864,63.155379225267545,-5.309484030194653,-11.905793758516312,6.596309728321659,0.2248544974335378
3831.0,3942.0,3818.10009765625,3934.14990234375,4526556,3810.419995117188,3848.665986328125,0.0203067553728537,0.0113501629766348,62.6478147876098,3.758514788310549,-8.77293204915094,12.53144683746149,1.7603560092569723
3917.800048828125,3960.0,3897.85009765625,3904.14990234375,2731571,3818.8224853515626,3847.9249853515626,-0.007625535565416,0.0106372516484723,51.35421603017855,8.427077796673984,-5.332930079985956,13.76000787665994,-0.3965454089157407
3884.0,4001.699951171875,3884.0,3978.199951171875,2658723,3834.1849853515614,3850.032983398437,0.018967009638557,0.0101955065267893,64.38372991011344,17.895875184995475,-0.6871690269896695,18.583044211985143,-0.0266689022544169
3993.60009765625,4023.39990234375,3982.550048828125,4017.39990234375,2307449,3849.9124755859375,3853.1409814453127,0.0098536905266231,0.010226499271376,68.44863891601562,28.23756867177917,5.0977785127641,23.13979015901507,-0.1321213229057709
4020.0,4026.10009765625,3955.0,3965.25,1821198,3862.424975585937,3855.921982421875,-0.0129810085158128,0.0109208340456532,63.92538870651704,31.85813325455229,10.449849461121737,21.40828379343055,-0.210730984736824
3999.85009765625,4047.35009765625,3982.10009765625,4020.949951171875,2518001,3876.1499755859377,3859.0489794921873,0.0140470212904293,0.0111285500531997,64.60422874429536,38.77500322622427,16.114880214142243,22.66012301208203,0.3826069433416905
4010.0,4026.75,3988.0,4011.800048828125,1668616,3885.219982910157,3861.790981445312,-0.0022755573819274,0.0102684586122633,69.88606223253633,43.022416228162,21.496387416946195,21.52602881121581,-0.337325124175884
4022.0,4031.25,3978.050048828125,3993.199951171875,1758882,3890.182482910156,3865.0339794921874,-0.0046363471334228,0.009807463926777,69.63182440814987,44.37610903797713,26.072331741152382,18.303777296824748,0.0540963289336791
3985.0,4006.949951171875,3975.10009765625,3985.5,1305801,3896.5224853515615,3867.69998046875,-0.0019282658684836,0.0095371376758147,70.5179938700434,44.31674280930065,29.72121395478204,14.595528854518612,-0.2575960183798572
3983.699951171875,4003.300048828125,3902.0,3909.14990234375,2669716,3899.3749755859376,3869.4559765625,-0.0191569684246016,0.0106003553470646,61.95566389226776,37.674590619847095,31.31188928779505,6.362701332052044,1.0445044842207962
3931.0,3980.0,3895.60009765625,3923.699951171875,4872189,3903.977478027344,3870.5259765625,0.0037220493436185,0.0105189839751688,61.27582951048535,33.20197282101117,31.68990599443828,1.512066826572891,0.8249840057893798
3980.0,4199.9501953125,3971.300048828125,4183.9501953125,13509164,3919.267492675781,3877.791982421875,0.0663277639420152,0.0178785016620622,74.31296753468266,50.08011826253096,35.367948448056815,14.712169814474144,1.7727093509714011
4235.7001953125,4240.0,4157.0498046875,4169.2001953125,4848030,3936.125,3883.909985351562,-0.0035253765727243,0.0175840121825626,72.10453648207184,61.55638471087195,40.60563570061984,20.95074901025211,-0.6411302727541097
4172.0,4194.5498046875,4144.89990234375,4178.4501953125,2029521,3954.292504882813,3890.610991210937,0.0022186509562194,0.0174716055785588,71.79730389569256,70.58415603409276,46.60133976731443,23.98281626677833,-0.58137202121274
4160.0,4325.0,4160.0,4315.5498046875,5613364,3979.984997558594,3898.500986328125,0.0328111148791008,0.0184343922411385,73.87330968946333,87.78953937383449,54.83897968861845,32.95055968521604,1.765856574038899
4317.39990234375,4358.75,4285.25,4302.39990234375,3903354,4005.742492675781,3904.9699853515626,-0.0030470978065104,0.0184129459488831,75.46519273675514,99.2200949160242,63.715202734099606,35.5048921819246,-0.3046319461912679
4299.9501953125,4319.9501953125,4265.0,4287.35009765625,1896386,4029.5724975585936,3911.17798828125,-0.0034980022845625,0.0185499391107836,71.38117270661465,105.84439082254312,72.14104035178832,33.7033504707548,-0.5141649975892527
4283.0,4361.7001953125,4266.2998046875,4302.35009765625,2365208,4053.85,3918.0209912109376,0.0034986645966235,0.0185305540717615,70.3900103351481,111.02474356044196,79.91778099351905,31.106962566922903,0.2472186569611882
4287.5,4339.10009765625,4268.10009765625,4306.25,1809793,4077.2400024414064,3926.2679931640623,0.0009064586226663,0.0185678179744415,76.2106268995506,114.12928855846258,86.76008250650776,27.36920605195482,-0.2348271272547699
4295.0,4343.0,4274.2001953125,4322.5,2810342,4100.572497558594,3933.7619921875,0.0037735849056603,0.0185715929180207,74.67476194224285,116.55730200638754,92.71952640648372,23.83777559990382,0.5528527295663095
4350.0,4422.4501953125,4337.0498046875,4387.85009765625,3552210,4123.257507324219,3943.494995117188,0.0151185882374205,0.0183949848450437,78.17910726275176,122.3444166061854,98.64450444642408,23.69991215976134,0.2639778361494793
4415.0,4431.0,4371.0,4381.10009765625,1746803,4147.105017089843,3953.508999023437,-0.0015383387877369,0.0182136083255622,79.59264180483864,124.9457808469815,103.90475972653556,21.041021120445947,-0.5082489492456809
4391.10009765625,4398.0,4327.2998046875,4365.35009765625,1797906,4166.462524414063,3962.797001953125,-0.0035949874800682,0.0180619032790388,78.62689467118554,124.3035929348198,107.9845263681924,16.319066566627384,0.0292551592824148
4350.0,4414.0,4345.0,4385.35009765625,2330091,4184.860034179687,3973.822001953125,0.0045815340242099,0.0180227681007381,89.21928032557466,123.97933069099145,111.18348723275224,12.79584345823922,0.2960026831213644
4399.39990234375,4419.2998046875,4365.0498046875,4397.10009765625,2202244,4206.4525390625,3985.360004882813,0.0026793755887994,0.0175555663103863,89.16932738259486,123.2497311473544,113.59673601567268,9.65299513168172,-0.0548678141754979
4365.0,4398.0,4270.0,4283.0498046875,2811282,4219.557531738281,3994.3810009765625,-0.0259376158003638,0.0187462763679264,60.81638221763655,112.17552316383626,113.3124934453054,-1.1369702814691325,0.2765533701079443
4239.0,4239.0,4110.5,4155.0498046875,2787771,4226.72001953125,3999.612998046875,-0.029885246690317,0.0201448335259218,48.76166970338186,92.00996963642046,109.05198868352842,-17.042019047107956,-0.008363088441501
4170.9501953125,4258.25,4160.7998046875,4171.2001953125,2203067,4235.620031738281,4006.047001953125,0.0038869306949773,0.0200883647998218,49.37310851707739,76.45055037407019,102.53170102163678,-26.081150647566588,-0.2097388917525865
4228.0,4244.9501953125,4180.2998046875,4200.4501953125,1237666,4246.367541503906,4013.1150048828126,0.007012370212504,0.0200871442403681,37.76578297245116,65.72222416711156,95.16980565073176,-29.447581483620183,-0.4382077349440575
4181.0,4232.0,4160.0,4172.5498046875,2441283,4259.537536621094,4019.768002929688,-0.0066422381715501,0.019554442288024,36.61755514604127,54.34219698454217,87.00428391749384,-32.66208693295167,0.9724893468835696
4217.0,4253.64990234375,4205.5498046875,4228.75,1302536,4274.7900390625,4028.270004882813,0.013469029237078,0.0196827914261931,44.43283713637607,49.29014343925701,79.46145582184647,-30.171312382589463,-0.4664543193066924
4230.0,4239.0,4186.35009765625,4195.64990234375,936912,4275.375024414063,4037.4610009765615,-0.0078273952483003,0.0132401934730065,40.200227098644405,42.129807162660654,71.99512609000931,-29.865318927348653,-0.280701646633951
4213.0,4234.0,4183.0,4196.9501953125,1495593,4276.762524414063,4047.981005859375,0.0003099145541252,0.0132107880436758,39.91330287218032,36.14347240029747,64.82479535206694,-28.681322951769477,0.5963003996106357
4209.0,4306.2001953125,4188.14990234375,4295.25,3226545,4282.602514648437,4059.82900390625,0.0234217229447444,0.0141784883434792,47.815986875884434,38.88301251995199,59.63643878564395,-20.753426265691964,1.157368348207032
4350.0,4427.0,4325.10009765625,4416.0498046875,3457058,4287.627514648438,4073.85,0.028124045093417,0.013662629426696,52.075640683750606,50.2227162637555,57.75369428126626,-7.530978017510762,0.0714426731999708
4421.0,4494.25,4390.35009765625,4490.0,2055210,4297.00751953125,4088.721000976562,0.016745779278577,0.0140471408207673,57.29401799409354,64.43392177156511,59.08973977932604,5.344181992239072,-0.4055031764002802
4505.0,4565.0,4500.0,4523.2998046875,2212298,4308.805004882813,4102.578999023437,0.007416437569599,0.0140248828853049,60.3363290743665,77.49016211005801,62.76982424547244,14.720337864585574,0.0764340383707746
4518.0,4560.0,4492.5498046875,4551.5,1896990,4321.2625,4115.73,0.0062344298477134,0.014045628858618,60.75749997945081,89.08591969807912,68.03304333599378,21.052876362085343,-0.1425251028568483
4560.0,4560.9501953125,4497.2001953125,4502.0,1829872,4331.05,4128.596000976562,-0.0108755355377347,0.014377365658365,56.47529090357789,93.20697285452844,73.06782923970071,20.13914361482772,-0.0353813146089331
4500.0,4506.0,4455.0,4463.89990234375,1809253,4338.119995117188,4140.831997070312,-0.0084629270671368,0.0145714659728368,62.31862849115002,92.33420645062688,76.92110468188595,15.41310176874093,-0.0112680012591044
4489.0,4552.14990234375,4485.0,4502.4501953125,1844164,4343.85,4154.248002929688,0.0086360119653465,0.0143276072476995,76.9469088220679,93.67341048552588,80.27156584261394,13.401844642911954,0.0192958088227572
4505.0,4510.0,4486.7998046875,4497.14990234375,930697,4349.652490234375,4166.628002929688,-0.0011772019098108,0.0143239526717083,75.71589377798222,93.23232576908686,82.86371782790853,10.368607941178324,-0.4953285065753371
4498.75,4562.5,4457.2998046875,4506.0498046875,1848058,4356.687475585937,4180.107998046875,0.0019790094920144,0.0142756783923244,74.9102484704429,92.5342336480835,84.79782099194352,7.736412656139976,0.9856709541343748
4460.0,4556.0,4460.0,4511.7998046875,2133641,4363.0099609375,4194.0419921875,0.0012760622383751,0.0142594974201103,78.68917037333118,91.39146365415672,86.11654952438616,5.274914129770565,0.154531405399614
4500.0,4592.25,4487.7998046875,4553.75,3637222,4370.842456054687,4209.082993164063,0.0092978849081282,0.0143642547107055,78.16286394662595,92.8010872034547,87.45345706019987,5.3476301432548325,0.7047019625138438
4576.0,4588.0,4512.0,4521.0498046875,1216500,4382.742456054688,4223.758989257813,-0.0071809377573428,0.013002261540296,78.21707389156721,90.23936828178284,88.01063930451647,2.228728977266371,-0.6655414489409774
4521.0498046875,4555.89990234375,4495.89990234375,4512.35009765625,1717263,4400.607470703125,4237.790991210937,-0.0019242670191843,0.0105822494747727,77.00339371906962,86.50996094998209,87.71050363360959,-1.2005426836275035,0.4116424167694203
4476.9501953125,4487.0,4436.7001953125,4479.25,1265505,4416.0099609375,4251.039990234375,-0.0073354453754469,0.0108919387579809,67.73320382793852,79.96172848724746,86.16074860433717,-6.199020117089717,-0.2630686155818882
4481.0,4499.0,4454.14990234375,4475.9501953125,1688793,4429.7849609375,4263.789995117188,-0.000736686875593,0.0109029146039999,57.46327859597208,73.65686987627578,83.6599728587249,-10.00310298244912,0.3344814915784608
4473.9501953125,4518.9501953125,4440.0,4456.75,1649179,4443.994970703125,4275.807993164062,-0.0042896356024264,0.0108029473084117,45.202723266115854,66.34613179572807,80.19720464612554,-13.851072850397472,-0.0234569896961912
4455.0,4490.25,4430.5,4449.5498046875,1184938,4455.0349609375,4286.115991210938,-0.0016155708335671,0.0105840145454167,38.49278665943403,59.28788972141592,76.01534166118361,-16.72745193976769,-0.2814982485224466
4442.4501953125,4539.9501953125,4440.4501953125,4507.85009765625,1385591,4470.644970703125,4298.189995117187,0.0131025149796799,0.0105332612468334,43.77410579597704,57.73301813680973,72.35887695630885,-14.625858819499117,0.1693362859491383
4521.4501953125,4549.35009765625,4471.25,4479.35009765625,1325919,4484.764965820313,4308.212998046875,-0.0063223042875401,0.0107461071214335,46.563523730925546,53.583383497739305,68.60377826459495,-15.020394766855643,-0.0430660995921595
4510.25,4532.60009765625,4431.2998046875,4517.7001953125,2742216,4495.887475585938,4318.21900390625,0.0085615316552989,0.0097503629123973,58.15647147829614,52.7808754482794,65.43919770133184,-12.658322253052432,1.068162534815475
4530.0,4547.0,4505.0,4522.60009765625,1458786,4501.214990234375,4329.366005859375,0.0010846010429894,0.0076746555208925,53.40196564976745,51.94151376802438,62.739660914670345,-10.798147146645968,-0.4680265887151121
4527.0,4546.0498046875,4494.4501953125,4513.25,1155120,4502.377490234375,4339.212006835937,-0.0020674164096656,0.0067714289374729,52.68155579519559,49.94609139902968,60.180947011542216,-10.234855612512533,-0.2081635003352102
4513.25,4535.7998046875,4466.0,4505.64990234375,1699364,4501.494995117188,4349.08900390625,-0.0016839522863235,0.0065693898016905,49.93310452193829,47.20726447183642,57.586210503601066,-10.378946031764642,0.4711579749290118
4497.0498046875,4497.0498046875,4321.0,4346.14990234375,2961779,4491.227490234375,4356.148002929687,-0.0353999985478301,0.0100865462843016,31.702244482103566,31.799838651706523,52.42893613322216,-20.62909748151564,0.7428749814636535
4390.0498046875,4422.2001953125,4281.7998046875,4296.14990234375,2927551,4480.934985351562,4362.3610009765625,-0.011504435218177,0.0101157677631092,22.04257483982768,15.37749832366535,45.018648571310806,-29.641150247645456,-0.0115565678600597
4316.89990234375,4330.7001953125,4227.5,4284.89990234375,5447908,4471.9849853515625,4369.876000976563,-0.002618623710933,0.0100118877589891,23.11899375823296,1.438314325072497,36.302581722063145,-34.86426739699065,0.8609096818467039
4300.0,4309.39990234375,4253.0,4268.5,1702319,4460.2874755859375,4376.772001953125,-0.0038273711679425,0.0096982605624994,22.720693064439487,-10.807344143696357,26.88059654891125,-37.6879406926076,-0.6875279465071731
4251.64990234375,4291.0,4240.0,4271.2998046875,3012026,4448.994970703125,4378.518994140625,0.0006559223819841,0.00972123998366,25.045001757881167,-20.055014146792928,17.493474409770414,-37.54848855656334,0.7693663761022465
4252.35009765625,4289.60009765625,4240.0,4274.75,2713073,4437.42998046875,4380.629990234375,0.0008077623838798,0.0096961590040769,25.86374541944312,-26.79656322233313,8.635466883349705,-35.43203010568284,-0.0992531272970419
4260.0,4316.7998046875,4260.0,4292.5,3964251,4426.464990234375,4382.910986328125,0.0041522896075794,0.0097774444574439,30.22754685306793,-30.357075310321303,0.8369584446155036,-31.19403375493681,0.4611663600647679
4335.0,4378.0,4300.0498046875,4308.7001953125,3012477,4414.2125,4382.773994140625,0.0037740699621433,0.009502511296777,33.40409863417216,-31.508377459055737,-5.632108736118745,-25.87626872293699,-0.2400892375381882
4286.89990234375,4298.75,4260.0498046875,4268.5,2503416,4401.585009765625,4382.09599609375,-0.0093300052197259,0.009567557197562,20.54156184908432,-35.25817817078041,-11.557322623051078,-23.700855547729333,-0.1689841947341008
4255.5498046875,4295.75,4242.9501953125,4287.89990234375,1823365,4390.3625,4382.1069921875,0.0045448992254304,0.0097079659743127,25.8970153584373,-36.24668306370404,-16.49519471118167,-19.75148835252237,-0.2716492185078308
4262.60009765625,4279.0,4210.0,4232.75,3350119,4378.0375,4380.714990234375,-0.0128617513467619,0.0099289008618655,15.581584627906151,-41.0075075050845,-21.39765726996224,-19.609850235122263,0.8373276880931684
4225.0,4298.0,4224.0498046875,4252.25,2965463,4366.852490234375,4379.634990234375,0.0046069340263421,0.0100578027263593,18.457599715610986,-42.71462058587986,-25.66104993314576,-17.053570652734095,-0.1148186079360166
4273.89990234375,4297.25,4229.39990234375,4272.85009765625,1472619,4357.657495117188,4378.6419921875,0.0048445170571462,0.0101794596953958,22.669424487987826,-41.92201340781776,-28.91324262808016,-13.008770779737596,-0.5034100914427191
4272.60009765625,4279.39990234375,4203.9501953125,4253.25,1541867,4347.842504882812,4375.949990234375,-0.0045871250355824,0.0101943862784951,22.067315330270503,-42.38682168923151,-31.607958440310437,-10.778863248921075,0.0470237040266354
4260.0,4295.0,4246.7001953125,4252.9501953125,1082504,4335.097509765625,4373.3869921875,-7.048837653556017e-05,0.0095591969380478,34.07387629433704,-42.291863062115226,-33.7447393646714,-8.54712369744383,-0.2979264748515923
4253.25,4293.85009765625,4198.60009765625,4227.39990234375,2378875,4322.5,4370.62798828125,-0.0060076633384775,0.00955345968677,37.18070112824398,-43.77370673282621,-35.75053283830236,-8.02317389452385,1.197566937396998
4143.0,4241.9501953125,4112.4501953125,4149.2001953125,5759183,4304.075,4365.904990234375,-0.0184982989160534,0.0097665841479138,29.75236235674683,-50.6740029704024,-38.73522686472237,-11.938776105680027,1.4209691555882509
4140.0,4165.39990234375,4122.2001953125,4136.64990234375,2137590,4284.777490234375,4360.695986328125,-0.0030247499223895,0.0096925166923917,30.09812780346728,-56.50389942788661,-42.28896137735522,-14.214938050531387,-0.6288379792758799
4131.0498046875,4169.9501953125,4095.0,4116.7998046875,2759474,4264.95498046875,4357.370986328125,-0.0047985926111376,0.0096770798170066,27.820893848483152,-62.011046614415136,-46.23337842476721,-15.777668189647926,0.2909276334563691
4085.0,4115.0,4067.199951171875,4094.949951171875,2359151,4244.419982910156,4356.168989257812,-0.0053074850739028,0.0096546619949346,25.484069626932,-67.36209273485747,-50.45912128678527,-16.9029714480722,-0.1450722130377021
4112.7998046875,4129.9501953125,4092.949951171875,4109.0,2522659,4232.562487792969,4354.924985351562,0.0034310672891384,0.0065735409743269,24.724551905034133,-69.66604699410072,-54.30050642824836,-15.365540565852363,0.0693079841010599
4090.0,4146.14990234375,4080.0,4123.0498046875,2361000,4223.907482910156,4353.376977539063,0.0034192759035045,0.0063752206076667,24.275967800644366,-69.55644215668144,-57.35169357393498,-12.20474858274646,-0.0640827793213431
4132.60009765625,4139.9501953125,4070.0,4079.85009765625,1595450,4213.654992675782,4351.522983398438,-0.0104776097980034,0.0066494074941714,24.075841022915768,-72.12403388875464,-60.30616163689892,-11.817872251855718,-0.3242481999152901
4066.0,4089.800048828125,4006.35009765625,4015.5,1928049,4201.004992675781,4347.257983398437,-0.0157726622586494,0.007287594861468,16.682970586057223,-78.44709464414063,-63.93434823834726,-14.512746405793372,0.2084672036102666
3999.60009765625,4113.5498046875,3995.14990234375,4066.25,1966476,4190.752502441406,4344.669985351563,0.0126385257128627,0.008057977677868,29.41394161632724,-78.45864259044993,-66.8392071087678,-11.619435481682132,0.0199305100648374
4004.0,4079.0,4004.0,4047.89990234375,2676744,4179.409997558594,4341.688979492187,-0.0045127814709499,0.0080333929948363,24.662108164135148,-79.03739999571462,-69.27884568615717,-9.758554309557454,0.361188237232491
4057.050048828125,4092.0,4032.699951171875,4057.550048828125,1759676,4167.6625,4336.93498046875,0.0023839884179912,0.0079635290021358,22.559263060090444,-77.82031904102132,-70.98714035713,-6.833178683891319,-0.3426057927093513
4068.949951171875,4134.0,4051.0,4090.85009765625,1532534,4156.769995117187,4330.430986328125,0.0082069348319542,0.0082133239307038,30.00001202663178,-73.32351019232556,-71.45441432416912,-1.8690958681564356,-0.1290817173161422
4095.85009765625,4103.5,4060.10009765625,4075.25,1445885,4147.107495117188,4322.135986328125,-0.0038134121964497,0.0080652493212555,28.910506558123743,-70.20922603339204,-71.2053766660137,0.9961506326216636,-0.0565396917784531
4075.0,4107.0,4060.050048828125,4084.64990234375,1935002,4136.944995117187,4313.36298828125,0.0023065829933746,0.0079806048948641,32.38306375316813,-66.219304912408,-70.20816231529257,3.9888574028845625,0.3382820902077275
4070.0,4078.300048828125,3960.0,3968.449951171875,3740372,4123.729992675781,4301.701987304688,-0.0284479585643803,0.009644132174828,29.60620733462873,-71.60817415711517,-70.48816468365709,-1.120009473458083,0.9330067875898836
3989.85009765625,3998.949951171875,3976.050048828125,3984.199951171875,154895,4110.327490234375,4291.345986328125,0.0039688039899177,0.0096180551508924,32.92259424181279,-73.75776488550855,-71.14208472402738,-2.6156801614811656,-0.9585883436192978
3966.300048828125,3991.89990234375,3913.25,3964.14990234375,2269192,4094.89248046875,4281.350986328125,-0.0050323902097905,0.0094347643325955,32.90785252379901,-76.20080693096088,-72.1538291654141,-4.046977765546785,13.649872494270312
3941.10009765625,3986.0,3941.10009765625,3971.35009765625,967590,4080.7974853515625,4270.728984375,0.0018163277095659,0.0095114084290947,35.69115401769186,-76.67211139257233,-73.05748561084575,-3.614625781726588,-0.5735971217948944
4003.60009765625,4149.7998046875,3975.25,4139.64990234375,3792017,4075.132470703125,4263.578984375,0.0423784860435307,0.0139767284968096,52.61451057325053,-62.74198532454602,-70.9943855535858,8.252400229039779,2.919032854824874
4169.7001953125,4205.7998046875,4085.050048828125,4150.89990234375,3724349,4071.307470703125,4256.475986328125,0.00271762111903,0.0139568041933656,52.38708262569463,-50.21562461227995,-66.83863336532464,16.623008753044687,-0.0178448567081845
4155.0,4169.75,4117.64990234375,4147.0,1648039,4071.1974609375,4249.179990234375,-0.0009395317727483,0.0133242240469603,56.1712954860597,-40.14036982966627,-61.49898065819297,21.3586108285267,-0.557496088578165
4128.2001953125,4234.2998046875,4117.64990234375,4198.7001953125,1406487,4074.299975585937,4242.078994140625,0.0124668905986256,0.0135834108509433,67.23749159245361,-27.66497947842072,-54.73218042223852,27.0672009438178,-0.1465693469632697
4216.0,4218.0,4164.35009765625,4197.39990234375,1587640,4078.32998046875,4235.60599609375,-0.0003096894058313,0.0135224333695227,63.606153783807066,-17.67926990183605,-47.32159831815802,29.642328416321973,0.1287982043204096
4178.10009765625,4196.75,4131.0498046875,4150.35009765625,1098813,4081.099987792969,4228.36599609375,-0.0112092737842844,0.0137313891356565,60.0313440656638,-13.40749587927712,-40.53877783038184,27.13128195110472,-0.3078953667078179
4135.0,4160.0,4116.4501953125,4145.89990234375,1825432,4082.944982910156,4221.698994140625,-0.0010722457642822,0.0137222199391941,58.73971477908057,-10.262873739759016,-34.48359701225728,24.22072327249826,0.6612763045213335
4213.0,4213.0,3990.199951171875,4019.5,3313944,4077.767492675781,4212.569990234375,-0.0304879291157738,0.0153457676124681,44.03975751959283,-17.76536571211909,-31.139950752229645,13.374585040110553,0.8154299913664271
4019.89990234375,4132.14990234375,4014.10009765625,4039.550048828125,1776233,4075.752490234375,4204.2259912109375,0.004988194757588,0.0152408187371726,47.03980624230481,-21.84149808352322,-29.28026021848836,7.438762134965142,-0.4640123671371634
4044.89990234375,4092.449951171875,4024.0,4072.85009765625,2384347,4078.619995117188,4196.691997070313,0.0082435044560928,0.0149071900195958,49.058877226433374,-22.1297289741633,-27.850153969623356,5.7204249954600535,0.3423616158465696
4071.0,4254.9501953125,4054.0,4244.60009765625,3096553,4087.5375,4191.426997070313,0.0421694871851126,0.0173949229638494,70.23224915099074,-8.402505552595358,-23.960624286217755,15.558118733622395,0.2987006505345069
4280.0,4328.10009765625,4252.2001953125,4315.10009765625,4052167,4100.897509765625,4188.141997070313,0.0166093385426175,0.0176000842279571,72.44302422892244,8.072128245528802,-17.554073779868443,25.626202025397244,0.3086057303072158
4321.0498046875,4366.60009765625,4310.0,4352.7001953125,2060669,4115.655017089844,4184.841997070313,0.0087136096047164,0.0176387191817412,75.74031411715767,23.887052792187205,-9.265848465457314,33.152901257644515,-0.4914649371558477
4358.9501953125,4377.39990234375,4324.0498046875,4332.5498046875,1558993,4127.740002441406,4181.040991210937,-0.0046294000783009,0.0176981399431423,73.52477435218677,34.39800749777805,-0.5330772728102398,34.93108477058829,-0.2434529757083743
4319.0,4339.9501953125,4233.0,4244.89990234375,2558544,4136.222497558594,4175.6739892578125,-0.0202305585152002,0.0183987078718791,57.659550274326975,35.24907088359396,6.6233523584706,28.62571852512336,0.6411516921499969
4220.0,4298.7001953125,4195.64990234375,4270.85009765625,2017425,4145.532507324218,4170.977993164062,0.0061132643665335,0.018419535894574,58.54649293828356,37.584260673665085,12.8155340215095,24.768726652155586,-0.2114948970977243
4270.0,4288.2001953125,4230.0498046875,4276.64990234375,1670944,4160.9425048828125,4169.587993164063,0.0013579977182254,0.0169393549858156,59.21265831041645,39.448177143252,18.142062645858,21.306114497393995,-0.1717441788418404
4314.35009765625,4325.0,4265.4501953125,4302.75,2010905,4176.870007324219,4169.719995117188,0.0061029306237918,0.0169466532504964,57.67271475564722,42.54101775561139,23.02185366780868,19.519164087802714,0.2034544544880019
4313.5498046875,4386.9501953125,4289.0498046875,4354.39990234375,3302642,4196.382507324219,4171.109995117187,0.0120039282653534,0.0168974564085359,60.7770397998611,48.59960568439055,28.13740407112505,20.4622016132655,0.642365999388335
4400.7998046875,4489.0,4360.0,4464.0498046875,3746747,4221.017492675781,4175.020991210938,0.0251814038220814,0.0174752208119009,69.82929920263906,61.53952170519369,34.81782759793879,26.721694107254905,0.1344696155381055
4453.0,4465.0,4412.75,4445.5,1842087,4236.309997558594,4178.504995117188,-0.0041553758356418,0.0153460655077949,68.60638810803927,69.49657095775729,41.75357626990249,27.7429946878548,-0.5083503102824931
4430.4501953125,4469.39990234375,4415.5498046875,4452.14990234375,2066639,4251.372497558594,4182.052993164062,0.0014958727575637,0.0153525355087317,81.56415267345257,75.46921918068983,48.49670485205996,26.97251432862987,0.1219008657028686
4426.14990234375,4493.7998046875,4412.10009765625,4432.5498046875,2087828,4265.649987792969,4184.853989257813,-0.0044023894267198,0.015426021620498,78.69029579542809,77.72505579097015,54.342375039842,23.38268075112814,0.0102528791917697
4431.85009765625,4448.64990234375,4407.0,4427.4501953125,1635256,4277.087487792969,4187.228989257813,-0.0011504911619057,0.0153070341264641,76.99864899127904,78.19988707918401,59.11387744771041,19.0860096314736,-0.216766898422667
4430.0498046875,4485.0,4426.0,4454.9501953125,1914642,4289.965002441406,4190.957993164063,0.0062112499942099,0.015307508286759,70.52397481841301,79.87447128414715,63.26599621499776,16.608475069149392,0.1708515363955245
4434.9501953125,4494.89990234375,4394.39990234375,4473.89990234375,1967048,4306.142492675781,4194.677993164062,0.0042536293786603,0.0149330505686135,67.22716495642649,81.78787461207776,66.97037189441376,14.817502717664,0.0273711743500872
4459.0,4475.0,4397.0,4415.2001953125,1646224,4319.607507324219,4198.326997070312,-0.0131204783997288,0.0153790961592358,56.48341562543687,77.6723265205037,69.11076281963176,8.561563700871943,-0.1630992227947666
4410.0,4432.9501953125,4318.0,4328.5,3225027,4335.057507324219,4199.851997070313,-0.0196367529165601,0.0142776840764039,49.63086196890232,66.64648464011862,68.61790718372913,-1.9714225436105155,0.9590450631262816
4311.7001953125,4362.0,4289.60009765625,4347.85009765625,1575404,4350.472509765625,4201.351997070313,0.0044703933594201,0.0142758968078843,60.71841797570026,58.79209796977375,66.65274534093805,-7.860647371164305,-0.5115067253700512
4282.0,4364.0,4262.0,4271.89990234375,3015763,4360.425,4201.724995117187,-0.0174684484530507,0.0149925329123565,50.09899166628298,45.90967576187086,62.50413142512462,-16.59445566325376,0.914279130940381
4329.0,4382.0,4152.5,4170.2998046875,4116989,4356.709985351563,4200.071987304687,-0.0237833516652643,0.0129160684237706,41.50625239344257,27.18857164621295,55.44101946934229,-28.252447823129337,0.3651566784259903
4200.0498046875,4217.0,4114.89990234375,4158.2998046875,2195338,4348.869970703125,4198.689985351562,-0.0028774909627629,0.0122512979552696,38.19753413464914,11.25393370207894,46.60360231588962,-35.349668613810685,-0.4667612665469837
4158.2998046875,4218.0,4158.2998046875,4179.5,1181886,4340.2099609375,4199.2959814453125,0.0050982844691962,0.0121142609899372,34.96130273378951,0.3324644693302616,37.34937474657776,-37.0169102772475,-0.4616382534261238
4179.5,4199.9501953125,4143.14990234375,4169.10009765625,1208464,4332.0374755859375,4199.9449853515625,-0.0024883125598157,0.0120988645523732,19.419387696211288,-9.057652802773193,28.06796923670757,-37.12562203948076,0.0224877864700994
4163.0,4180.9501953125,4147.25,4164.85009765625,858100,4328.034985351563,4200.905991210938,-0.0010194046437956,0.0112990612641163,20.01281354312205,-16.650392513933184,19.124296886579423,-35.77468940051261,-0.2899250618967549
4151.0,4199.2998046875,4112.0,4158.7998046875,1527169,4322.432470703125,4202.18298828125,-0.0014527036572468,0.0111782340387694,18.61559469791554,-22.89201659837272,10.721034189588996,-33.61305078796171,0.7797098240298332
4135.0,4139.9501953125,4032.050048828125,4094.800048828125,1555429,4313.339978027344,4201.898989257813,-0.0153889965531014,0.011590732061848,17.000496630213732,-32.62669386586549,2.0514885784980983,-34.678182444363586,0.018504828214821
4094.39990234375,4134.0,4085.449951171875,4112.4501953125,763161,4303.824987792968,4201.686997070313,0.0043103805494546,0.0115306865058909,19.959963381254965,-38.473774696448345,-6.053564076491191,-32.42021061995715,-0.509356582653403
4120.0,4183.0,4096.9501953125,4175.75,1720835,4294.892492675781,4203.604995117187,0.0153922361806717,0.0117726525912901,25.07586621741196,-37.56681628725983,-12.35621451864492,-25.210601768614907,1.2548780663582129
4179.9501953125,4179.9501953125,4092.300048828125,4099.89990234375,1791953,4276.684997558594,4205.292993164063,-0.0181644249910195,0.0104113499506787,19.69208233190912,-42.47884451147274,-18.380740517210484,-24.09810399426226,0.0413276113049769
4105.5,4149.64990234375,4066.39990234375,4095.0,2085593,4259.159997558594,4205.867993164063,-0.0011951273105348,0.0104329451009453,21.57317057311421,-46.23408567739261,-23.95140954924691,-22.282676128145702,0.1638659049651414
4114.9501953125,4140.35009765625,4011.550048828125,4028.300048828125,2669054,4237.967504882812,4205.47599609375,-0.0162881443643162,0.0106904562495802,22.36747898491157,-53.97013585041532,-29.9551548094806,-24.01498104093472,0.2797578434526775
4034.89990234375,4126.0,4017.75,4108.39990234375,2181277,4221.760009765625,4206.492993164063,0.0198842818421449,0.0120473911394898,30.176329342140363,-53.02636763315695,-34.56939737421587,-18.456970258941084,-0.1827527655866085
4101.0,4137.75,4025.300048828125,4038.85009765625,2392472,4202.330004882812,4205.452993164063,-0.016928684242209,0.0123821834127094,30.499549756410858,-57.230791567547385,-39.101676212882175,-18.12911535466521,0.0968217241551623
4200.0,4297.0,4170.0,4265.64990234375,7894300,4192.864990234375,4209.260991210937,0.0561545487462167,0.018286514796631,56.59634466092552,-41.780361038878254,-39.6374131780814,-2.142947860796859,2.299641542304361
4245.0,4322.9501953125,4227.39990234375,4291.10009765625,4003771,4183.725,4213.389995117188,0.0059663113230452,0.0183213794986562,59.01931172346371,-27.16897839417834,-37.14372622130078,9.974747827122442,-0.4928276097944086
4302.0,4313.89990234375,4219.0498046875,4233.0498046875,3441709,4174.61748046875,4218.6819921875,-0.0135280677792756,0.0183347077598952,53.46354169956405,-20.042488543056606,-33.72347868565195,13.68099014259534,-0.1403831537817722
4218.0,4256.4501953125,4207.4501953125,4249.60009765625,1653474,4170.6724853515625,4223.989995117187,0.0039097798826801,0.0178896167994143,55.16555311999859,-12.910400604720053,-29.56086306946557,16.650462464745516,-0.5195776284398246
4260.0,4294.0,4191.85009765625,4206.2998046875,2637705,4163.594970703125,4228.832993164063,-0.0101892629832701,0.017963778462563,52.53282507159366,-10.629609771853213,-25.7746124099431,15.145002638089888,0.5952503637795332
4159.89990234375,4160.60009765625,4100.0498046875,4124.2998046875,1761466,4156.2149658203125,4231.891987304687,-0.0194945685774987,0.0180639883444739,48.07090178570454,-15.262840774344111,-23.672258082823305,8.409417308479192,-0.3321974974456961
4145.7998046875,4145.7998046875,4068.10009765625,4077.800048828125,1287799,4151.589978027344,4230.654990234375,-0.0112745818833357,0.0174621730574501,49.03045533177164,-22.428311790440603,-23.423468824346767,0.995157033906164,-0.2689049916376472
4095.300048828125,4111.0,4030.0,4035.85009765625,1971591,4145.467492675782,4228.353994140625,-0.0102873977805583,0.0175827718012271,45.74916217223918,-31.13312636331011,-24.96540033213944,-6.167726031170673,0.5309772720742911
4050.0,4163.14990234375,4044.199951171875,4156.60009765625,2409223,4144.322497558594,4228.54599609375,0.0299193471209755,0.018889248938877,49.00099648174696,-27.965865685492645,-25.56549340281008,-2.4003722826825644,0.2219689580648318
4168.0,4191.35009765625,4140.0498046875,4145.4501953125,1822998,4143.140002441406,4227.48099609375,-0.0026824573165066,0.0188905863326102,52.54826813811189,-26.055145219632323,-25.66342376617453,-0.3917214534577908,-0.2433253376711081
4104.0,4178.0,4104.0,4152.35009765625,1910099,4142.515002441406,4226.58,0.0016644518734183,0.0188933773075854,53.20123347229976,-23.710797713606556,-25.272898555660937,1.5621008420543845,0.0477789882380561
4102.0,4156.35009765625,4041.050048828125,4065.14990234375,1551782,4137.832507324219,4224.87599609375,-0.0210002030805926,0.0194701747721199,52.0109055223329,-28.559990630240463,-25.930316970576847,-2.6296736596636165,-0.1875908002674207
4070.800048828125,4102.0,4028.300048828125,4040.300048828125,2468272,4135.107507324219,4222.7639990234375,-0.0061128996746954,0.0192172340853651,46.04530579526163,-34.01607036810583,-27.547467650082645,-6.468602718023185,0.5906048658896674
4054.0,4107.85009765625,4054.0,4099.7998046875,1217089,4134.474987792969,4224.369995117188,0.0147265686063668,0.0194935422311654,53.58127346153714,-33.15670991904153,-28.669316103874426,-4.48739381516711,-0.5069064511528714
4099.89990234375,4129.89990234375,4058.5,4100.0498046875,1531251,4130.689978027343,4225.579990234375,6.09785872260904e-05,0.0191558966878781,36.73927017482398,-32.0856245538871,-29.35257779387696,-2.73304676001014,0.2581257410099016
4110.0,4128.4501953125,4085.25,4112.39990234375,1492943,4131.314978027343,4226.370986328125,0.0030121823501096,0.0187226166954204,35.38359973257569,-29.89561398976275,-29.46118503305412,-0.4344289567086292,-0.0250174530498266
4113.0,4135.89990234375,4056.0,4073.14990234375,437172,4130.222473144531,4222.941982421875,-0.0095443052553402,0.0188507229504832,36.5063373549578,-30.97015712055054,-29.76297945055341,-1.207177669997133,-0.7071743529391277
4030.89990234375,4077.0,3998.699951171875,4068.64990234375,1265713,4132.239965820312,4218.012978515625,-0.0011047960688632,0.0184663577837321,34.412930774142154,-31.81807373731499,-30.173998307905727,-1.6440754294092628,1.895228880166159
4083.699951171875,4118.85009765625,4066.050048828125,4107.0498046875,2547132,4132.1724609375,4213.099970703125,0.0094379962064639,0.0180366498756184,41.37780228636874,-29.05655666904113,-29.95050998013281,0.893953311091682,1.0124088162166305
4150.0,4150.0,4076.0,4091.10009765625,1693912,4134.7849609375,4208.2709765625,-0.0038834949147794,0.0176181092910193,46.741926333120574,-27.83418737110333,-29.52724545832692,1.6930580872235907,-0.3349728243373331
4105.39990234375,4139.5,4051.550048828125,4082.75,2284536,4125.639965820313,4205.027978515625,-0.0020410396853974,0.0118559616405052,50.52508304210972,-27.22539656756362,-29.06687568017426,1.841479112610639,0.3486745474381196
4090.0,4090.0,4008.0,4029.39990234375,1548940,4112.554956054688,4200.198974609375,-0.0130671967806625,0.0119361572377615,49.33193145141306,-30.694011032325307,-29.392302750604472,-1.3017082817208347,-0.3219892354508749
4040.0,4052.0,4014.35009765625,4036.949951171875,1339511,4102.749963378907,4195.404975585938,0.0018737402618522,0.0117210906797483,33.811353163657984,-32.45951407076609,-30.0057450146368,-2.4537690561292926,-0.1352079486616654
4018.39990234375,4040.0,3955.0,3963.550048828125,1810908,4088.4474609375,4188.6209765625,-0.0181820194036448,0.0121382381963892,28.93696947560599,-39.32809681980643,-31.870215375670725,-7.457881444135708,0.3519172294964356
3971.10009765625,4021.75,3940.14990234375,3950.14990234375,1678002,4075.6399658203127,4180.5359765625,-0.0033808445255628,0.012033075655006,26.933574559009315,-45.33023918524623,-34.562220137585825,-10.768019047660404,-0.0733919116818745
3968.0,3984.449951171875,3902.25,3910.14990234375,2277310,4064.932470703125,4169.457978515625,-0.0101261979896678,0.0115318813815306,30.184076347238104,-52.70707164608666,-38.19119043928599,-14.515881206800673,0.3571557125676847
3925.0,3948.0,3900.0,3934.85009765625,1681975,4057.7849731445312,4159.24498046875,0.0063169433217111,0.0115062411436348,36.513625228013446,-55.91560489792892,-41.73607333101458,-14.179531566914337,-0.26142027216321
3856.5,3934.0,3856.199951171875,3904.5,1799806,4051.217468261719,4148.291982421875,-0.0077131521920816,0.0114194306179452,23.00999909577621,-60.21328854191779,-45.43151637319522,-14.781772168722568,0.0700551435068892
3898.39990234375,3924.39990234375,3864.5,3873.199951171875,2149879,4037.0474609375,4137.104985351562,-0.0080164038489243,0.0087481367115682,21.127700630470784,-65.39109827159518,-49.423432752875215,-15.967665518719969,0.1945059634205019
3872.199951171875,3874.949951171875,3768.14990234375,3784.10009765625,4366672,4018.979956054688,4124.237983398438,-0.0230041966949491,0.0097701156438672,15.044746974497286,-75.81026972747031,-54.70080014779424,-21.109469579676077,1.0311245423579654
3761.5,3788.0,3751.300048828125,3779.39990234375,2888572,4000.3324462890623,4110.726977539062,-0.0012420906400999,0.0096948569071631,16.239535434458347,-83.48444790469512,-60.457529699174415,-23.0269182055207,-0.338495769776159
3776.10009765625,3817.0,3775.0,3786.0,1833931,3986.374951171875,4096.968979492188,0.0017463348221384,0.0089839233675493,17.671319938701018,-88.01908742817932,-65.9698412449754,-22.04924618320392,-0.3651080880102694
3743.14990234375,3763.199951171875,3670.0,3675.60009765625,2508516,3968.139953613281,4082.176977539063,-0.0291600375973982,0.0106573334131894,7.630425609452018,-99.37563097481916,-72.65099919094416,-26.724631783875,0.3678355401593625
3625.0,3658.0,3621.25,3629.550048828125,4101954,3944.627465820312,4068.197978515625,-0.0125285797161364,0.009751333499874,7.20450422429488,-110.81423017315046,-80.28364538738543,-30.53058478576503,0.6352114158331061
3611.699951171875,3638.0,3600.699951171875,3612.550048828125,3823856,3920.252478027344,4053.491977539063,-0.0046837761626923,0.0096526347520135,7.090764151695865,-119.86938076815976,-88.2007924635403,-31.66858830461948,-0.0677964696824976
3584.949951171875,3600.0,3457.0,3483.25,7085018,3888.794982910156,4037.7189794921874,-0.0357919051862184,0.0114266842137482,6.227507462943578,-135.9123729554608,-97.7431085619244,-38.1692643935364,0.8528464461004808
3485.0,3523.25,3476.14990234375,3493.050048828125,4990439,3859.789990234375,4024.173984375,0.0028134784549271,0.0116817094248238,6.564495022047126,-146.1510396007552,-107.42469476969056,-38.72634483106464,-0.2956349581610096
3474.0,3551.0,3464.300048828125,3532.050048828125,2797737,3832.959997558594,4011.648989257813,0.0111650275417851,0.012343489907165,13.537307631686003,-149.39613694848367,-115.8189832054492,-33.57715374303447,-0.4393805835518679
3520.85009765625,3600.35009765625,3520.85009765625,3547.050048828125,2501894,3804.960009765625,3998.999990234375,0.0042468254392309,0.0120308496949482,16.02903349122424,-149.03949085968452,-122.46308473629628,-26.57640612338824,-0.1057436778367659
3557.0,3609.449951171875,3536.10009765625,3601.60009765625,2786513,3780.485009765625,3987.649990234375,0.01537899045043,0.0130416611374821,24.619601278197536,-142.71004070285835,-126.5124759296087,-16.197564773249653,0.1137614143524865
3600.0,3625.0,3574.39990234375,3611.199951171875,2051315,3756.907507324219,3976.576987304688,0.0026654412636961,0.0131638704132818,22.69928189117779,-135.35894425164452,-128.28176959401588,-7.077174657628632,-0.2638415826518663
3606.5,3622.10009765625,3582.60009765625,3589.64990234375,1004626,3734.920007324218,3965.193989257813,-0.0059675590162576,0.0130595545680392,23.0413569356066,-129.77607834308947,-128.5806313438306,-1.195446999258877,-0.5102526915661417
3558.0,3588.75,3537.64990234375,3575.300048828125,1995450,3711.837512207031,3954.8039892578126,-0.0039975635245809,0.012946328919108,23.730167341820987,-125.0678260929826,-127.878070293661,2.810244200678383,0.9862615540509604
3565.0,3569.25,3486.85009765625,3506.199951171875,3174167,3688.970007324219,3942.678984375,-0.0193270765285556,0.0130055589679965,24.59780416360003,-125.46600860359148,-127.3956579556471,1.9296493520556053,0.5907023478413391
3502.300048828125,3524.300048828125,3484.10009765625,3511.050048828125,1693004,3667.0150146484375,3929.3849853515626,0.0013832918041736,0.0130999271990753,25.47749413576294,-123.96126051706187,-126.70877846793006,2.747517950868186,-0.4666304576917345
3489.0,3530.449951171875,3477.35009765625,3497.699951171875,2690906,3646.392517089844,3917.340986328125,-0.0038023091299156,0.0130660854160269,23.97544930634372,-122.4346279487172,-125.8539483640875,3.4193204153702936,0.5894268412833048
3497.699951171875,3497.699951171875,3497.699951171875,3497.699951171875,0,3624.535009765625,3905.3949853515614,0.0,0.0128404134055784,29.943624740377103,-119.84328188578412,-124.65181506842684,4.808533182642719,-1.0
3512.0,3578.949951171875,3512.0,3563.14990234375,2845192,3588.662512207032,3883.865986328125,0.0188870214872507,0.0139648316674969,44.47549064309315,-107.27544372858664,-119.87147297435288,12.596029245766218,-0.0675304892037477
3475.0,3616.25,3465.0,3578.10009765625,4161925,3578.362512207031,3874.650986328125,0.0041957806217094,0.0133339981548075,64.25245644722014,-97.63691371149116,-115.42456112178051,17.787647410289367,0.4627923177065027
3600.0,3649.75,3566.60009765625,3628.949951171875,1834751,3570.8400146484373,3861.916987304688,0.0142114116787657,0.0138608467331266,68.17816658001782,-84.91628890241736,-109.3229066779079,24.40661777549053,-0.5591580818971991
3645.0,3710.0,3638.0,3657.75,3135390,3564.4275146484374,3849.2499853515615,0.007936193448693,0.0140156559191332,67.28547879715705,-71.68484062523112,-101.79529346737256,30.110452842141427,0.7088912882456531
3647.75,3680.5,3625.85009765625,3635.800048828125,1734499,3562.4375122070314,3837.304990234375,-0.0060009435231699,0.0124954633809972,61.97544822278972,-62.25239331493231,-93.88671343688448,31.634320121952182,-0.4467996006876338
3614.85009765625,3663.0,3610.5,3651.199951171875,2528474,3563.5200073242186,3825.336987304688,0.0042356296102459,0.012202796552701,57.48338935902338,-52.92438804650874,-85.69424835880935,32.76986031230061,0.4577546599911559
3651.0,3660.949951171875,3591.89990234375,3606.14990234375,2051919,3563.2,3813.333989257813,-0.0123384228282721,0.0124863552630757,49.3117008525792,-48.60673097011295,-78.27674488107007,29.670013910957124,-0.1884753412532618
3572.699951171875,3584.0,3525.0,3550.800048828125,2618493,3566.577502441406,3801.863994140625,-0.0153487389638604,0.0099907013321557,45.15164274819766,-49.08540127936658,-72.43847616072938,23.3530748813628,0.2761190865721308
3544.0,3564.10009765625,3530.050048828125,3543.949951171875,1764313,3569.1224975585938,3791.1869921875,-0.0019291702044756,0.0100018763789679,46.01295873795752,-49.447496619259255,-67.84028025243535,18.39278363317609,-0.3262105340743703
3491.0,3502.0,3396.14990234375,3403.14990234375,4537821,3562.677490234375,3778.53298828125,-0.0397296944844175,0.0131858811235766,38.91577053872717,-60.399598041427,-66.35214381023368,5.952545768806687,1.5720045139382863
3362.60009765625,3399.64990234375,3295.5,3299.39990234375,5317367,3550.294982910156,3761.388984375,-0.0304864619476642,0.0145662610423037,31.22836025341266,-76.5683430526251,-68.39538365871198,-8.172959393913118,0.171788618369918
3100.0,3291.39990234375,3056.050048828125,3274.050048828125,6623955,3533.91748046875,3743.960981445312,-0.0076831709601548,0.0138893340145732,30.577499607763315,-90.38580004495134,-72.79346693595986,-17.592333108991483,0.2457208614714763
3302.050048828125,3349.0,3255.300048828125,3292.949951171875,5557558,3518.00498046875,3726.772978515625,0.0057726369670234,0.0139926194051451,32.78397361890951,-98.6737208628565,-77.96951772133919,-20.70420314151731,-0.1609909789544161
3260.550048828125,3270.0,3212.050048828125,3246.60009765625,2990265,3500.852490234375,3710.401982421875,-0.0140754807096689,0.0141536558240635,30.44189341063698,-107.74004348368317,-83.92362287380799,-23.81642060987518,-0.4619462360986606
3289.550048828125,3298.949951171875,3206.0,3231.5,7108961,3483.662487792969,3694.225981445312,-0.004651049467765,0.014152184456018,21.86783720581548,-114.82004713373315,-90.10290772579302,-24.717139407940152,1.37736822656186
3314.39990234375,3314.39990234375,3238.60009765625,3248.199951171875,3512160,3470.762487792969,3677.193984375,0.0051678635840552,0.0138997954742576,22.09908269610452,-117.72637813776828,-95.62760180818807,-22.098776329580204,-0.5059531202942315
3248.199951171875,3278.10009765625,3229.0,3273.800048828125,2384391,3458.8999877929687,3660.668989257813,0.0078813182812265,0.0140998980385465,18.623545702786288,-116.61963391891824,-99.82600823033412,-16.793625688584115,-0.321104106874402
3245.5,3303.60009765625,3218.0,3298.89990234375,2932346,3448.9599853515624,3644.398989257813,0.0076668865359108,0.0143141281681195,18.08800273038254,-112.42126043089227,-102.34505867044577,-10.076201760446535,0.2298092049500271
3290.10009765625,3354.0,3284.10009765625,3321.60009765625,2432946,3440.154992675781,3629.367993164063,0.0068811409816866,0.0144674307210447,22.09590697847877,-106.03994071670286,-103.08403507969716,-2.955905637005685,-0.1703073238969753
3322.60009765625,3333.89990234375,3295.0,3314.39990234375,2710498,3431.019982910156,3614.282993164063,-0.0021676887948012,0.0144575564807718,19.64671780945855,-100.40627343602182,-102.54848275096212,2.1422093149402883,0.1140806248885095
3365.0,3420.89990234375,3337.300048828125,3413.0,3543923,3423.512487792969,3600.4019970703125,0.0297490045140678,0.0154746023067975,34.12510303788183,-86.98266565737185,-99.43531933224406,12.45265367487221,0.3074803965913275
3401.10009765625,3412.5,3387.699951171875,3401.60009765625,2252175,3414.687487792969,3586.611997070313,-0.0033401413254467,0.0154064827639746,36.782431569052974,-76.38373250599443,-94.82500196699414,18.441269460999703,-0.3644966326864325
3420.0,3477.800048828125,3405.0,3448.0,2742991,3405.639990234375,3573.9169970703124,0.0136406105984416,0.0153745623912584,42.05646502779754,-63.50783845392107,-88.56156926437953,25.05373081045846,0.2179297789914194
3435.0,3457.800048828125,3405.0,3443.5,1593296,3394.927490234375,3562.1989990234374,-0.0013051044083526,0.0151839606134138,54.31413515260293,-53.05512558173905,-81.46028052785144,28.40515494611239,-0.4191391805514491
3455.0,3495.0,3430.39990234375,3472.5,1578332,3386.762487792969,3550.91,0.0084216640046463,0.0153704297907031,72.02852388403038,-41.94767104562243,-73.55775863140565,31.61008758578322,-0.0093918518592904
3472.0,3509.89990234375,3366.0,3453.699951171875,2809332,3376.887487792969,3540.712998046875,-0.0054139809440244,0.0153097108548412,73.24962559005112,-34.26693225808049,-65.69959335674062,31.43266109866013,0.7799373008974031
3472.0,3491.5,3420.0,3431.0,1721761,3368.129992675781,3530.33,-0.0065726471589324,0.0151716202178512,67.6919129817184,-29.669575384024483,-58.4935897621974,28.82401437817292,-0.3871279720588382
3450.0,3504.5,3446.39990234375,3454.300048828125,1284443,3363.304992675781,3521.213002929688,0.0067910372568129,0.014981782185003,78.28926148028488,-23.870849432203613,-51.569041696198646,27.698192263995036,-0.2539946020382619
3460.0,3473.0,3437.0,3460.0,1324763,3359.107495117188,3511.7160009765626,0.001650103086386,0.0149948549045082,81.94015588953957,-18.600958642197384,-44.97542508539839,26.37446644320101,0.0313910387615488
3420.60009765625,3459.5,3420.60009765625,3445.10009765625,1477128,3361.2050048828123,3502.528002929688,-0.0043063301571532,0.0119794934988031,77.66227387504313,-15.448746288364418,-39.0700893259916,23.621343037627184,0.115013024971259
3448.0,3477.0,3428.699951171875,3448.89990234375,2543591,3368.6800048828127,3494.042001953125,0.0011029591535192,0.0094744230516903,76.20471869010203,-12.499891833357196,-33.75604982746472,21.256157994107525,0.721984147616185
3399.0,3446.199951171875,3398.10009765625,3440.300048828125,2531757,3376.9925048828127,3487.1660009765624,-0.002493506265514,0.0092563113461242,72.26073861797586,-10.733115069759153,-29.15146287592361,18.41834780616446,-0.0046524775406109
3505.0,3630.5,3502.199951171875,3620.39990234375,2228678,3393.3650024414064,3483.9860009765625,0.0523500424263787,0.0144948098175603,81.45264335181265,5.140366322566024,-22.293097036225685,27.43346335879171,-0.1197109359231552
3620.39990234375,3623.0,3510.5,3515.0,3062887,3406.7849975585937,3478.5660009765625,-0.029112779026294,0.0158543472508296,67.49828777625581,9.110305501979385,-16.01241652858467,25.12272203056405,0.3743066517460127
3521.0,3561.0,3508.60009765625,3548.699951171875,2119499,3422.644995117188,3476.027998046875,0.0095874683277026,0.0157602550773875,63.34843584968826,14.805150758797936,-9.848903071108149,24.654053829906083,-0.3080061393058249
3564.0,3600.0,3514.10009765625,3579.89990234375,3548330,3439.229992675781,3475.0349951171875,0.008791938343948,0.0157854133774342,66.8812820894515,21.58708943515785,-3.5617045698549497,25.1487940050128,0.6741361991678223
3593.89990234375,3593.89990234375,3546.10009765625,3561.300048828125,1666727,3453.604992675781,3474.0099951171874,-0.0051956350800332,0.0159295256297155,61.32323195354341,25.17081843749565,2.184800031615171,22.986018405880483,-0.5302784690262743
3550.0,3550.0,3503.699951171875,3518.800048828125,2537377,3464.6,3474.72099609375,-0.0119338442190471,0.0163121837340289,56.99425771915208,24.30142300129364,6.608124625550866,17.693298375742778,0.5223710901665359
3531.800048828125,3558.0,3494.0,3498.300048828125,2038374,3473.4349975585938,3474.82599609375,-0.0058258496406543,0.0164148060042936,52.43488995911168,21.70800580197601,9.628100860835897,12.079904941140118,-0.1966609612997989
3508.0,3537.0,3498.300048828125,3525.800048828125,1440153,3484.0050048828125,3474.70099609375,0.0078609609284978,0.0164107878245863,56.694543027766336,21.62247374208846,12.02697543708641,9.59549830500205,-0.2934795086672024
3495.0,3497.800048828125,3451.300048828125,3477.0,2034383,3487.2050048828123,3473.299995117188,-0.0138408441069551,0.0155756999399796,54.07368682321787,17.41617009928268,13.104814369525666,4.311355729757015,0.4126158817847825
3477.0,3535.0,3465.60009765625,3514.60009765625,1274331,3492.8550048828124,3471.559995117188,0.0108139481323699,0.015687229503041,55.20816507961678,16.921596173944636,13.868170730409462,3.0534254435351738,-0.3736032005772758
3521.0,3545.0,3510.10009765625,3537.300048828125,967470,3497.3200073242188,3470.0819970703124,0.0064587579073398,0.0154815822391665,56.48600071369955,18.15209309317152,14.724955202961874,3.427137890209641,-0.2408016441568163
3532.0,3540.0,3483.10009765625,3498.699951171875,2467680,3500.0800048828123,3468.262998046875,-0.0109123051828859,0.0157169098313297,54.325363817581525,15.830086101831512,14.945981382735804,0.8841047190957081,1.5506527334180906
3520.0,3529.0,3493.0,3497.699951171875,1222933,3501.3400024414063,3466.71099609375,-0.0002858204515837,0.0156182014894602,53.95590820337626,13.750677933667248,14.706920692922091,-0.9562427592548453,-0.5044199409972119
3504.699951171875,3532.5,3486.5,3498.10009765625,3188072,3503.560009765625,3466.5489990234373,0.0001144027475086,0.0155572801724333,54.74860850641341,11.99672962478553,14.164882479294782,-2.168152854509252,1.6069065108227516
3490.0,3506.699951171875,3453.10009765625,3463.39990234375,3404365,3505.1800048828127,3465.59599609375,-0.0099197262353211,0.0156578989437668,33.05268417535109,7.717731983214435,12.875452380078713,-5.157720396864278,0.0678444526974295
3450.0,3460.0,3418.60009765625,3449.800048828125,1877585,3504.9550048828123,3464.637998046875,-0.0039267349711541,0.0156176656499979,41.222411758712376,3.192400992324565,10.938842102527884,-7.746441110203319,-0.4484771756259977
3446.0,3473.5,3400.5,3405.199951171875,2848125,3502.2150024414063,3462.787998046875,-0.012928313822536,0.0158770517681173,31.23203112327592,-3.947309437416607,7.961611794538985,-11.908921231955592,0.5169086885547125
3389.0,3394.800048828125,3370.0,3380.89990234375,2544807,3499.004992675781,3460.463994140625,-0.0071361591614501,0.015923609854974,23.494966312010614,-11.434581510398402,4.082373133551508,-15.51695464394991,-0.1064974325213956
3409.0,3409.0,3363.699951171875,3371.10009765625,3584683,3495.1150024414064,3456.622998046875,-0.0028985787720915,0.015923295326626,24.05895064914307,-17.952120043955347,-0.3245255019498629,-17.627594542005482,0.4086266659907804
3371.10009765625,3390.89990234375,3358.699951171875,3384.199951171875,2070390,3492.3099975585938,3452.7449951171875,0.0038859283723828,0.015956121054952,30.041515466574765,-21.808868528612948,-4.62139410728248,-17.187474421330467,-0.4224342849841952
3400.0,3434.0,3390.89990234375,3421.89990234375,1718678,3482.3849975585936,3448.603994140625,0.0111399892783581,0.0104581977398588,39.22120275030087,-21.574599942726763,-8.012035274371337,-13.562564668355426,-0.1698771728997918
3440.0,3485.800048828125,3423.199951171875,3462.89990234375,2419874,3479.779992675781,3444.7069921875,0.0119816479646053,0.0089347736639948,41.45146487634703,-17.874536521388563,-9.984535523774785,-7.890000997613781,0.4079856727089077
3470.0,3489.0,3449.10009765625,3471.89990234375,2847013,3475.939990234375,3441.4289892578126,0.0025989778087169,0.0086428089476565,49.22278327670701,-14.053979293600603,-10.798424277739947,-3.255555015860658,0.1765129093498256
3471.89990234375,3474.699951171875,3423.199951171875,3434.199951171875,4060134,3468.654992675781,3437.0889892578125,-0.0108585939204137,0.0085808641217391,37.75134697654627,-13.907909430342444,-11.420321308260448,-2.487588122081995,0.4261030771548988
3393.199951171875,3450.5,3393.199951171875,3445.699951171875,2178493,3462.874987792969,3433.879990234375,0.0033486693155637,0.0086280737555034,35.552035069992115,-12.717593618042429,-11.679775770216844,-1.0378178478255844,-0.4634430784796758
3440.0,3509.0,3426.199951171875,3496.300048828125,1934088,3461.749987792969,3432.789990234375,0.0146849982219261,0.0089974135014625,49.63527320003799,-7.603605135906491,-10.864541643354777,3.2609365074482835,-0.1121899404772014
3510.0,3520.0,3488.10009765625,3515.300048828125,2111940,3462.599987792969,3432.2169921875,0.0054343162013135,0.0089845575439615,52.536037126260815,-1.9945987167297967,-9.09055305802978,7.095954341299983,0.0919565190415327
3519.10009765625,3538.0,3443.10009765625,3451.39990234375,2696327,3458.87998046875,3433.1819921875,-0.0181777218435954,0.0096874294583041,44.31179107034104,-2.6747951310376266,-7.80740147263135,5.132606341593723,0.2767062511245584
3450.0,3451.0,3413.0,3424.0,2672768,3456.22998046875,3435.673994140625,-0.0079387793704066,0.0093607436650833,45.114095861595416,-5.362977749372021,-7.3185167279794845,1.9555389786074635,-0.0087374417123738
3425.0,3446.300048828125,3410.89990234375,3435.699951171875,2351248,3452.2849731445312,3438.9069921875,0.0034170418142158,0.0090207503092899,48.24319654637883,-6.4746577386376885,-7.149744930111126,0.6750871914734375,-0.1202947655763613
3415.0,3425.0,3370.0,3393.60009765625,3123421,3445.099975585937,3440.919995117188,-0.0122536467427154,0.0091652074686531,48.54565367377561,-10.630239688867732,-7.845843881862447,-2.7843958070052848,0.328409848727144
3434.60009765625,3442.10009765625,3382.0,3390.39990234375,3403048,3439.684973144532,3443.7959912109377,-0.0009430089640527,0.0089247341316856,51.25761283675208,-14.020181416240575,-9.080711388738074,-4.939470027502502,0.0895258756344405
3407.300048828125,3450.0,3400.0,3444.800048828125,1757699,3437.039978027344,3448.0619921875,0.0160453480566609,0.0097534772054024,58.72601736329312,-12.176731694873524,-9.699915449965165,-2.47681624490836,-0.483492739450046
3444.800048828125,3451.39990234375,3415.300048828125,3441.800048828125,2879106,3434.224975585937,3451.933994140625,-0.0008708778325233,0.0097515476075216,56.98690809845224,-10.832983546281866,-9.926529069228506,-0.9064544770533604,0.6379971769910548
3455.0,3466.39990234375,3431.0,3441.10009765625,1778433,3433.1099853515625,3455.279995117188,-0.0002033677616203,0.0095105530418944,52.558660090316366,-9.712573169543704,-9.883737889291544,0.1711647197478427,-0.3822967962971839
3439.89990234375,3464.89990234375,3430.0,3462.0,1468351,3433.7199829101564,3458.5419970703124,0.00607361069153,0.0095714212148834,49.873288919140045,-7.056845500294912,-9.31835941149222,2.261513911197307,-0.17435686359846
3455.0,3485.0,3413.5,3429.699951171875,2375183,3434.9449829101563,3460.703994140625,-0.0093298812328495,0.0093423317395715,44.42389867393754,-7.472369363950293,-8.949161401983835,1.4767920380335422,0.617585304876014
3487.199951171875,3489.89990234375,3420.0,3423.300048828125,3090585,3437.064990234375,3462.8819970703125,-0.0018660239772763,0.0091916912828348,48.429861815460406,-8.223300562453005,-8.803989234077669,0.5806886716246638,0.3011986865854126
3430.0,3435.300048828125,3397.60009765625,3400.800048828125,2531870,3438.5499877929688,3462.637998046875,-0.0065726052870248,0.0093026722038845,43.730816797088586,-10.512795939485386,-9.145750575159212,-1.3670453643261735,-0.1807796905763795
3408.0,3427.0,3390.10009765625,3419.800048828125,1109320,3440.3299926757813,3463.0019970703124,0.0055869206443193,0.0093431393096746,38.28483920367535,-10.671086665769964,-9.450817793281365,-1.2202688724885995,-0.5618574413378254
3418.300048828125,3426.10009765625,3408.39990234375,3411.699951171875,1639174,3439.819995117188,3462.27599609375,-0.0023685880871969,0.0090211395412198,33.586808365140186,-11.31965742770808,-9.824585720166706,-1.4950717075413742,0.477638553347997
3405.0,3425.0,3393.39990234375,3406.199951171875,2325242,3436.984997558594,3461.529995117188,-0.0016120995628912,0.0085625603266636,41.21307158770222,-12.137544407258702,-10.287177457585106,-1.850366949673596,0.4185449500785152
3410.0,3414.0,3367.0,3383.800048828125,2034938,3432.5800048828123,3459.75599609375,-0.0065762147451278,0.0086170344650682,42.03014295104312,-14.426906251624132,-11.115123216392911,-3.3117830352312208,-0.1248489404543699
3380.0,3399.0,3356.0,3382.0,3035012,3429.970007324219,3458.3219970703126,-0.0005319607548172,0.0083150174214625,38.91870814067253,-16.199750266956016,-12.132048626505531,-4.067701640450483,0.4914518280163817
3299.89990234375,3335.0,3261.10009765625,3266.0,7635550,3420.985009765625,3455.0219970703124,-0.0342992312241277,0.0111280524769986,29.82289392165886,-26.65767933575489,-15.037174768355406,-11.620504567399486,1.51582201322433
3266.0,3272.0,3200.0,3222.699951171875,3924009,3407.3050048828127,3450.3899951171875,-0.0132578226662967,0.0105824388039985,26.46647092479469,-38.00155723821717,-19.63005126232776,-18.371505975889413,-0.4860869223566082
3206.0,3259.39990234375,3206.0,3252.300048828125,2590889,3394.1550048828126,3446.23599609375,0.0091848754475223,0.0107898471510926,20.965309200603315,-44.09488333465379,-24.523017676792968,-19.57186565786082,-0.3397341851152736
3227.0,3244.89990234375,3220.60009765625,3233.10009765625,2540733,3383.2400146484374,3441.99599609375,-0.0059034993338923,0.0102668977891537,19.98849863675844,-49.89797101554814,-29.598008344544,-20.29996267100413,-0.0193586062544555
3224.10009765625,3242.0,3204.10009765625,3209.199951171875,2947640,3372.5000122070314,3437.2019970703127,-0.0073923311256898,0.0102543734075166,18.738196967233563,-55.7824762285004,-34.83490192133528,-20.94757430716512,0.160153388805514
3225.0,3228.800048828125,3187.0,3189.89990234375,3432645,3360.210009765625,3432.193994140625,-0.0060139751719356,0.0101511870389828,13.160048497541396,-61.29675086050975,-40.127271709170174,-21.169479151339573,0.1645401066616005
3190.0,3197.60009765625,3152.0,3158.199951171875,3844346,3348.4400024414062,3422.9499951171874,-0.0099376005963647,0.0100607432052827,13.181467835963003,-67.44728406043305,-45.59127417942275,-21.8560098810103,0.1199369582348306
3159.60009765625,3180.10009765625,3154.60009765625,3159.60009765625,3198036,3336.900012207031,3415.8419970703126,0.0004433368710095,0.0100843219067912,13.747644686876768,-71.38575526321029,-50.75017039618025,-20.635584867030037,-0.1681196229475703
3159.60009765625,3182.0,3157.60009765625,3179.10009765625,1922875,3323.6150146484374,3408.45,0.0061716671089055,0.0092889688726626,19.26813403554418,-72.10238363845474,-55.02061304463515,-17.08177059381959,-0.3987325345931065
3165.10009765625,3173.699951171875,3140.0,3148.0,2934778,3308.925012207031,3399.812001953125,-0.0097826733040516,0.0093463652406951,13.546183310838115,-74.32308450174105,-58.88110733605633,-15.44197716568472,0.5262448157056492
3140.0,3156.89990234375,3125.60009765625,3135.800048828125,2568917,3293.660009765625,3391.302001953125,-0.0038754609821711,0.0092953205207604,13.398830406326285,-76.1891786105989,-62.34272159096485,-13.846457019634052,-0.1246639439167119
3110.0,3118.0,3069.89990234375,3079.300048828125,3374473,3274.525012207031,3382.512001953125,-0.0180177304420652,0.0094006856484485,11.80186913754936,-81.29008791399929,-66.13219485557174,-15.157893058427549,0.3135780564338979
3060.0,3074.0,3041.199951171875,3056.0,4785312,3255.8400146484373,3373.6660009765624,-0.0075666704961058,0.0093740455863199,11.777094422748776,-86.21883741247984,-70.14952336695336,-16.069314045526482,0.4180916546079936
3060.0,3069.0,3047.199951171875,3053.60009765625,2880121,3237.355017089844,3364.222001953125,-0.0007853083585569,0.0094004439721867,11.76064233828967,-89.2892876348651,-73.97747622053572,-15.311811414329384,-0.3981330788880641
3041.699951171875,3059.800048828125,3015.0,3036.800048828125,2968371,3219.155017089844,3355.418002929688,-0.0055017187224416,0.0093979938873453,15.29381493987806,-92.01754412433456,-77.5854898012955,-14.432054323039068,0.0306410737604427
3029.89990234375,3036.800048828125,3000.0,3003.0,2053847,3198.3150146484377,3345.1860009765624,-0.01113015288615,0.0090888177063812,15.74685841614081,-95.8027342248888,-81.22893868601416,-14.573795538874649,-0.3080895211548691
3009.10009765625,3079.39990234375,2991.60009765625,3074.39990234375,2519252,3181.4500122070312,3335.927998046875,0.02377619125666,0.0113129348855497,25.462065286863364,-91.98085124804491,-83.37932119842031,-8.601530049624614,0.2266015920367972
3074.39990234375,3077.5,3042.0,3063.89990234375,1927996,3164.335009765625,3327.2319970703124,-0.0034153006549327,0.0112905827116238,26.08817761388275,-88.77589049697826,-84.4586350581319,-4.31725543884636,-0.2346950602797973
3063.0,3066.800048828125,3026.0,3032.300048828125,1487081,3146.760009765625,3317.9239990234373,-0.0103136050533023,0.0113449981162369,25.53251696490318,-87.77397633716782,-85.1217033139391,-2.65227302322873,-0.2286908271593924
3016.0,3051.60009765625,3010.89990234375,3047.0,2543076,3130.010009765625,3308.9019970703125,0.0048477891155778,0.0115289637454676,29.980394866273286,-84.81608194369437,-85.06057903989014,0.2444970961957722,0.7101126300450344
3048.10009765625,3059.800048828125,3025.0,3036.39990234375,2762140,3118.5300048828126,3300.361997070313,-0.0034788636876436,0.0092632042029846,31.86420025053856,-82.37767011575988,-84.5239972550641,2.146327139304219,0.0861413500815548
3036.39990234375,3049.89990234375,3021.300048828125,3040.800048828125,1884215,3109.435009765625,3292.1819970703127,0.0014491327314885,0.0090369485569222,32.46752778828659,-79.17744779465602,-83.45468736298248,4.277239568326465,-0.3178423251536851
3041.0,3096.39990234375,3026.89990234375,3035.39990234375,3358232,3098.5900024414063,3284.78599609375,-0.0017758966053871,0.0085891784756922,27.8718649715934,-76.19862492308948,-82.00347487500389,5.804849951914406,0.7822976677290012
3036.10009765625,3044.39990234375,3028.60009765625,3036.199951171875,2148166,3088.7449951171875,3277.8919970703123,0.0002635727923385,0.0086056387783234,31.0122294157794,-72.93260738303161,-80.18930137660944,7.256693993577826,-0.3603282917916331
3034.0,3055.89990234375,3019.10009765625,3022.300048828125,3342174,3079.4,3270.91599609375,-0.004578058944499,0.0085546476150548,30.83418396373429,-70.65144502570047,-78.28173010642764,7.630285080727177,0.5558266912333591
3046.5,3049.0,3003.39990234375,3011.199951171875,2945609,3070.4650024414063,3263.45599609375,-0.0036727318522044,0.0085266457426988,36.41802062192999,-68.9445427636092,-76.41429263786395,7.469749874254745,-0.1186548037295485
3011.199951171875,3025.0,3011.10009765625,3016.199951171875,2650784,3063.3650024414064,3255.3419970703126,0.0016604676145979,0.0084124452308989,41.43717217260858,-66.42267298261368,-74.4159687068139,7.993295724200223,-0.1000896588786902
3010.89990234375,3103.39990234375,3010.89990234375,3098.60009765625,4952358,3060.3150024414062,3248.0560009765627,0.0273191923010145,0.0107025350862203,57.2022957317645,-57.11666448327787,-70.9561078621067,13.839443378828832,0.868261616186004
3130.0,3130.0,3083.10009765625,3102.60009765625,3230726,3056.4900024414064,3240.6700048828125,0.0012909055295731,0.0105873388915015,60.981304032145694,-48.85564170478756,-66.53601463064288,17.680372925855323,-0.3476388419415559
3086.0,3095.699951171875,3050.0,3054.0,1593791,3051.790002441406,3233.066005859375,-0.0156643125528691,0.0109159153035882,58.11067694582322,-45.70350182863649,-62.369512070241605,16.666010241605115,-0.5066771369654994
3087.300048828125,3152.0,3077.10009765625,3140.60009765625,3448370,3052.0300048828126,3226.9640087890625,0.028356286069499,0.0127632650948859,60.04248750411098,-35.804769043362285,-57.05656346486575,21.25179442150346,1.1636274768774575
3129.0,3162.0,3120.0,3157.199951171875,5522097,3055.925,3220.182006835937,0.0052855674073286,0.0120615220596275,63.896325095688894,-26.31711522409978,-50.90867381671256,24.591558592612778,0.6013644127515319
3145.0,3146.5,3086.5,3093.699951171875,3116051,3057.8099975585938,3211.7500048828124,-0.0201127584511808,0.0128485181030946,58.35144239326503,-23.64938513522884,-45.45681608041581,21.80743094518697,-0.4357123752081863
3093.0,3115.0,3077.199951171875,3084.699951171875,2271789,3059.364990234375,3204.416005859375,-0.0029091379713765,0.0128701204145679,55.208605284194974,-22.007723269187863,-40.76699751817023,18.759274248982365,-0.2709397246707451
3090.0,3131.10009765625,3090.0,3112.60009765625,1246862,3063.154992675781,3198.1880078125,0.009044687303793,0.0129189849108909,60.04747599481331,-18.24506797630829,-36.26261160979784,18.017543633489552,-0.4511541344728758
3121.10009765625,3155.0,3103.10009765625,3111.5,2185229,3068.5799926757813,3191.7040087890623,-0.0003534336637328,0.012593355942505,59.404074459192735,-15.176954748183109,-32.0454802374749,16.86852548929179,0.7525828840721749
3129.89990234375,3141.89990234375,3088.0,3097.5,1799774,3069.734997558594,3185.7820068359374,-0.0044994375703036,0.011546011572605,58.07542507082927,-13.717014700527216,-28.379787130085365,14.66277242955815,-0.1763911242254244
3116.0,3118.0,3090.800048828125,3095.699951171875,1481391,3071.325,3179.8880078125,-0.0005811295651735,0.0115135866442542,57.71724054945821,-12.560461410726475,-25.21592198621359,12.655460575487115,-0.1769016554300706
3097.10009765625,3103.39990234375,3028.60009765625,3048.300048828125,2802055,3072.125,3171.9580078125,-0.0153115298935243,0.0118127966329441,53.10262168269214,-15.292379545447602,-23.231213498060395,7.938833952612793,0.8915026485242585
3050.0,3064.89990234375,3016.0,3019.0,2626187,3070.725,3163.5020068359377,-0.0096119307019625,0.0119632112464821,50.89204494371983,-19.59582494731012,-22.504135787910343,2.9083108406002225,-0.0627639357542946
3032.10009765625,3060.0,3030.800048828125,3049.39990234375,2489301,3071.375,3155.668002929688,0.0100695271095561,0.0121612852385733,53.5884053871336,-20.31909252593732,-22.06712713551574,1.7480346095784185,-0.0521234778787649
3056.39990234375,3122.699951171875,3053.39990234375,3110.0,2079428,3074.834997558594,3148.628002929688,0.0198727945159549,0.0129278410008593,51.29309151168805,-15.820002724352436,-20.81770225328308,4.997699528930646,-0.1646538526277055
3139.0,3139.0,3110.10009765625,3124.199951171875,2263446,3079.275,3142.518002929688,0.004565900698352,0.0129286626510498,52.39466095598054,-10.982030248153023,-18.85056785225707,7.868537604104045,0.0884945283029756
3144.0,3148.699951171875,3121.0,3133.39990234375,1447167,3084.1349975585936,3136.72,0.0029447382740097,0.0129288307860088,59.64527253466073,-6.332545391288022,-16.34696336006326,10.014417968775238,-0.3606355088656853
3134.0,3134.0,3096.0,3111.89990234375,1732539,3088.614990234375,3130.9419970703125,-0.0068615563509523,0.0129966841888159,45.858557674963926,-4.332720555951255,-13.94411479924086,9.611394243289604,0.1971935512625702
3128.0,3150.0,3109.10009765625,3145.699951171875,2573429,3095.339990234375,3125.459995117188,0.0108615475718445,0.0130957444735154,48.41902751933925,-0.0202303020223553,-11.15933789979716,11.139107597774805,0.4853512677059506
3152.0,3182.39990234375,3142.39990234375,3172.800048828125,2418271,3103.169995117188,3120.6819970703127,0.008614965850813,0.0131708692282302,62.08371934818315,5.520563075223436,-7.823357704793042,13.34392078001648,-0.060292318148276
3185.0,3203.0,3161.39990234375,3176.699951171875,2633138,3107.074987792969,3116.0919970703126,0.001229167386451,0.0118179336614312,64.27683802468985,10.109831428689631,-4.236719878096508,14.34655130678614,0.0888514976195802
3170.0,3180.5,3144.0,3169.199951171875,4901694,3110.40498046875,3111.799995117188,-0.0023609406350239,0.0118464462270145,59.37704512232511,12.991909695038885,-0.7909939634694299,13.782903658508314,0.8615408687277308
3095.0,3106.89990234375,3065.0,3073.800048828125,3634901,3111.394982910156,3105.63599609375,-0.0301022036518945,0.0132771591636564,45.24110513583062,7.491643651850609,0.8655335595945779,6.626110092256031,-0.2584398373297069
3070.0,3080.699951171875,3052.0,3062.39990234375,3177741,3107.484973144531,3101.563994140625,-0.0037088119927388,0.0115479516247444,45.54001300428843,2.1875301531422338,1.1299328783041092,1.0575972748381246,-0.1257695876724015
3050.0,3057.0,3033.0,3035.39990234375,1625714,3101.394970703125,3097.8179931640625,-0.0088166147012139,0.0115618756867163,42.79913352517063,-4.14688959830346,0.0745683829825952,-4.221457981286055,-0.4884057574232765
3022.0,3029.60009765625,2951.0,2957.39990234375,4974361,3094.579968261719,3091.919990234375,-0.0256967788460996,0.0120805865611311,39.88424920924637,-15.284718297034033,-2.9972889530207305,-12.287429344013304,2.059800801370967
2941.0,2954.800048828125,2891.300048828125,2899.10009765625,3934636,3085.2999755859373,3085.239990234375,-0.019713196257732,0.012702292106535,37.46603059747356,-28.487449209320403,-8.095321004280665,-20.39212820503974,-0.2090167963282118
2916.0,2929.300048828125,2894.0,2896.10009765625,3110035,3074.474975585937,3078.9779931640624,-0.0010348038698027,0.0123946220064654,33.00068331234304,-38.74614209832771,-14.225485223090075,-24.520656875237638,-0.2095749136641864
2911.0,2915.300048828125,2885.10009765625,2888.39990234375,2253458,3063.319970703125,3072.9479931640626,-0.0026588153215876,0.0123742806041852,22.160791751727388,-46.95628866480547,-20.771645911433158,-26.18464275337232,-0.2754235884805155
2891.0,2924.800048828125,2866.60009765625,2914.199951171875,1952902,3054.1549682617188,3068.0679931640625,0.0089322980544315,0.0126857480332773,24.36524048680293,-50.79550172444897,-26.77641707403632,-24.01908465041265,-0.1333754611801063
2924.0,2924.0,2891.10009765625,2901.89990234375,2899519,3044.4649658203125,3062.9139892578123,-0.0042207291998542,0.0126758016928673,21.953005761881656,-54.20576654408296,-32.26228696804565,-21.943479576037312,0.4847232477615364
2902.0,2993.60009765625,2895.60009765625,2988.39990234375,2112774,3041.4699584960936,3059.0999853515623,0.0298080577934949,0.0143075548396411,37.07348236280192,-49.3596120119546,-35.68175197682744,-13.677860035127154,-0.271336383724335
2995.0,3004.5,2955.5,2973.699951171875,3062943,3039.2049560546875,3055.613984375,-0.0049190040330098,0.014195101107125,31.247278306411857,-46.1729102695881,-37.77998363537958,-8.392926634208521,0.4497258107114155
2975.0,3043.0,2968.0,3027.199951171875,4121889,3038.0949584960936,3053.441982421875,0.0179910552101656,0.0146145461082449,34.98968065399485,-38.88221334585887,-38.00042957747544,-0.8817837683834284,0.3457282750609463
3034.0,3066.0,3020.0,3061.699951171875,3211304,3035.6799560546874,3053.08998046875,0.0113966703741008,0.0141142121361532,38.84794625498011,-29.974889962927136,-36.39532165456578,6.420431691638648,-0.2209144884784621
3050.0,3070.0,3006.89990234375,3028.300048828125,8817365,3030.8849609375,3052.5359814453127,-0.01090894041755,0.0142347171133848,36.98985204582179,-25.319003283345864,-34.180057980321806,8.861054696975941,1.7457272808802902
3027.0,3035.5,2998.199951171875,3007.199951171875,2866865,3024.5749633789064,3051.607978515625,-0.0069676377228258,0.0142457974660032,42.87242403530004,-23.065891842767087,-31.957224752810863,8.891332910043776,-0.6748614807258178
3021.0,3027.199951171875,2955.5,2960.300048828125,3611416,3016.994970703125,3050.077978515625,-0.0155958709448215,0.01453501242141,39.844851458846,-24.77907717636981,-30.521595237522654,5.742518061152843,0.2597091247756695
2971.0,2979.699951171875,2951.0,2969.800048828125,4282226,3008.1999755859374,3049.4139794921875,0.0032091341564381,0.0142659512561039,43.23991548667868,-25.081098994134663,-29.43349598884506,4.352396994710396,0.1857470864613768
2969.89990234375,2975.0,2943.10009765625,2970.699951171875,3251495,2998.094970703125,3047.33998046875,0.0003030178223968,0.014035854971359,51.62950914017124,-24.960114202920067,-28.53881963166006,3.578705428739994,-0.2406998136016175
2970.0,2988.800048828125,2955.39990234375,2962.199951171875,4374683,2987.369970703125,3045.3059814453127,-0.0028612785335816,0.0139977957023823,58.80544863474101,-25.2589424809953,-27.882844201527117,2.623901720531812,0.3454374064853245
2985.5,3023.0,2978.5,3015.199951171875,3133039,2979.669970703125,3044.963979492188,0.0178921075125373,0.0147869807663347,64.58484438802509,-20.97729577600012,-26.50173451642172,5.524438740421598,-0.2838249079990481
3031.10009765625,3031.800048828125,2996.0,3006.699951171875,310644,2976.3149658203124,3044.157978515625,-0.002819050191579,0.0132765964426325,64.45857873224668,-18.06173444557953,-24.813734502253283,6.752000056673751,-0.9008489840056252
3055.0,3098.0,3036.10009765625,3073.199951171875,5564758,2976.8549682617186,3044.893979492188,0.0221172717863256,0.014223439955878,67.67452968442993,-10.26678771153911,-21.90434514411045,11.637557432571342,16.913618160981702
3080.0,3090.0,3058.300048828125,3063.199951171875,2684318,2978.244970703125,3045.3419775390626,-0.0032539373157892,0.0140901281524209,68.02236165675282,-4.840356079895173,-18.491547331267395,13.651191251372222,-0.5176217905612428
3066.5,3094.199951171875,3060.199951171875,3084.89990234375,1946312,2984.619970703125,3046.3319775390623,0.007084079236673,0.0127158738009635,62.607796429815416,1.197332683165314,-14.553771328380853,15.751104011546166,-0.2749324036868955
3076.0,3090.199951171875,3040.199951171875,3057.89990234375,3470737,2992.5599609375,3046.7659765625,-0.0087523099143304,0.0119344129238418,60.65822825493736,3.760224646438928,-10.890972133416897,14.651196779855823,0.7832377337240894
3057.89990234375,3076.0,3046.10009765625,3057.60009765625,2895420,3000.6349609375,3047.4719775390627,-9.804267538982005e-05,0.0119206609411983,54.44707220157556,5.701420828958817,-7.572493540941753,13.27391436990057,-0.1657621997863854
3049.10009765625,3063.800048828125,3032.800048828125,3035.300048828125,2241536,3007.9799682617186,3047.9539794921875,-0.0072933176726475,0.0120760621384128,45.9951556990904,5.378406298159916,-4.98231357312142,10.360719871281336,-0.2258339031988451
3035.0,3067.39990234375,3025.10009765625,3058.0,1868085,3015.169970703125,3048.78998046875,0.0074786514699392,0.0120399615646872,54.65662950835736,6.874862171807308,-2.6108784241356746,9.485740595942982,-0.1666049530322064
3046.89990234375,3058.0,3010.0,3016.800048828125,2194877,3020.914978027344,3047.153979492188,-0.0134728421098349,0.0124806309201121,51.41594564658469,4.682347310705154,-1.1522332771675088,5.834580587872663,0.1749342240850924
3019.60009765625,3029.300048828125,2976.0,2990.199951171875,2670720,3021.00498046875,3044.9059765625,-0.0088173220716377,0.0108336513112458,54.69092090204183,0.7892598166286007,-0.7639346584082869,1.5531944750368876,0.2167971143713292
2990.10009765625,3024.0,2990.0,3010.89990234375,2542721,3022.864978027344,3044.043974609375,0.0069225976556392,0.010869268117866,56.22914460407217,-0.618596215636444,-0.7348669698539183,0.1162707542174743,-0.0479267763000239
3001.0,3004.0,2960.5,2991.800048828125,1830520,3021.0949829101564,3041.0679736328125,-0.0063435697416434,0.0101686208434023,53.030755721635884,-3.2382028322967926,-1.2355341423424933,-2.0026686899543,-0.2800940409899474
2993.0,3047.89990234375,2992.0,3025.199951171875,1556656,3019.269982910156,3038.4279736328126,0.0111638150272885,0.0101543588637995,58.445051269598366,-2.58931890815893,-1.5062910955057809,-1.0830278126531492,-0.1496099469003343
3045.0,3055.699951171875,3018.0,3047.0,2806868,3020.20498046875,3037.493974609375,0.0072061513883339,0.0099883506885877,54.65185630684331,-0.3123909253722559,-1.2675110614790757,0.9551201361068198,0.8031395504209022
3060.0,3136.39990234375,3057.10009765625,3131.800048828125,4460315,3026.4349853515623,3038.4359765625,0.0278306691263947,0.0115537994912306,64.96056141301555,8.239763280198531,0.6339438068564456,7.605819473342086,0.5890718765542233
3131.800048828125,3131.89990234375,3102.0,3105.699951171875,1740435,3033.70498046875,3038.2979736328125,-0.0083338965608664,0.0110726632546775,54.30235970467817,12.764209488278992,3.0599969431409555,9.704212545138038,-0.6097954965064127
3090.0,3113.10009765625,3077.300048828125,3106.0,2210794,3040.514978027344,3038.1879736328124,9.661230409974132e-05,0.0110834198584396,55.81522788353157,16.18747796821208,5.685493148155181,10.501984820056895,0.2702537009425805
3106.0,3123.5,3086.60009765625,3102.199951171875,2232853,3047.089978027344,3038.28197265625,-0.0012234542266983,0.0111031516322484,52.47073065789685,18.381915440922057,8.224777606708557,10.1571378342135,0.0099778631568567
3102.0,3105.0,3078.0,3087.10009765625,2548350,3053.3349853515624,3038.1099755859377,-0.0048674662347025,0.0111604465030698,54.31700482073479,18.68717682210172,10.31725744978719,8.369919372314529,0.141297702983582
3097.0,3155.0,3083.5,3147.699951171875,3151053,3059.9599853515624,3040.0979736328127,0.0196300254603447,0.0112956117829481,61.304881896517394,23.54755879068716,12.963317717967186,10.584241072719976,0.2365071516863852
3148.0,3164.5,3138.10009765625,3144.800048828125,2700767,3066.864990234375,3042.613974609375,-0.0009212766110919,0.0112590295026706,64.44211459100768,26.85587087209251,15.741828348792252,11.114042523300258,-0.1429001670235314
3144.800048828125,3170.0,3135.199951171875,3150.60009765625,4177037,3070.734997558594,3044.637978515625,0.0018443299217978,0.0102489844539114,62.78301664228854,29.60448541934511,18.514359762902824,11.090125656442286,0.5466113885425881
3158.0,3178.89990234375,3131.0,3141.199951171875,6703764,3074.6349975585936,3045.2619775390626,-0.0029836050888742,0.0102428473002246,68.82565664537086,30.67071606679337,20.94563102368093,9.72508504311244,0.6049089342517195
3145.300048828125,3149.800048828125,3115.0,3119.199951171875,2737920,3076.35,3045.1619775390627,-0.0070036929651016,0.0103088772391259,69.79743359940531,29.40157237386211,22.63681929371717,6.7647530801449385,-0.5915846679566883
3118.800048828125,3178.0,3117.0,3162.89990234375,2508527,3081.6,3045.7519775390624,0.0140099871300194,0.0104767932509689,71.78900302656152,31.5582043617851,24.42109630733076,7.137108054454345,-0.083783675198691
3180.0,3180.0,3125.0,3136.60009765625,2836233,3085.55,3046.2459814453123,-0.0083150923201874,0.010711212119987,70.33709945651242,30.79024552412648,25.694926150689906,5.095319373436574,0.1306368239209703
3140.0,3147.300048828125,3125.0,3137.5,1616690,3090.6599975585937,3046.081982421875,0.0002869037542982,0.0105224550723801,67.35705310345608,29.909469464788344,26.53783481350959,3.371634651278754,-0.4299868875370959
3137.89990234375,3154.0,3122.199951171875,3133.39990234375,1747647,3094.429992675781,3045.293979492188,-0.0013068040338645,0.010452077985403,64.12687336933439,28.551480779454774,26.94056400669863,1.6109167727561484,0.0810031607791228
3131.0,3144.0,3120.39990234375,3135.699951171875,2512003,3100.374987792969,3044.4739794921875,0.0007340425415871,0.0098635797063489,50.87324356355972,27.345636208522137,27.02157844706333,0.3240577614588034,0.4373629228328146
3140.0,3211.89990234375,3139.0,3180.0,3952112,3109.864990234375,3044.68998046875,0.0141276427968082,0.0098759485429584,65.38304843492054,29.623162035721634,27.541895164794997,2.0812668709266404,0.5732911147001019
3194.0,3250.0,3187.39990234375,3229.199951171875,5025905,3120.779992675781,3047.797978515625,0.0154716827584513,0.0102275973953099,71.21213777147435,34.99474490509374,29.032465112854744,5.962279792238995,0.271701055030829
3230.0,3271.60009765625,3222.39990234375,3238.199951171875,5244013,3133.099987792969,3051.313979492188,0.002787068046602,0.009962847001502,73.00408993901432,39.52239820838941,31.13045173196168,8.391946476427727,0.0433967613792938
3243.0,3259.89990234375,3208.60009765625,3236.5,2544725,3143.664990234375,3055.3359814453124,-0.0005249679443851,0.0098635557089028,76.47059841334384,42.48369858662409,33.40110110289416,9.082597483729929,-0.5147370916128545
3230.0,3233.699951171875,3181.199951171875,3208.300048828125,2734893,3151.729992675781,3060.353984375,-0.008713100933686,0.0101798086129279,62.12973279383882,42.07009225287948,35.13489933289122,6.935192919988253,0.0747302753735668
3225.0,3225.0,3178.10009765625,3189.199951171875,1386849,3154.599987792969,3066.1559814453126,-0.0059533389538258,0.0084310207225067,58.34584630521616,39.74295594186424,36.05651065468582,3.6864452871784152,-0.4929055725397666
3205.0,3208.39990234375,3153.10009765625,3191.89990234375,1914362,3158.9099853515627,3072.0719775390626,0.0008465920021361,0.0081444569700241,57.85466337554953,37.68217053877561,36.38164263150378,1.300527907271828,0.3803680141096832
3197.699951171875,3223.0,3185.699951171875,3220.5,1146554,3164.6349853515626,3078.713979492188,0.0089602113259408,0.0083092264394909,64.05531549198992,37.9196579073523,36.68924568667349,1.230412220678815,-0.4010777480957102
3211.10009765625,3238.199951171875,3197.300048828125,3230.199951171875,1562190,3171.0349853515627,3085.0339794921874,0.0030119395037648,0.0082808501573964,70.57080807166773,38.44737593453692,37.040871736246174,1.4065041982907474,0.3625088744184748
3220.0,3220.0,3191.10009765625,3205.10009765625,1734623,3176.9349853515623,3091.097983398437,-0.007770371461531,0.0084326410587043,58.39973020096917,36.42041597812704,36.91678058462235,-0.4963646064953124,0.1103790191974087
3200.5,3236.89990234375,3200.5,3217.800048828125,1376350,3180.439990234375,3095.685986328125,0.0039624195141867,0.0073593734529496,67.087542347019,35.430395980654794,36.61950366382885,-1.1891076831740506,-0.206542286133644
3228.0,3287.800048828125,3221.0,3280.800048828125,2307422,3187.239990234375,3101.82798828125,0.0195785937733898,0.0084113931192194,73.9072526151237,39.27661511675888,37.15092595441485,2.125689162344024,0.6764790932538962
3299.0,3317.89990234375,3278.800048828125,3282.0,3902511,3193.8099853515623,3106.9239892578125,0.0003657495592588,0.0084207369762015,75.03372564761469,41.93816051497561,38.108372866527006,3.829787648448601,0.6912862059909284
3310.0,3328.60009765625,3291.0,3324.89990234375,2632816,3202.994982910156,3112.18798828125,0.0130712682339275,0.0086741980556357,78.03795833396649,46.96770355792341,39.88023900480629,7.0874645531171225,-0.3253533430142797
3319.89990234375,3319.89990234375,3293.5,3310.0,2365420,3212.5349853515627,3117.821987304688,-0.0044813085450322,0.0085402118149728,71.10392956056204,49.18438805066944,41.74106881397893,7.443319236690513,-0.1015627373884084
3304.10009765625,3327.10009765625,3296.10009765625,3319.0,1367708,3220.339990234375,3124.05798828125,0.0027190332326283,0.0081383508927128,66.76628009484853,51.07854954155982,43.60856495949511,7.469984582064718,-0.4217906333758909
3313.10009765625,3320.0,3271.800048828125,3280.0,1176664,3227.5099853515626,3130.4519873046875,-0.0117505272672491,0.0084091155862564,57.01815152973429,48.86937635588629,44.66072723877335,4.208649117112941,-0.1396818619178947
3280.0,3288.0,3242.89990234375,3251.5,2079473,3233.2099853515624,3136.085986328125,-0.0086890243902438,0.0087530772179473,52.31053882487439,44.30812242003549,44.59020627502578,-0.2820838549902902,0.7672615122073931
3250.0,3267.5,3239.5,3246.800048828125,2807593,3238.879992675781,3141.60798828125,-0.0014454716813393,0.0087557408062082,56.39323313635568,39.85462967117019,43.64309095425466,-3.788461283084473,0.3501464072868463
3240.0,3246.0,3198.5,3206.199951171875,3362634,3242.404992675781,3146.48798828125,-0.0125046498231092,0.0093237909145589,52.63484509992674,32.672487907644154,41.44897034493256,-8.776482437288408,0.197692827984683
3215.0,3234.10009765625,3198.199951171875,3227.39990234375,1255735,3244.7749877929687,3150.731987304688,0.0066121737554534,0.0089159014256436,55.20375852453291,28.3642819139468,38.832032658735415,-10.467750744788615,-0.6265620938823553
3234.0,3254.300048828125,3219.5,3250.699951171875,1184324,3245.849987792969,3155.611987304688,0.0072194489474961,0.0083746191564086,54.49672285495134,26.524360521539165,36.37049823129617,-9.846137709757002,-0.0568678901201288
3240.5,3247.0,3191.0,3216.10009765625,2341703,3244.7449951171875,3158.469990234375,-0.0106438164196458,0.0087022719342873,48.04548454236255,22.020452477562685,33.50048908054947,-11.480036602986786,0.9772486245318004
3210.0,3263.199951171875,3205.0,3255.800048828125,2912325,3245.709997558594,3162.3219921875,0.0123441279706457,0.0091495472446941,56.75459772694598,21.40775193855643,31.081941652150867,-9.674189713594435,0.2436782119679565
3242.89990234375,3300.60009765625,3223.199951171875,3295.60009765625,1989442,3250.075,3166.53599609375,0.0122243529182481,0.0092567363034318,59.66701229016113,23.85868558871698,29.63729043946409,-5.778604850747112,-0.3168887400959714
3286.89990234375,3286.89990234375,3182.0,3203.89990234375,4159336,3250.8099975585938,3169.45599609375,-0.0278250371996635,0.0112471358763343,41.08093567450172,18.191923602077168,27.34821707198671,-9.156293469909542,1.0907048308018026
3191.0,3229.699951171875,3191.0,3207.800048828125,1938673,3251.6050048828124,3172.459995117188,0.0012173122142555,0.0112484063740251,41.4476783287231,13.855960242613037,24.649765706111975,-10.79380546349894,-0.5338984395586219
3203.0,3252.0,3174.300048828125,3239.60009765625,2228342,3252.560009765625,3176.54599609375,0.0099133513136961,0.0112889356566401,39.91012949208147,12.837691303480824,22.287350825585747,-9.449659522104923,0.1494161212334417
3245.0,3280.0,3210.5,3268.0,5645341,3254.4500122070312,3180.74599609375,0.0087664839756909,0.0114325994653263,45.185696791136166,14.15912304749736,20.661705269968078,-6.502582222470714,1.5334266463585933
3260.0,3260.0,3183.0,3192.5,3539511,3253.8200073242188,3184.2599951171874,-0.0231028151774785,0.0124915634101006,37.41794799568736,9.010283268051808,18.33142086958482,-9.321137601533014,-0.3730208680042534
3192.5,3192.5,3192.5,3192.5,0,3252.5550048828127,3188.30599609375,0.0,0.0124547349530003,40.56502446143769,4.873610697055028,15.639858835078863,-10.766248138023837,-1.0
3188.0,3220.0,3152.10009765625,3163.60009765625,3387562,3242.9300048828127,3195.657998046875,-0.0134405632494161,0.0119292812602857,41.47192057772935,-2.4544543904366947,9.952194428860738,-12.406648819297432,-0.2109966996392195
3151.60009765625,3160.0,3091.10009765625,3102.300048828125,4499273,3231.800012207031,3197.2,-0.0193766743380552,0.0120111901795509,39.78368708517699,-11.362621512163969,5.689231240655797,-17.051852752819766,0.3281743625651723
3100.0,3138.5,3082.0,3122.60009765625,2015150,3222.430017089844,3198.712001953125,0.0065435478543711,0.0122098049463179,39.67693217836307,-16.593089048456477,1.2327671828333426,-17.82585623128982,-0.5521165308262024
3150.0,3160.0,3122.300048828125,3150.39990234375,2269827,3214.0000122070314,3199.0839990234376,0.0089027745526446,0.0124341789932001,40.20698325340717,-18.28429043032702,-2.67064433979873,-15.613646090528288,0.1263811626926034
3190.300048828125,3194.5,3152.0,3162.5,2068857,3208.1250122070314,3200.22,0.0038408132400105,0.0123137959911309,44.52613490960915,-18.43568782040757,-5.823653035920497,-12.612034784487069,-0.0885397873934885
3175.0,3175.0,3130.0,3158.0,4279874,3203.4500122070312,3201.26,-0.0014229249011857,0.012204994420594,39.23855443436923,-18.70318505969726,-8.399559440675851,-10.30362561902141,1.068714270730167
3176.0,3205.199951171875,3170.60009765625,3200.10009765625,2751234,3201.1150146484374,3203.2180029296874,0.0133312532160385,0.012640716547621,39.544563262705246,-15.34120861009842,-9.787889274560364,-5.553319335538054,-0.3571693933045692
3200.10009765625,3200.10009765625,3125.60009765625,3144.39990234375,2457641,3198.025012207031,3204.3639990234374,-0.017405766573769,0.0129269436987996,42.92845586204175,-16.975673312861545,-11.225446082220602,-5.750227230640943,-0.1067132057832958
3141.0,3141.0,3092.0,3123.89990234375,3022068,3192.850012207032,3203.887998046875,-0.0065195269802418,0.0128590077060411,40.407027542163526,-19.698109495221612,-12.919978764820804,-6.778130730400811,0.2296621028050882
3198.0,3198.0,3134.0,3169.60009765625,2636272,3188.79501953125,3204.3839990234374,0.0146292124399416,0.0132264396201922,42.24291115925624,-17.960992809802974,-13.92818157381724,-4.032811235985735,-0.1276596026297224
3350.0,3350.0,3186.300048828125,3225.300048828125,4366060,3189.255017089844,3205.877998046875,0.0175731794093085,0.013661462525114,45.53814739963581,-11.952019326777643,-13.53294912440932,1.5809297976316756,0.6561492896028938
3120.0,3120.0,2986.0,2999.10009765625,10852595,3176.42001953125,3203.0360009765627,-0.0701329946818628,0.0205330144743614,34.63129034410936,-25.15236932014932,-15.856833163557322,-9.295536156591997,1.4856724369339864
2990.0,3029.699951171875,2972.300048828125,2991.5,3521545,3161.2150146484373,3200.482001953125,-0.0025341260407377,0.0201856007529295,34.217972084863376,-35.81416278246206,-19.84829908733827,-15.965863695123794,-0.6755112486921331
2976.60009765625,2985.0,2916.0,2941.60009765625,4687389,3148.1000244140623,3196.056005859375,-0.0166805623746448,0.0196585342210292,30.28998087172512,-47.73990015178151,-25.42661930022692,-22.313280851554595,0.3310603726489367
2959.10009765625,2977.0,2937.5,2948.199951171875,2380318,3135.12001953125,3192.2880029296875,0.0022436270385235,0.0196744023918215,33.06603272020536,-56.0128980934287,-31.54387505886728,-24.469023034561424,-0.4921868016501297
2949.800048828125,3011.60009765625,2943.5,2984.60009765625,3547763,3122.37001953125,3189.2300048828124,0.0123465664090749,0.0197723838004783,40.36983428729634,-58.9525526233906,-37.02561057177194,-21.92694205161866,0.4904575775169535
2980.0,2998.0,2904.199951171875,2909.800048828125,3363513,3104.460021972656,3184.7580078125,-0.0250620003955853,0.0200764329403196,34.014427617807144,-66.5508322599535,-42.930654909408254,-23.62017735054524,-0.051934134269961
2869.800048828125,2880.0,2740.0,2750.10009765625,10612156,3082.3400268554688,3177.046010742188,-0.0548834794460161,0.0226306584235004,24.902848928016667,-84.48508355290915,-51.24154063810843,-33.24354291480071,2.155081012025225
2585.0,2713.0,2585.0,2692.199951171875,11168735,3057.3250244140627,3167.290009765625,-0.0210538323800358,0.0227683477225312,22.115513501260367,-102.19215726491392,-61.43166396346953,-40.7604933014444,0.0524473066547457
2700.0,2719.800048828125,2671.0,2706.60009765625,2918730,3032.320031738281,3156.8380126953125,0.0053488398876564,0.0227956312149029,23.546674831388017,-113.7519080916354,-71.8957127891027,-41.85619530253271,-0.7386695986609048
2716.0,2760.0,2695.199951171875,2717.39990234375,4209118,3010.0100219726564,3146.42201171875,0.0039901737596375,0.0229171153913215,20.63511583529976,-120.65085200540123,-81.64674063236242,-39.004111373038825,0.4421059844521418
2730.0,2730.0,2657.300048828125,2694.89990234375,2950820,2989.640014648437,3135.590009765625,-0.0082799738016453,0.0227434247639748,21.50374738896201,-126.47594080387488,-90.61258066666493,-35.863360137209966,-0.2989457648847098
2708.0,2748.699951171875,2666.60009765625,2677.89990234375,3238849,2967.4050048828126,3124.9820068359377,-0.0063082120360815,0.0225282664364435,21.599599524902217,-130.95456090747757,-98.68097671482748,-32.273584192650105,0.0976098169322425
2667.0,2702.60009765625,2647.5,2686.199951171875,2293482,2944.1950073242188,3114.9220068359373,0.0030994619406277,0.0223438000855119,17.67851598552916,-132.30897947634776,-105.40657726713152,-26.902402209216238,-0.2918836290299424
2686.0,2704.0,2660.199951171875,2676.300048828125,4699596,2919.885009765625,3104.610009765625,-0.003685467397701,0.022202236267377,10.897435897435884,-132.65207478734146,-110.85567677117352,-21.79639801616794,1.0491096071388395
2641.0,2647.5,2561.300048828125,2573.699951171875,7798833,2890.6700073242187,3091.6740087890626,-0.038336545149777,0.0231352679064479,13.226137729214187,-139.5938002738053,-116.6033014716999,-22.990498802105407,0.6594688139150684
2596.0,2654.199951171875,2595.0,2629.300048828125,3621285,2862.1300048828125,3079.6560107421874,0.0216031778028102,0.0236411488885595,21.08877183341225,-139.00632612368463,-121.08390640209684,-17.922419721587787,-0.5356632203818187
2650.0,2671.0,2635.0,2647.699951171875,3464267,2837.2950073242187,3068.5080078125,0.0069980230487389,0.0238406978565369,25.298363244553823,-135.49413819945948,-123.96595276156935,-11.528185437890116,-0.0433597466092837
2681.60009765625,2688.60009765625,2626.10009765625,2637.39990234375,5083717,2812.970007324219,3056.9000048828125,-0.0038901873392286,0.0238581728464057,24.039436070553577,-132.01998758757236,-125.57675972676996,-6.443227860802395,0.4674726284088379
2592.0,2623.800048828125,2580.300048828125,2613.5,3374385,2785.165002441406,3043.55400390625,-0.0090619182637078,0.0232479490802244,18.341576879082723,-129.700118348273,-126.40143145107058,-3.2986868972024297,-0.3362366551875331
2625.0,2635.0,2580.39990234375,2587.800048828125,3446434,2753.290002441406,3029.6700048828125,-0.0098335378503443,0.0223695051781463,20.01862197392923,-128.4546315067114,-126.81207146219876,-1.642560044512635,0.0213517426138392
2600.0,2609.5,2546.39990234375,2578.800048828125,2960636,2732.275,3014.7480078125,-0.0034778575740717,0.0174807963513941,27.82810934818949,-126.73290100113807,-126.79623736998664,0.0633363688485388,-0.1409567106174092
2572.0,2619.199951171875,2553.60009765625,2557.60009765625,3998643,2710.5800048828123,2999.700009765625,-0.0082208588376244,0.0174441590757595,30.74944080180956,-125.630881456339,-126.56316618725712,0.9322847309180986,0.3506027083369925
2530.0,2560.0,2505.0,2527.39990234375,3653428,2689.8699951171875,2983.8680078125,-0.0118080208630642,0.017345250325007,25.478893923743115,-125.74491726290488,-126.39951640238668,0.6545991394817747,-0.0863330384833054
2541.0,2545.199951171875,2490.10009765625,2513.10009765625,4323710,2668.1150024414064,2968.530009765625,-0.0056579113872083,0.0172031134634888,22.309588130884293,-125.54199620593636,-126.2280123630966,0.6860161571602532,0.1834665963035264
2508.10009765625,2521.0,2460.10009765625,2464.89990234375,2720664,2642.129992675781,2952.7980078125,-0.0191795763954853,0.0166959870902508,20.856570821180966,-127.79736427790203,-126.54188274605772,-1.2554815318443246,-0.3707570581745769
2459.800048828125,2472.89990234375,2436.0,2442.39990234375,2752075,2618.7599853515626,2936.7100048828124,-0.0091281597190238,0.0162836154353518,20.5698647189119,-129.90288212029236,-127.21408262090463,-2.688799499387713,0.0115453433426546
2437.0,2445.89990234375,2397.0,2410.5,2466488,2601.77998046875,2920.796005859375,-0.0130608842201224,0.0121985111693633,17.465189645486106,-132.6168511909509,-128.2946363349139,-4.3222148560370215,-0.1037715178547096
2410.0,2425.0,2366.10009765625,2409.199951171875,3807907,2587.62998046875,2904.432006835937,-0.000539327454107,0.0117648601876563,17.82702543743568,-133.3355846862637,-129.30282600518387,-4.032758681079827,0.5438579064645763
2420.0,2420.0,2360.0,2391.699951171875,2993367,2571.884973144531,2887.2520068359377,-0.0072638221628253,0.011489141400642,22.424242424242426,-133.77521252804718,-130.1973033097565,-3.5779092182906425,-0.2139075350317116
2410.0,2482.89990234375,2410.0,2440.800048828125,3082388,2558.05498046875,2871.746005859375,0.0205293718520971,0.0127768502197583,20.865533230293664,-128.67832954230153,-129.89350855626554,1.2151790139640184,0.0297394205254484
2417.0,2424.0,2350.199951171875,2356.0,2757060,2541.1099853515625,2853.7500048828124,-0.0347427266190194,0.0143746989338461,12.592992872398852,-129.98330170166946,-129.91146718534634,-0.0718345163231219,-0.1055441430475332
2386.0,2407.800048828125,2364.199951171875,2390.60009765625,4206320,2526.7449951171875,2835.6500048828125,0.0146859497692062,0.0151430071941517,20.207666790053292,-126.76430284880462,-129.282034318038,2.5177314692333823,0.5256541388290425
2365.0,2406.800048828125,2348.0,2383.800048828125,3860515,2511.625,2819.2480078125,-0.002844494499432,0.0150221942022616,21.077845194934227,-123.34014179824771,-128.09365581407997,4.753514015832252,-0.0822108161052891
2404.10009765625,2435.39990234375,2379.10009765625,2398.800048828125,3420182,2497.75,2803.0680078125,0.0062924740719649,0.0152614952792618,25.543502984780403,-118.055227678316,-126.08597018692716,8.030742508611183,-0.1140606887941116
2400.89990234375,2421.60009765625,2369.800048828125,2377.39990234375,5843778,2487.9349975585938,2785.82400390625,-0.008921188114378,0.0131919907432488,24.74926338562841,-114.27640092010506,-123.72405633356276,9.447655413457696,0.7086160911904689
2403.89990234375,2422.10009765625,2385.0,2389.800048828125,4979411,2475.959997558594,2768.2600048828126,0.0052158437762828,0.0119793402085678,28.48721362827969,-109.02430102337894,-120.784105271526,11.759804248147065,-0.147912360804945
2375.10009765625,2398.0,2346.199951171875,2358.89990234375,6804756,2461.519995117188,2751.588002929688,-0.0129300133287415,0.0117826858153933,28.436177990514334,-106.1319347153144,-117.85367116028368,11.72173644496928,0.3665784969346777
2429.0,2472.0,2397.89990234375,2408.199951171875,4132661,2450.0599975585938,2735.902001953125,0.0208995933990847,0.0132007452817198,37.67912639483021,-98.72358759062308,-114.02765444635156,15.30406685572848,-0.3926805016961666
2386.0,2469.89990234375,2375.699951171875,2450.699951171875,5378361,2441.919995117188,2720.782001953125,0.0176480362352464,0.0140346223856229,48.30953257033708,-88.40395850329378,-108.90291525774002,20.49895675444624,0.3014280629357211
2474.0,2482.0,2448.199951171875,2473.89990234375,2572417,2436.224987792969,2706.987998046875,0.0094666632529947,0.0142109078171482,53.743754316123,-77.46061814477162,-102.61445583514634,25.15383769037473,-0.5217098666303731
2461.0,2543.89990234375,2448.0,2539.800048828125,4516550,2434.2749877929687,2695.737998046875,0.026638162046064,0.0155915051260158,64.21814218330107,-62.74704215407292,-94.64097309893168,31.893930944858752,0.7557612160081355
2572.0,2580.300048828125,2540.10009765625,2559.199951171875,4769337,2434.35498046875,2684.4699951171874,0.0076383581269325,0.0155892732773877,65.86291795070929,-48.95667511224019,-85.50411350159338,36.54743838935319,0.0559690471709601
2554.0,2605.0,2531.10009765625,2589.0,5628261,2437.4349853515623,2673.2419970703127,0.0116442831340628,0.0155246014853288,70.33598342805865,-35.217133789902164,-75.44671755925513,40.22958376935297,0.1800929563165698
2565.800048828125,2565.800048828125,2501.10009765625,2524.300048828125,10480239,2437.994982910156,2660.477998046875,-0.0249903249022306,0.016549906187908,58.33831495901739,-29.21245069591396,-66.1998641865869,36.987413490672935,0.8620740935788158
2489.89990234375,2504.89990234375,2470.0,2472.60009765625,3739587,2438.379992675781,2646.77,-0.020480905665662,0.0166330895342368,62.46791611931758,-28.299234112386785,-58.61973817174688,30.32050405936009,-0.6431773168531748
2501.89990234375,2559.0,2493.39990234375,2554.89990234375,5261384,2444.004992675781,2633.86599609375,0.0332847211182718,0.0180156712395517,65.94214159484903,-20.696026054924005,-51.0349957483823,30.338969693458296,0.4069425313543982
2572.0,2594.0,2558.0,2576.89990234375,3905403,2452.324987792969,2622.51599609375,0.0086109048655167,0.0176849757060211,68.19978931663206,-12.74825876141449,-43.37764835098874,30.62938958957425,-0.2577232530452064
2570.0,2589.0,2555.89990234375,2581.5,2718206,2460.939990234375,2611.667998046875,0.001785128577197,0.0176647139214228,67.56391377677929,-6.00913689493018,-35.903946059777034,29.89480916484685,-0.3039883464011268
2587.10009765625,2594.0,2561.199951171875,2579.60009765625,2288558,2470.334997558594,2599.867998046875,-0.0007359683686809,0.0175129113489666,70.19578064998161,-0.8122770794375356,-28.88561226370913,28.0733351842716,-0.1580630754254828
2560.0,2614.0,2560.0,2610.5,2719959,2478.819995117188,2587.5719970703126,0.0119785630229369,0.0171878229294687,71.25794774138112,5.733542929688156,-21.96178122502968,27.695324154717834,0.1885034156879572
2580.0,2580.0,2503.60009765625,2538.5,5232045,2487.944995117188,2578.3599951171877,-0.0275809231947902,0.0164057988838401,66.03000638897436,5.053105125673483,-16.558803954889047,21.61190908056253,0.9235749509459515
2529.0,2559.5,2516.300048828125,2521.800048828125,2509050,2494.504992675781,2568.96599609375,-0.0065786689666633,0.0163566064426421,60.76574884037745,3.130223503396337,-12.62099846323197,15.751221966628307,-0.520445638368936
2488.0,2505.0,2388.800048828125,2396.89990234375,5107719,2495.1599853515627,2558.0719921875,-0.049528171966852,0.0201060736630574,45.59015816716756,-8.375524193761066,-11.771903609337793,3.3963794155767246,1.0357182997548873
2396.89990234375,2459.0,2396.89990234375,2447.60009765625,5853425,2497.599987792969,2548.059995117188,0.0211524040961927,0.0206011165570712,47.93727022058824,-13.25009129117734,-12.0675411457057,-1.182550145471641,0.1459958936660377
2444.0,2487.0,2427.39990234375,2444.699951171875,4508363,2500.964990234375,2537.2619921875,-0.0011848939241144,0.0204730931684499,41.72322909867277,-17.14954909228163,-13.083942735020887,-4.065606357260744,-0.2297905926871873
2451.0,2487.89990234375,2447.60009765625,2474.699951171875,2835961,2505.2099853515624,2528.559990234375,0.0122714445940981,0.0205991223250855,42.77901333989827,-17.61608099807745,-13.9903703876322,-3.6257106104452497,-0.3709554887217378
2479.0,2491.0,2438.0,2473.89990234375,3970446,2510.9599853515624,2523.035986328125,-0.0003232912449633,0.0203106777405093,39.65113491785445,-17.844665947619433,-14.761229499629646,-3.0834364479897864,0.4000354729842899
2473.89990234375,2473.89990234375,2473.89990234375,2473.89990234375,0,2514.244982910156,2518.6699853515624,0.0,0.0198510105946023,44.87178149569624,-17.820398703555384,-15.373063340414795,-2.4473353631405885,-1.0
2430.0,2460.39990234375,2412.199951171875,2427.300048828125,3385720,2510.944995117188,2507.361987304688,-0.0016452103482365,0.0197628928791351,34.20794846460416,-23.56485812333858,-17.911185498808297,-5.653672624530284,0.2861928354729866
2441.89990234375,2471.0,2406.5,2435.39990234375,3147628,2505.724987792969,2502.171987304688,0.0033369807410235,0.0187219208799237,31.86362925180711,-24.6623516597042,-19.26141873098748,-5.4009329287167205,-0.0703224129579528
2438.199951171875,2439.699951171875,2398.0,2401.39990234375,5829594,2497.8349853515624,2496.6419873046875,-0.0139607462278698,0.0187639497553629,28.53395737112635,-27.95340953965251,-20.99981689272049,-6.953592646932023,0.8520593920247246
2398.0,2407.0,2375.10009765625,2394.39990234375,3792199,2488.10498046875,2490.805986328125,-0.0029149663882171,0.0184452884763613,28.191220829341944,-30.771720875342,-22.95419768924479,-7.817523186097208,-0.3494917484819697
2371.0,2415.0,2371.0,2392.89990234375,1975188,2481.5349731445312,2485.1379833984374,-0.0006264617696198,0.0177594993866843,22.469636878065657,-32.748782795038096,-24.91311471040345,-7.835668084634644,-0.4791444225368975
2375.0,2375.0,2283.0,2300.300048828125,6347884,2472.919970703125,2479.6699853515624,-0.0386977547305372,0.0191425579191404,21.35643059167397,-41.3114403311456,-28.192779834551885,-13.11866049659372,2.2138125586020165
2306.0,2309.199951171875,2269.0,2272.800048828125,3171843,2458.814978027344,2472.5399853515623,-0.0119549621424429,0.0171445732995264,20.81575914210859,-49.74302170181545,-32.5028282080046,-17.24019349381085,-0.5003306613668429
2265.0,2265.0,2206.39990234375,2246.0,5633313,2442.269982910156,2464.505986328125,-0.0117916438984341,0.0168533288640784,27.03197833428463,-57.91998511296788,-37.58625958899726,-20.33372552397062,0.7760377799279472
2252.0,2304.89990234375,2252.0,2264.0,3410637,2426.394982910156,2457.03798828125,0.0080142475512021,0.0170747075021055,18.965480242589123,-62.23048368167201,-42.51510440753221,-19.7153792741398,-0.3945592939714161
2264.0,2292.89990234375,2252.199951171875,2283.199951171875,3773336,2411.5749755859374,2450.4319873046875,0.0084805438038317,0.0173576310491384,24.12685002659657,-63.36685558723957,-46.68545464347368,-16.681400943765887,0.1063434777726273
2300.0,2377.60009765625,2297.10009765625,2327.10009765625,10394707,2397.40498046875,2445.21798828125,0.0192274647088368,0.0178209507098438,27.36196870354492,-60.0330400605144,-49.35497172688183,-10.678068333632568,1.7547790602268123
2323.89990234375,2342.0,2317.800048828125,2327.39990234375,2537422,2386.849975585937,2440.1899853515624,0.0001288318829955,0.0170819823831279,27.49612599625276,-56.71302307663609,-50.82658199683269,-5.886441079803404,-0.7558928789431005
2331.0,2335.89990234375,2314.0,2327.199951171875,3299087,2377.119970703125,2435.581982421875,-8.591182446715528e-05,0.0170959025349521,27.479245763887064,-53.48151843258847,-51.35756928398385,-2.123949148604624,0.3001727737837854
2331.10009765625,2340.0,2308.10009765625,2317.300048828125,2617262,2373.139978027344,2431.3799853515625,-0.0042539973149985,0.0133096028709852,30.546042665520133,-51.12997260575548,-51.312049948338185,0.1820773425827013,-0.2066708152891997
2325.0,2326.10009765625,2293.0,2308.199951171875,3298364,2366.169970703125,2427.281982421875,-0.0039270260494975,0.0121870073958778,30.023439496288333,-49.430849362373465,-50.93580983114525,1.5049604687717846,0.2602345504576919
2308.199951171875,2327.89990234375,2272.39990234375,2276.199951171875,3587597,2357.744970703125,2423.5079833984373,-0.0138636169642727,0.012422959239262,25.279491944490573,-50.08901947810136,-50.76645176053648,0.6774322824351131,0.0876898365371439
2275.0,2295.60009765625,2260.89990234375,2284.199951171875,2653950,2348.219970703125,2420.343984375,0.0035146297212955,0.0119847950796242,30.202694621891027,-49.39568815021767,-50.49229903847272,1.0966108882550571,-0.2602429983077809
2284.199951171875,2284.199951171875,2284.199951171875,2284.199951171875,0,2338.734973144531,2417.8179833984377,0.0,0.01199012985774,30.934248396822625,-48.28956601982145,-50.05175243474248,1.7621864149210251,-1.0
2284.0,2335.0,2280.0,2297.39990234375,7505095,2321.2899658203123,2412.9259814453126,0.0170436945701109,0.0125712359338495,49.43947680097392,-45.73360031367656,-49.00238165069433,3.2687813370177707,-0.5404551132890861
2320.0,2457.39990234375,2316.199951171875,2446.89990234375,11306127,2322.2699584960938,2413.047978515625,0.0650735641833553,0.0197074339061875,72.86575726890807,-30.81284535333043,-45.36447439122156,14.551629037891123,0.5064602113630807
2393.0,2393.0,2224.800048828125,2241.699951171875,15660062,2312.5849609375,2410.7619775390626,-0.0838611955378008,0.0272632359683057,49.615448939837286,-35.14087850804299,-43.31975521458584,8.178876706542852,0.3850951789237817
2241.699951171875,2253.10009765625,2216.60009765625,2241.0,4867263,2304.5649658203124,2407.7699755859376,-0.0003122412397381,0.027165541969534,47.87744478670808,-38.18715838361595,-42.29323584839186,4.106077464775908,-0.6891926098376877
2262.89990234375,2271.800048828125,2192.0,2198.89990234375,5019717,2294.7899658203123,2404.07197265625,-0.0187862997127398,0.0273909160658052,42.53585477976542,-43.49707595234349,-42.534003869182186,-0.9630720831613075,0.0313223263259043
2170.0,2177.0,2143.300048828125,2151.39990234375,6536734,2282.7149658203125,2399.1239697265623,-0.0216017109052444,0.0276597135473464,34.54159284736029,-50.9507483956213,-44.21735277447001,-6.733395621151296,0.3022116585456909
2174.0,2174.0,2132.800048828125,2151.0,4148655,2275.249963378906,2394.5959716796874,-0.0001858800603803,0.026501957435422,34.48276454513983,-56.2417859852053,-46.62223941661707,-9.619546568588229,-0.3653321368132771
2151.300048828125,2180.800048828125,2144.800048828125,2153.89990234375,2848650,2269.3049560546874,2389.87796875,0.0013481647344257,0.0264325131146866,34.82751766076372,-59.51492253098786,-49.20077603949123,-10.31414649149663,-0.3133557743413226
2127.0,2154.60009765625,2110.0,2135.60009765625,3079815,2263.7849609375,2385.41197265625,-0.0084961258726959,0.0263807508213164,34.322689584017056,-62.86092649456714,-51.93280613050642,-10.928120364060716,0.0811489652993522
2150.0,2168.0,2138.0,2161.39990234375,2124656,2258.654956054688,2380.4759716796875,0.0120808220208523,0.0264789543938767,37.688679882704285,-62.70797165911426,-54.08783923622799,-8.620132422886272,-0.3101351866914084
2192.0,2192.0,2159.300048828125,2162.0,3337083,2252.5949584960936,2374.70197265625,0.00027764304773,0.0263717493709537,39.89022308539871,-61.825643451818,-55.63540007934599,-6.190243372472004,0.5706462599121929
2167.0,2209.0,2160.60009765625,2199.0,3079898,2246.189953613281,2369.203974609375,0.0171137835337651,0.0262846593144114,42.82586609752558,-57.47822797941399,-56.0039656593596,-1.4742623200543932,-0.0770688053009169
2209.0,2231.0,2200.699951171875,2223.0,2865010,2240.9699584960936,2362.8679736328127,0.0109140518417463,0.0264513970031477,45.04694118609434,-51.50258078047136,-55.10368868358195,3.601107903110588,-0.0697711417715781
2209.0,2214.0,2182.0,2203.300048828125,3735188,2234.7749633789062,2355.7499755859376,-0.008861876370614,0.0264915343864606,45.45900830645139,-47.80538798839598,-53.64402854454476,5.838640556148782,0.303725990485199
2105.0,2138.0,2059.89990234375,2125.0,13286502,2225.1599609375,2346.4699755859374,-0.0355376240606769,0.027511143076681,36.77913869219911,-50.610093963932286,-53.037241628422265,2.427147664489979,2.557117339207558
2132.199951171875,2157.0,2121.0,2127.800048828125,4566101,2216.1399658203127,2338.5399755859376,0.0013176700367647,0.0275364299719409,18.424685233223823,-52.00739424948597,-52.83127215263501,0.8238779031490395,-0.656335354482316
2111.0,2114.0,2055.0,2059.60009765625,6392736,2205.309973144532,2330.2799755859373,-0.0320518608923972,0.02818269080363,25.278296117808097,-57.94992027325134,-53.85500177675828,-4.094918496493058,0.4000426184177703
2061.0,2120.699951171875,2061.0,2109.0,4747277,2196.5499755859373,2321.3619775390625,0.0239851912999835,0.0288567321338705,34.172643337646306,-58.00461460321594,-54.68492434204981,-3.31969026116613,-0.2573951122023497
2133.60009765625,2148.5,2088.0,2094.699951171875,4738903,2187.0749755859374,2311.717978515625,-0.0067804878274656,0.0288522786589618,36.61355408895338,-58.52718967305873,-55.4533774082516,-3.073812264807131,-0.0017639585808875
2094.699951171875,2094.699951171875,2094.699951171875,2094.699951171875,0,2178.864978027344,2301.9819775390624,0.0,0.0288139628653755,41.703242566988735,-58.26963806483809,-56.0166295395689,-2.253008525269188,-1.0
2090.0,2104.300048828125,2018.800048828125,2031.5,6848411,2148.119982910156,2280.7679736328123,-0.0316506532411621,0.0239167222518155,34.99999401615398,-60.91578750104782,-57.17756750908954,-3.7382199919582746,1.0068780091839633
2039.9000244140625,2052.0,1976.800048828125,1982.5999755859373,4658295,2135.1649841308595,2269.649973144531,-0.0240708956013107,0.0167170680055057,32.558114939316866,-67.07399088321608,-59.15685218391485,-7.917138699301233,-0.3197991475686842
2008.0,2076.89990234375,2002.5,2068.10009765625,6040621,2126.519989013672,2260.5759741210936,0.0431252512474404,0.019993880297911,40.63819029248368,-64.31389558006731,-60.18826086314535,-4.125634716921965,0.2967450537160054
2100.0,2116.60009765625,2085.0,2093.5,4028819,2121.2499938964843,2254.5079760742187,0.0122817567546829,0.0199765091316871,43.45249290937205,-59.39230282704375,-60.02906925592503,0.6367664288812804,-0.3330455593886787
2090.0,2093.0,2050.60009765625,2057.60009765625,2567386,2116.560003662109,2246.7079760742185,-0.0171482695695008,0.0197733919657424,36.455941716777104,-57.72332860264351,-59.567921125268725,1.84459252262522,-0.3627447646568387
2050.0,2122.699951171875,2049.0,2096.10009765625,4769048,2113.815008544922,2239.7359790039063,0.0187111188631134,0.020310863072022,38.17334947893133,-52.68668693278369,-58.19167428677172,5.504987353988035,0.8575500528553166
2094.0,2109.699951171875,2048.800048828125,2057.5,3666985,2108.995013427734,2231.391979980469,-0.0184151976804021,0.0206634098630824,36.87431810729003,-51.21939213914402,-56.79721785724618,5.5778257181021615,-0.2310865816406125
2057.5,2065.0,2016.0,2049.5,3791498,2104.690008544922,2222.903981933594,-0.0038882138517618,0.0206137804308336,42.21809701107567,-50.12428206276945,-55.46263069835084,5.338348635581383,0.0339551429853135
2105.199951171875,2133.300048828125,2064.60009765625,2069.0,6714551,2100.0700134277345,2214.805983886719,0.0095145157355451,0.0205302960298538,44.14108492282663,-47.13951739253025,-53.798008037186726,6.658490644656474,0.7709493714621503
2075.0,2204.89990234375,2065.10009765625,2181.5,12382622,2101.0450134277344,2209.809982910156,0.0543740937651038,0.0240973146436638,61.16095358376269,-35.2894651022566,-50.0962994502007,14.806834347944104,0.8441474344300908
2182.89990234375,2228.0,2179.0,2200.60009765625,9546290,2101.1250183105467,2205.2759838867187,0.0087554882678202,0.0238694926544937,58.879419250188256,-24.079422439552214,-44.89292404807101,20.81350160851879,-0.2290574645660669
2174.10009765625,2202.89990234375,2145.39990234375,2189.199951171875,5426489,2099.4350158691404,2200.3519848632814,-0.0051804716797553,0.0237640710484849,59.21231945903516,-15.93162950382748,-39.10066513922231,23.169035635394827,-0.4315604281872853
2206.0,2231.39990234375,2187.800048828125,2201.0,5197595,2099.3200134277345,2196.3439868164064,0.0053901192633447,0.0237137498577955,60.12959874779681,-8.425159582097876,-32.96556402779743,24.54040444569955,-0.0421808650123496
2224.800048828125,2275.0,2215.10009765625,2269.0,5615138,2106.5200134277343,2193.8359887695315,0.0308950477055882,0.0230869274326967,64.51230083082324,2.976492460079044,-25.77715273022213,28.753645190301174,0.0803338851911317
2280.10009765625,2283.39990234375,2245.10009765625,2251.10009765625,2202693,2112.6850158691404,2190.9999926757814,-0.0078888948187527,0.0232248295191606,70.295748480214,10.447578147068723,-18.532206554763963,28.97978470183269,-0.6077223747662124
2245.10009765625,2259.89990234375,2218.5,2221.10009765625,2382160,2120.7600158691407,2189.415993652344,-0.0133268174219506,0.0220836696962184,72.84045409856573,13.788769746310209,-12.068011294549128,25.85678104085934,0.0814761748459727
2216.0,2226.800048828125,2201.0,2208.300048828125,1599665,2125.725018310547,2188.125993652344,-0.0057629320000623,0.021665356747787,65.5985653619218,15.228288958899157,-6.608751243859473,21.83704020275863,-0.3284812942875373
2204.0,2250.0,2193.60009765625,2242.89990234375,2503539,2133.1350158691407,2188.0639916992186,0.0156680943488571,0.0217393685048008,66.28869063779995,18.942677922043917,-1.4984654106787958,20.44114333272271,0.565039555156861
2205.10009765625,2264.300048828125,2205.10009765625,2254.300048828125,3211699,2141.115020751953,2187.8699926757813,0.0050827709575724,0.0217242123821624,72.65604656721455,22.54635414637187,3.310498500731337,19.23585564564053,0.2828635783185322
2286.0,2315.0,2272.39990234375,2295.60009765625,4007292,2151.000030517578,2188.117995605469,0.0183205642255095,0.0219510483773615,72.8312910998556,28.40739948053761,8.329878696692592,20.077520783845014,0.2477171739942005
2325.0,2417.39990234375,2323.0,2398.0,8248513,2169.325030517578,2189.535993652344,0.0446070299649741,0.0219203868475871,84.00238338108548,40.84430869591779,14.832764696537634,26.011543999380155,1.0583758308603417
2440.0,2475.5,2415.10009765625,2446.60009765625,7169419,2192.525036621094,2191.919997558594,0.0202669297982693,0.020652818742674,86.68020346694834,53.99979454725917,22.666170666681943,31.33362388057723,-0.1308228525553636
2440.0,2495.0,2423.0,2431.800048828125,4901582,2210.710034179688,2194.011999511719,-0.006049230866255,0.0194926014089402,83.80542468657796,62.51078618185284,30.63509376971612,31.875692412136715,-0.3163208901586027
2385.0,2391.0,2326.10009765625,2365.60009765625,4343683,2224.3150390625,2194.9780004882814,-0.0272226128146417,0.0210113506671106,68.77421860606393,63.185660603428914,37.14520713645868,26.040453466970234,-0.1138201911138077
2383.89990234375,2473.699951171875,2383.0,2473.699951171875,3036839,2245.1200317382813,2198.2880004882813,0.0456965882030213,0.0219909520447047,73.57153724292644,71.61769399931882,44.03970450903071,27.57798949028811,-0.3008608132775803
2463.10009765625,2467.39990234375,2435.10009765625,2460.0,2792792,2263.3150268554687,2201.964001464844,-0.0055382428921442,0.0221231527098317,73.28061528826106,76.31495831572875,50.49475527037031,25.820203045358436,-0.0803621792264918
2460.0,2460.89990234375,2408.0,2413.0,3014409,2281.0900268554688,2204.540002441406,-0.0191056910569106,0.0221674746057315,67.18547885301368,75.37617727228098,55.47103967075245,19.90513760152853,0.0793532063970392
2417.0,2434.5,2368.5,2373.0,2729141,2297.265026855469,2206.3160034179687,-0.0165768752590136,0.0227075594256021,58.83152466866026,70.59079409268816,58.4949905551396,12.095803537548562,-0.0946348023775141
2375.0,2457.699951171875,2375.0,2452.699951171875,4547979,2316.4500244140627,2210.192004394531,0.0335861572574274,0.0234407073824327,65.4933829470024,72.39493962560437,61.27498036923255,11.119959256371814,0.6664507257045349
